track_id,site_id,start,true_class,category,flight_pattern,authorized,autonomous_no_rf,enters_alert_zone,zone_entry,operator_lat,operator_lon
YEG-00669,YEG,2025-09-16T03:18:48Z,aircraft,manned,,False,False,False,,,
YEG-00305,YEG,2025-09-16T02:38:44Z,aircraft,manned,,False,False,False,,,
YEG-00611,YEG,2025-09-15T17:00:10Z,aircraft,manned,,False,False,False,,,
YEG-00266,YEG,2025-09-15T13:55:36Z,aircraft,manned,,False,False,False,,,
YEG-00526,YEG,2025-09-15T17:56:20Z,aircraft,manned,,False,False,False,,,
YEG-00715,YEG,2025-09-15T12:31:16Z,aircraft,manned,,False,False,False,,,
YEG-00390,YEG,2025-09-15T20:18:50Z,aircraft,manned,,False,False,False,,,
YEG-00277,YEG,2025-09-15T17:57:56Z,aircraft,manned,,False,False,False,,,
YEG-00141,YEG,2025-09-16T03:10:06Z,aircraft,manned,,False,False,False,,,
YEG-00387,YEG,2025-09-15T15:20:50Z,aircraft,manned,,False,False,False,,,
YEG-00030,YEG,2025-09-15T14:09:18Z,aircraft,manned,,False,False,False,,,
YEG-00485,YEG,2025-09-15T18:48:02Z,aircraft,manned,,False,False,False,,,
YEG-00488,YEG,2025-09-16T05:01:28Z,aircraft,manned,,False,False,False,,,
YEG-00324,YEG,2025-09-15T13:26:28Z,aircraft,manned,,False,False,False,,,
YEG-00177,YEG,2025-09-15T12:13:04Z,aircraft,manned,,False,False,False,,,
YEG-00491,YEG,2025-09-16T01:44:24Z,aircraft,manned,,False,False,False,,,
YEG-00459,YEG,2025-09-15T20:51:34Z,aircraft,manned,,False,False,False,,,
YEG-00732,YEG,2025-09-15T23:12:10Z,aircraft,manned,,False,False,False,,,
YEG-00436,YEG,2025-09-15T19:54:44Z,aircraft,manned,,False,False,False,,,
YEG-00704,YEG,2025-09-15T15:30:16Z,aircraft,manned,,False,False,False,,,
YEG-00207,YEG,2025-09-15T22:26:16Z,aircraft,manned,,False,False,False,,,
YEG-00121,YEG,2025-09-15T15:08:26Z,aircraft,manned,,False,False,False,,,
YEG-00631,YEG,2025-09-15T19:28:54Z,aircraft,manned,,False,False,False,,,
YEG-00365,YEG,2025-09-15T13:40:30Z,aircraft,manned,,False,False,False,,,
YEG-00153,YEG,2025-09-16T02:55:54Z,aircraft,manned,,False,False,False,,,
YEG-00203,YEG,2025-09-16T02:56:22Z,aircraft,manned,,False,False,False,,,
YEG-00179,YEG,2025-09-15T15:27:34Z,aircraft,manned,,False,False,False,,,
YEG-00045,YEG,2025-09-15T20:04:32Z,aircraft,manned,,False,False,False,,,
YEG-00254,YEG,2025-09-16T02:50:26Z,helicopter,manned,,False,False,False,,,
YEG-00026,YEG,2025-09-16T02:38:06Z,helicopter,manned,,False,False,False,,,
YEG-00037,YEG,2025-09-16T00:22:14Z,bird,bird,,False,False,False,,,
YEG-00205,YEG,2025-09-16T01:37:32Z,bird,bird,,False,False,False,,,
YEG-00185,YEG,2025-09-15T20:34:22Z,bird,bird,,False,False,False,,,
YEG-00449,YEG,2025-09-15T14:00:08Z,bird,bird,,False,False,False,,,
YEG-00622,YEG,2025-09-16T01:19:10Z,bird,bird,,False,False,False,,,
YEG-00113,YEG,2025-09-16T01:19:36Z,bird,bird,,False,False,False,,,
YEG-00084,YEG,2025-09-15T22:16:48Z,bird,bird,,False,False,False,,,
YEG-00115,YEG,2025-09-16T01:10:32Z,bird,bird,,False,False,False,,,
YEG-00464,YEG,2025-09-16T01:11:20Z,bird,bird,,False,False,False,,,
YEG-00541,YEG,2025-09-16T01:12:10Z,bird,bird,,False,False,False,,,
YEG-00683,YEG,2025-09-16T01:13:00Z,bird,bird,,False,False,False,,,
YEG-00606,YEG,2025-09-15T15:37:54Z,bird,bird,,False,False,False,,,
YEG-00594,YEG,2025-09-15T13:41:40Z,bird,bird,,False,False,False,,,
YEG-00217,YEG,2025-09-15T14:34:20Z,bird,bird,,False,False,False,,,
YEG-00042,YEG,2025-09-16T02:42:58Z,bird,bird,,False,False,False,,,
YEG-00553,YEG,2025-09-15T12:40:58Z,bird,bird,,False,False,False,,,
YEG-00271,YEG,2025-09-15T13:08:00Z,bird,bird,,False,False,False,,,
YEG-00292,YEG,2025-09-15T18:43:56Z,bird,bird,,False,False,False,,,
YEG-00599,YEG,2025-09-15T13:33:40Z,bird,bird,,False,False,False,,,
YEG-00311,YEG,2025-09-15T12:04:14Z,bird,bird,,False,False,False,,,
YEG-00411,YEG,2025-09-16T02:33:10Z,bird,bird,,False,False,False,,,
YEG-00312,YEG,2025-09-15T12:31:46Z,bird,bird,,False,False,False,,,
YEG-00586,YEG,2025-09-15T12:15:50Z,bird,bird,,False,False,False,,,
YEG-00592,YEG,2025-09-16T02:52:04Z,bird,bird,,False,False,False,,,
YEG-00463,YEG,2025-09-15T13:14:24Z,bird,bird,,False,False,False,,,
YEG-00441,YEG,2025-09-15T23:56:42Z,bird,bird,,False,False,False,,,
YEG-00507,YEG,2025-09-15T18:04:54Z,bird,bird,,False,False,False,,,
YEG-00556,YEG,2025-09-16T02:33:26Z,bird,bird,,False,False,False,,,
YEG-00679,YEG,2025-09-16T02:00:24Z,bird,bird,,False,False,False,,,
YEG-00380,YEG,2025-09-15T14:53:22Z,bird,bird,,False,False,False,,,
YEG-00321,YEG,2025-09-15T23:37:44Z,bird,bird,,False,False,False,,,
YEG-00181,YEG,2025-09-15T13:07:14Z,bird,bird,,False,False,False,,,
YEG-00389,YEG,2025-09-15T13:08:10Z,bird,bird,,False,False,False,,,
YEG-00082,YEG,2025-09-15T13:26:52Z,bird,bird,,False,False,False,,,
YEG-00379,YEG,2025-09-15T16:23:22Z,bird,bird,,False,False,False,,,
YEG-00235,YEG,2025-09-15T16:19:26Z,bird,bird,,False,False,False,,,
YEG-00333,YEG,2025-09-15T23:33:06Z,bird,bird,,False,False,False,,,
YEG-00478,YEG,2025-09-16T00:21:30Z,bird,bird,,False,False,False,,,
YEG-00295,YEG,2025-09-16T00:53:44Z,bird,bird,,False,False,False,,,
YEG-00721,YEG,2025-09-16T00:49:50Z,bird,bird,,False,False,False,,,
YEG-00481,YEG,2025-09-15T19:39:46Z,bird,bird,,False,False,False,,,
YEG-00105,YEG,2025-09-15T14:21:38Z,bird,bird,,False,False,False,,,
YEG-00079,YEG,2025-09-15T23:57:34Z,ground_vehicle,other,,False,False,False,,,
YEG-00542,YEG,2025-09-15T13:13:44Z,ground_vehicle,other,,False,False,False,,,
YEG-00577,YEG,2025-09-15T13:14:42Z,ground_vehicle,other,,False,False,False,,,
YEG-00722,YEG,2025-09-16T01:38:02Z,ground_vehicle,other,,False,False,False,,,
YEG-00630,YEG,2025-09-16T01:38:32Z,ground_vehicle,other,,False,False,False,,,
YEG-00632,YEG,2025-09-16T02:03:56Z,ground_vehicle,other,,False,False,False,,,
YEG-00366,YEG,2025-09-15T16:13:22Z,ground_vehicle,other,,False,False,False,,,
YEG-00546,YEG,2025-09-15T16:13:44Z,ground_vehicle,other,,False,False,False,,,
YEG-00397,YEG,2025-09-15T12:10:16Z,ground_vehicle,other,,False,False,False,,,
YEG-00745,YEG,2025-09-15T22:46:04Z,ground_vehicle,other,,False,False,False,,,
YEG-00252,YEG,2025-09-15T22:47:06Z,ground_vehicle,other,,False,False,False,,,
YEG-00161,YEG,2025-09-15T18:38:38Z,ground_vehicle,other,,False,False,False,,,
YEG-00455,YEG,2025-09-15T17:53:24Z,ground_vehicle,other,,False,False,False,,,
YEG-00065,YEG,2025-09-15T16:18:12Z,ground_vehicle,other,,False,False,False,,,
YEG-00602,YEG,2025-09-15T16:19:44Z,ground_vehicle,other,,False,False,False,,,
YEG-00138,YEG,2025-09-15T17:09:06Z,ground_vehicle,other,,False,False,False,,,
YEG-00462,YEG,2025-09-15T17:10:08Z,ground_vehicle,other,,False,False,False,,,
YEG-00408,YEG,2025-09-15T18:14:00Z,ground_vehicle,other,,False,False,False,,,
YEG-00015,YEG,2025-09-15T18:14:52Z,ground_vehicle,other,,False,False,False,,,
YEG-00623,YEG,2025-09-15T18:15:26Z,ground_vehicle,other,,False,False,False,,,
YEG-00081,YEG,2025-09-15T16:36:26Z,ground_vehicle,other,,False,False,False,,,
YEG-00016,YEG,2025-09-15T16:37:08Z,ground_vehicle,other,,False,False,False,,,
YEG-00358,YEG,2025-09-15T16:37:44Z,ground_vehicle,other,,False,False,False,,,
YEG-00661,YEG,2025-09-15T14:16:32Z,ground_vehicle,other,,False,False,False,,,
YEG-00151,YEG,2025-09-15T14:17:22Z,ground_vehicle,other,,False,False,False,,,
YEG-00003,YEG,2025-09-15T12:28:00Z,ground_vehicle,other,,False,False,False,,,
YEG-00156,YEG,2025-09-15T12:28:50Z,ground_vehicle,other,,False,False,False,,,
YEG-00350,YEG,2025-09-15T20:02:38Z,ground_vehicle,other,,False,False,False,,,
YEG-00300,YEG,2025-09-15T20:03:10Z,ground_vehicle,other,,False,False,False,,,
YEG-00210,YEG,2025-09-15T20:03:36Z,ground_vehicle,other,,False,False,False,,,
YEG-00629,YEG,2025-09-16T01:06:44Z,ground_vehicle,other,,False,False,False,,,
YEG-00077,YEG,2025-09-16T01:07:54Z,ground_vehicle,other,,False,False,False,,,
YEG-00588,YEG,2025-09-15T18:57:22Z,drone_multirotor,drone,transit,False,False,False,,53.304005,-113.640054
YEG-00738,YEG,2025-09-15T18:58:28Z,drone_multirotor,drone,transit,False,False,False,,53.304005,-113.640054
YEG-00748,YEG,2025-09-15T19:00:04Z,drone_multirotor,drone,transit,False,False,False,,53.304005,-113.640054
YEG-00119,YEG,2025-09-16T01:36:16Z,drone_multirotor,drone,incursion,False,False,True,2025-09-16T01:36:16Z,53.337278,-113.538575
YEG-00124,YEG,2025-09-16T01:47:06Z,drone_multirotor,drone,incursion,False,False,False,,53.337278,-113.538575
YEG-00310,YEG,2025-09-15T19:33:04Z,drone_multirotor,drone,transit,False,True,False,,53.277431,-113.636935
YEG-00691,YEG,2025-09-15T19:33:48Z,drone_multirotor,drone,transit,False,True,False,,53.277431,-113.636935
YEG-00567,YEG,2025-09-15T19:35:28Z,drone_multirotor,drone,transit,False,True,False,,53.277431,-113.636935
YEG-00456,YEG,2025-09-15T19:37:10Z,drone_multirotor,drone,transit,False,True,False,,53.277431,-113.636935
YEG-00272,YEG,2025-09-15T19:38:06Z,drone_multirotor,drone,transit,False,True,False,,53.277431,-113.636935
YEG-00099,YEG,2025-09-15T19:39:24Z,drone_multirotor,drone,transit,False,True,False,,53.277431,-113.636935
YEG-00670,YEG,2025-09-15T17:30:56Z,drone_multirotor,drone,loiter,False,True,False,,53.27419,-113.629573
YEG-00313,YEG,2025-09-15T17:31:36Z,drone_multirotor,drone,loiter,False,True,False,,53.27419,-113.629573
YEG-00671,YEG,2025-09-15T17:32:28Z,drone_multirotor,drone,loiter,False,True,False,,53.27419,-113.629573
YEG-00682,YEG,2025-09-15T17:33:54Z,drone_multirotor,drone,loiter,False,True,False,,53.27419,-113.629573
YEG-00013,YEG,2025-09-15T17:51:58Z,drone_multirotor,drone,loiter,False,True,False,,53.27419,-113.629573
YEG-00613,YEG,2025-09-15T21:59:28Z,drone_multirotor,drone,incursion,False,False,True,2025-09-15T21:59:39Z,53.345971,-113.571435
YEG-00700,YEG,2025-09-17T05:22:30Z,aircraft,manned,,False,False,False,,,
YEG-00427,YEG,2025-09-16T20:20:14Z,aircraft,manned,,False,False,False,,,
YEG-00298,YEG,2025-09-16T16:42:32Z,aircraft,manned,,False,False,False,,,
YEG-00219,YEG,2025-09-16T16:38:50Z,aircraft,manned,,False,False,False,,,
YEG-00737,YEG,2025-09-17T00:44:40Z,aircraft,manned,,False,False,False,,,
YEG-00708,YEG,2025-09-16T17:53:22Z,aircraft,manned,,False,False,False,,,
YEG-00275,YEG,2025-09-17T03:35:42Z,aircraft,manned,,False,False,False,,,
YEG-00421,YEG,2025-09-16T13:21:52Z,aircraft,manned,,False,False,False,,,
YEG-00530,YEG,2025-09-16T21:07:48Z,aircraft,manned,,False,False,False,,,
YEG-00598,YEG,2025-09-17T04:30:38Z,aircraft,manned,,False,False,False,,,
YEG-00233,YEG,2025-09-17T01:12:34Z,aircraft,manned,,False,False,False,,,
YEG-00640,YEG,2025-09-16T23:46:00Z,aircraft,manned,,False,False,False,,,
YEG-00127,YEG,2025-09-17T05:08:54Z,aircraft,manned,,False,False,False,,,
YEG-00287,YEG,2025-09-16T23:17:00Z,aircraft,manned,,False,False,False,,,
YEG-00749,YEG,2025-09-17T02:34:14Z,aircraft,manned,,False,False,False,,,
YEG-00226,YEG,2025-09-16T19:33:24Z,aircraft,manned,,False,False,False,,,
YEG-00486,YEG,2025-09-17T02:20:12Z,aircraft,manned,,False,False,False,,,
YEG-00087,YEG,2025-09-16T21:27:04Z,aircraft,manned,,False,False,False,,,
YEG-00066,YEG,2025-09-16T16:57:06Z,aircraft,manned,,False,False,False,,,
YEG-00500,YEG,2025-09-16T16:12:04Z,aircraft,manned,,False,False,False,,,
YEG-00569,YEG,2025-09-16T14:10:40Z,aircraft,manned,,False,False,False,,,
YEG-00230,YEG,2025-09-16T22:42:36Z,aircraft,manned,,False,False,False,,,
YEG-00439,YEG,2025-09-17T01:42:44Z,aircraft,manned,,False,False,False,,,
YEG-00445,YEG,2025-09-17T03:39:36Z,aircraft,manned,,False,False,False,,,
YEG-00470,YEG,2025-09-17T05:37:54Z,aircraft,manned,,False,False,False,,,
YEG-00212,YEG,2025-09-16T16:47:34Z,aircraft,manned,,False,False,False,,,
YEG-00434,YEG,2025-09-16T20:33:14Z,aircraft,manned,,False,False,False,,,
YEG-00198,YEG,2025-09-16T21:41:10Z,aircraft,manned,,False,False,False,,,
YEG-00483,YEG,2025-09-16T11:26:06Z,aircraft,manned,,False,False,False,,,
YEG-00549,YEG,2025-09-16T15:29:26Z,aircraft,manned,,False,False,False,,,
YEG-00381,YEG,2025-09-17T00:22:46Z,aircraft,manned,,False,False,False,,,
YEG-00709,YEG,2025-09-17T04:31:36Z,aircraft,manned,,False,False,False,,,
YEG-00510,YEG,2025-09-16T20:59:06Z,aircraft,manned,,False,False,False,,,
YEG-00443,YEG,2025-09-17T03:12:42Z,aircraft,manned,,False,False,False,,,
YEG-00135,YEG,2025-09-16T18:38:22Z,aircraft,manned,,False,False,False,,,
YEG-00033,YEG,2025-09-16T21:59:08Z,aircraft,manned,,False,False,False,,,
YEG-00454,YEG,2025-09-16T17:27:02Z,aircraft,manned,,False,False,False,,,
YEG-00396,YEG,2025-09-17T01:50:44Z,helicopter,manned,,False,False,False,,,
YEG-00466,YEG,2025-09-16T22:43:24Z,helicopter,manned,,False,False,False,,,
YEG-00147,YEG,2025-09-17T02:07:56Z,bird,bird,,False,False,False,,,
YEG-00400,YEG,2025-09-17T00:28:54Z,bird,bird,,False,False,False,,,
YEG-00339,YEG,2025-09-17T00:21:04Z,bird,bird,,False,False,False,,,
YEG-00720,YEG,2025-09-17T02:56:28Z,bird,bird,,False,False,False,,,
YEG-00579,YEG,2025-09-17T00:36:20Z,bird,bird,,False,False,False,,,
YEG-00527,YEG,2025-09-17T01:35:44Z,bird,bird,,False,False,False,,,
YEG-00739,YEG,2025-09-17T01:22:42Z,bird,bird,,False,False,False,,,
YEG-00561,YEG,2025-09-17T01:57:24Z,bird,bird,,False,False,False,,,
YEG-00053,YEG,2025-09-16T14:05:04Z,bird,bird,,False,False,False,,,
YEG-00174,YEG,2025-09-16T23:22:08Z,bird,bird,,False,False,False,,,
YEG-00693,YEG,2025-09-17T00:01:54Z,bird,bird,,False,False,False,,,
YEG-00684,YEG,2025-09-16T18:13:16Z,bird,bird,,False,False,False,,,
YEG-00237,YEG,2025-09-16T12:07:10Z,bird,bird,,False,False,False,,,
YEG-00112,YEG,2025-09-16T13:55:52Z,bird,bird,,False,False,False,,,
YEG-00092,YEG,2025-09-16T12:08:36Z,bird,bird,,False,False,False,,,
YEG-00417,YEG,2025-09-16T16:04:48Z,bird,bird,,False,False,False,,,
YEG-00239,YEG,2025-09-16T16:05:54Z,bird,bird,,False,False,False,,,
YEG-00519,YEG,2025-09-16T16:07:06Z,bird,bird,,False,False,False,,,
YEG-00108,YEG,2025-09-16T23:00:56Z,bird,bird,,False,False,False,,,
YEG-00583,YEG,2025-09-17T00:07:20Z,bird,bird,,False,False,False,,,
YEG-00520,YEG,2025-09-16T15:44:40Z,bird,bird,,False,False,False,,,
YEG-00057,YEG,2025-09-16T14:54:58Z,bird,bird,,False,False,False,,,
YEG-00231,YEG,2025-09-16T23:01:20Z,bird,bird,,False,False,False,,,
YEG-00137,YEG,2025-09-17T00:46:16Z,bird,bird,,False,False,False,,,
YEG-00383,YEG,2025-09-16T14:26:46Z,bird,bird,,False,False,False,,,
YEG-00148,YEG,2025-09-16T18:04:02Z,bird,bird,,False,False,False,,,
YEG-00531,YEG,2025-09-16T19:22:28Z,bird,bird,,False,False,False,,,
YEG-00187,YEG,2025-09-17T00:40:04Z,bird,bird,,False,False,False,,,
YEG-00352,YEG,2025-09-16T18:01:12Z,bird,bird,,False,False,False,,,
YEG-00433,YEG,2025-09-17T00:51:48Z,bird,bird,,False,False,False,,,
YEG-00447,YEG,2025-09-17T02:33:56Z,bird,bird,,False,False,False,,,
YEG-00149,YEG,2025-09-16T20:21:56Z,ground_vehicle,other,,False,False,False,,,
YEG-00318,YEG,2025-09-16T20:22:32Z,ground_vehicle,other,,False,False,False,,,
YEG-00073,YEG,2025-09-16T20:23:20Z,ground_vehicle,other,,False,False,False,,,
YEG-00642,YEG,2025-09-16T20:00:24Z,ground_vehicle,other,,False,False,False,,,
YEG-00660,YEG,2025-09-16T17:50:08Z,ground_vehicle,other,,False,False,False,,,
YEG-00503,YEG,2025-09-16T17:50:50Z,ground_vehicle,other,,False,False,False,,,
YEG-00118,YEG,2025-09-16T15:04:02Z,ground_vehicle,other,,False,False,False,,,
YEG-00072,YEG,2025-09-16T15:04:36Z,ground_vehicle,other,,False,False,False,,,
YEG-00246,YEG,2025-09-16T15:05:38Z,ground_vehicle,other,,False,False,False,,,
YEG-00740,YEG,2025-09-16T15:11:32Z,ground_vehicle,other,,False,False,False,,,
YEG-00409,YEG,2025-09-16T15:12:00Z,ground_vehicle,other,,False,False,False,,,
YEG-00011,YEG,2025-09-16T21:04:08Z,ground_vehicle,other,,False,False,False,,,
YEG-00289,YEG,2025-09-16T21:05:10Z,ground_vehicle,other,,False,False,False,,,
YEG-00511,YEG,2025-09-16T21:05:54Z,ground_vehicle,other,,False,False,False,,,
YEG-00625,YEG,2025-09-16T17:22:58Z,ground_vehicle,other,,False,False,False,,,
YEG-00392,YEG,2025-09-16T15:38:52Z,ground_vehicle,other,,False,False,False,,,
YEG-00320,YEG,2025-09-16T15:40:16Z,ground_vehicle,other,,False,False,False,,,
YEG-00375,YEG,2025-09-17T02:29:42Z,ground_vehicle,other,,False,False,False,,,
YEG-00215,YEG,2025-09-17T02:30:28Z,ground_vehicle,other,,False,False,False,,,
YEG-00506,YEG,2025-09-17T02:31:02Z,ground_vehicle,other,,False,False,False,,,
YEG-00746,YEG,2025-09-16T18:10:52Z,ground_vehicle,other,,False,False,False,,,
YEG-00025,YEG,2025-09-16T18:12:02Z,ground_vehicle,other,,False,False,False,,,
YEG-00014,YEG,2025-09-16T16:13:14Z,ground_vehicle,other,,False,False,False,,,
YEG-00516,YEG,2025-09-16T16:13:44Z,ground_vehicle,other,,False,False,False,,,
YEG-00330,YEG,2025-09-16T16:14:22Z,ground_vehicle,other,,False,False,False,,,
YEG-00296,YEG,2025-09-16T16:15:18Z,ground_vehicle,other,,False,False,False,,,
YEG-00309,YEG,2025-09-16T20:06:42Z,drone_multirotor,drone,transit,False,False,False,,53.29875,-113.642039
YEG-00022,YEG,2025-09-16T20:07:32Z,drone_multirotor,drone,transit,False,False,False,,53.29875,-113.642039
YEG-00308,YEG,2025-09-16T20:14:00Z,drone_multirotor,drone,transit,False,False,False,,53.29875,-113.642039
YEG-00195,YEG,2025-09-16T20:15:22Z,drone_multirotor,drone,transit,False,False,False,,53.29875,-113.642039
YEG-00020,YEG,2025-09-16T18:48:00Z,drone_multirotor,drone,authorized,True,False,True,2025-09-16T18:48:00Z,53.296379,-113.576253
YEG-00674,YEG,2025-09-16T19:42:04Z,drone_multirotor,drone,authorized,True,False,True,2025-09-16T19:42:04Z,53.321973,-113.587106
YEG-00088,YEG,2025-09-17T22:05:22Z,aircraft,manned,,False,False,False,,,
YEG-00518,YEG,2025-09-17T22:24:42Z,aircraft,manned,,False,False,False,,,
YEG-00326,YEG,2025-09-17T14:12:40Z,aircraft,manned,,False,False,False,,,
YEG-00401,YEG,2025-09-18T00:21:44Z,aircraft,manned,,False,False,False,,,
YEG-00134,YEG,2025-09-18T00:18:58Z,aircraft,manned,,False,False,False,,,
YEG-00012,YEG,2025-09-18T04:07:34Z,aircraft,manned,,False,False,False,,,
YEG-00504,YEG,2025-09-17T19:40:16Z,aircraft,manned,,False,False,False,,,
YEG-00336,YEG,2025-09-18T00:56:00Z,aircraft,manned,,False,False,False,,,
YEG-00291,YEG,2025-09-17T21:20:46Z,aircraft,manned,,False,False,False,,,
YEG-00657,YEG,2025-09-17T12:53:44Z,aircraft,manned,,False,False,False,,,
YEG-00191,YEG,2025-09-18T02:58:48Z,aircraft,manned,,False,False,False,,,
YEG-00416,YEG,2025-09-18T01:22:30Z,aircraft,manned,,False,False,False,,,
YEG-00666,YEG,2025-09-17T16:14:42Z,aircraft,manned,,False,False,False,,,
YEG-00681,YEG,2025-09-17T17:58:50Z,aircraft,manned,,False,False,False,,,
YEG-00150,YEG,2025-09-18T03:10:52Z,aircraft,manned,,False,False,False,,,
YEG-00303,YEG,2025-09-17T20:03:18Z,aircraft,manned,,False,False,False,,,
YEG-00590,YEG,2025-09-17T16:03:04Z,aircraft,manned,,False,False,False,,,
YEG-00714,YEG,2025-09-17T14:13:30Z,aircraft,manned,,False,False,False,,,
YEG-00154,YEG,2025-09-18T04:47:18Z,aircraft,manned,,False,False,False,,,
YEG-00257,YEG,2025-09-18T03:34:46Z,aircraft,manned,,False,False,False,,,
YEG-00261,YEG,2025-09-17T20:38:44Z,aircraft,manned,,False,False,False,,,
YEG-00280,YEG,2025-09-18T03:03:44Z,aircraft,manned,,False,False,False,,,
YEG-00227,YEG,2025-09-17T23:36:16Z,aircraft,manned,,False,False,False,,,
YEG-00605,YEG,2025-09-17T19:49:04Z,aircraft,manned,,False,False,False,,,
YEG-00536,YEG,2025-09-17T11:11:34Z,aircraft,manned,,False,False,False,,,
YEG-00376,YEG,2025-09-17T22:08:30Z,aircraft,manned,,False,False,False,,,
YEG-00264,YEG,2025-09-17T17:10:38Z,aircraft,manned,,False,False,False,,,
YEG-00617,YEG,2025-09-18T01:30:26Z,aircraft,manned,,False,False,False,,,
YEG-00734,YEG,2025-09-17T13:07:26Z,aircraft,manned,,False,False,False,,,
YEG-00620,YEG,2025-09-17T22:04:20Z,helicopter,manned,,False,False,False,,,
YEG-00460,YEG,2025-09-18T01:44:40Z,helicopter,manned,,False,False,False,,,
YEG-00472,YEG,2025-09-17T15:38:28Z,bird,bird,,False,False,False,,,
YEG-00131,YEG,2025-09-17T23:29:10Z,bird,bird,,False,False,False,,,
YEG-00706,YEG,2025-09-18T02:02:58Z,bird,bird,,False,False,False,,,
YEG-00539,YEG,2025-09-17T12:57:28Z,bird,bird,,False,False,False,,,
YEG-00619,YEG,2025-09-17T15:34:32Z,bird,bird,,False,False,False,,,
YEG-00356,YEG,2025-09-18T01:31:56Z,bird,bird,,False,False,False,,,
YEG-00180,YEG,2025-09-18T00:06:00Z,bird,bird,,False,False,False,,,
YEG-00253,YEG,2025-09-17T15:38:30Z,bird,bird,,False,False,False,,,
YEG-00334,YEG,2025-09-17T20:34:40Z,bird,bird,,False,False,False,,,
YEG-00155,YEG,2025-09-17T13:11:30Z,bird,bird,,False,False,False,,,
YEG-00695,YEG,2025-09-18T02:22:14Z,bird,bird,,False,False,False,,,
YEG-00412,YEG,2025-09-18T02:34:30Z,bird,bird,,False,False,False,,,
YEG-00628,YEG,2025-09-18T00:49:18Z,bird,bird,,False,False,False,,,
YEG-00589,YEG,2025-09-17T14:28:02Z,bird,bird,,False,False,False,,,
YEG-00117,YEG,2025-09-18T01:17:44Z,bird,bird,,False,False,False,,,
YEG-00678,YEG,2025-09-18T01:18:16Z,bird,bird,,False,False,False,,,
YEG-00521,YEG,2025-09-17T13:05:46Z,bird,bird,,False,False,False,,,
YEG-00716,YEG,2025-09-17T13:59:38Z,bird,bird,,False,False,False,,,
YEG-00202,YEG,2025-09-17T14:00:10Z,bird,bird,,False,False,False,,,
YEG-00299,YEG,2025-09-17T14:01:10Z,bird,bird,,False,False,False,,,
YEG-00538,YEG,2025-09-17T21:28:12Z,bird,bird,,False,False,False,,,
YEG-00080,YEG,2025-09-17T12:46:34Z,bird,bird,,False,False,False,,,
YEG-00665,YEG,2025-09-17T12:50:04Z,bird,bird,,False,False,False,,,
YEG-00604,YEG,2025-09-17T13:10:42Z,bird,bird,,False,False,False,,,
YEG-00111,YEG,2025-09-18T02:23:14Z,bird,bird,,False,False,False,,,
YEG-00368,YEG,2025-09-18T02:21:38Z,bird,bird,,False,False,False,,,
YEG-00474,YEG,2025-09-18T00:26:34Z,bird,bird,,False,False,False,,,
YEG-00451,YEG,2025-09-17T15:18:18Z,bird,bird,,False,False,False,,,
YEG-00633,YEG,2025-09-18T01:43:10Z,bird,bird,,False,False,False,,,
YEG-00513,YEG,2025-09-18T02:38:26Z,bird,bird,,False,False,False,,,
YEG-00402,YEG,2025-09-17T20:20:14Z,bird,bird,,False,False,False,,,
YEG-00317,YEG,2025-09-17T16:44:40Z,bird,bird,,False,False,False,,,
YEG-00040,YEG,2025-09-17T16:45:22Z,bird,bird,,False,False,False,,,
YEG-00438,YEG,2025-09-18T02:26:32Z,bird,bird,,False,False,False,,,
YEG-00281,YEG,2025-09-17T22:01:16Z,bird,bird,,False,False,False,,,
YEG-00276,YEG,2025-09-17T13:28:38Z,bird,bird,,False,False,False,,,
YEG-00086,YEG,2025-09-18T02:47:30Z,bird,bird,,False,False,False,,,
YEG-00058,YEG,2025-09-18T02:48:30Z,bird,bird,,False,False,False,,,
YEG-00663,YEG,2025-09-18T00:52:56Z,bird,bird,,False,False,False,,,
YEG-00046,YEG,2025-09-17T21:23:44Z,bird,bird,,False,False,False,,,
YEG-00373,YEG,2025-09-18T00:29:30Z,bird,bird,,False,False,False,,,
YEG-00048,YEG,2025-09-18T03:00:34Z,ground_vehicle,other,,False,False,False,,,
YEG-00564,YEG,2025-09-18T03:01:12Z,ground_vehicle,other,,False,False,False,,,
YEG-00578,YEG,2025-09-17T15:15:02Z,ground_vehicle,other,,False,False,False,,,
YEG-00110,YEG,2025-09-17T15:17:00Z,ground_vehicle,other,,False,False,False,,,
YEG-00209,YEG,2025-09-18T00:20:54Z,ground_vehicle,other,,False,False,False,,,
YEG-00701,YEG,2025-09-17T13:58:16Z,ground_vehicle,other,,False,False,False,,,
YEG-00204,YEG,2025-09-17T17:01:36Z,ground_vehicle,other,,False,False,False,,,
YEG-00420,YEG,2025-09-17T17:02:44Z,ground_vehicle,other,,False,False,False,,,
YEG-00304,YEG,2025-09-17T23:52:54Z,ground_vehicle,other,,False,False,False,,,
YEG-00555,YEG,2025-09-17T23:54:40Z,ground_vehicle,other,,False,False,False,,,
YEG-00238,YEG,2025-09-17T20:28:12Z,ground_vehicle,other,,False,False,False,,,
YEG-00662,YEG,2025-09-17T23:54:00Z,ground_vehicle,other,,False,False,False,,,
YEG-00043,YEG,2025-09-17T23:54:50Z,ground_vehicle,other,,False,False,False,,,
YEG-00676,YEG,2025-09-17T21:14:20Z,ground_vehicle,other,,False,False,False,,,
YEG-00656,YEG,2025-09-17T21:14:48Z,ground_vehicle,other,,False,False,False,,,
YEG-00596,YEG,2025-09-17T22:36:42Z,ground_vehicle,other,,False,False,False,,,
YEG-00301,YEG,2025-09-17T12:42:10Z,ground_vehicle,other,,False,False,False,,,
YEG-00297,YEG,2025-09-17T15:01:58Z,ground_vehicle,other,,False,False,False,,,
YEG-00242,YEG,2025-09-17T16:10:54Z,ground_vehicle,other,,False,False,False,,,
YEG-00601,YEG,2025-09-17T16:12:02Z,ground_vehicle,other,,False,False,False,,,
YEG-00639,YEG,2025-09-17T22:02:30Z,drone_fixed_wing,drone,incursion,False,False,True,2025-09-17T22:04:10Z,53.299861,-113.51911
YEG-00707,YEG,2025-09-17T18:21:54Z,drone_multirotor,drone,incursion,False,False,False,,53.279383,-113.599584
YEG-00160,YEG,2025-09-17T18:22:24Z,drone_multirotor,drone,incursion,False,False,True,2025-09-17T18:24:46Z,53.279383,-113.599584
YEG-00364,YEG,2025-09-17T18:36:56Z,drone_multirotor,drone,incursion,False,False,False,,53.279383,-113.599584
YEG-00537,YEG,2025-09-18T21:49:02Z,aircraft,manned,,False,False,False,,,
YEG-00130,YEG,2025-09-18T22:05:58Z,aircraft,manned,,False,False,False,,,
YEG-00335,YEG,2025-09-18T22:06:22Z,aircraft,manned,,False,False,False,,,
YEG-00340,YEG,2025-09-18T22:35:10Z,aircraft,manned,,False,False,False,,,
YEG-00702,YEG,2025-09-18T19:42:34Z,aircraft,manned,,False,False,False,,,
YEG-00224,YEG,2025-09-18T17:38:18Z,aircraft,manned,,False,False,False,,,
YEG-00573,YEG,2025-09-19T05:16:32Z,aircraft,manned,,False,False,False,,,
YEG-00717,YEG,2025-09-18T11:32:24Z,aircraft,manned,,False,False,False,,,
YEG-00322,YEG,2025-09-18T16:18:28Z,aircraft,manned,,False,False,False,,,
YEG-00096,YEG,2025-09-18T16:29:42Z,aircraft,manned,,False,False,False,,,
YEG-00024,YEG,2025-09-19T04:16:16Z,aircraft,manned,,False,False,False,,,
YEG-00458,YEG,2025-09-18T13:17:06Z,aircraft,manned,,False,False,False,,,
YEG-00206,YEG,2025-09-18T11:18:08Z,aircraft,manned,,False,False,False,,,
YEG-00728,YEG,2025-09-18T22:07:54Z,aircraft,manned,,False,False,False,,,
YEG-00432,YEG,2025-09-19T05:50:36Z,aircraft,manned,,False,False,False,,,
YEG-00355,YEG,2025-09-19T01:26:22Z,aircraft,manned,,False,False,False,,,
YEG-00229,YEG,2025-09-18T14:17:42Z,aircraft,manned,,False,False,False,,,
YEG-00591,YEG,2025-09-19T02:17:32Z,aircraft,manned,,False,False,False,,,
YEG-00316,YEG,2025-09-18T14:11:20Z,aircraft,manned,,False,False,False,,,
YEG-00367,YEG,2025-09-18T17:53:54Z,aircraft,manned,,False,False,False,,,
YEG-00136,YEG,2025-09-18T15:31:58Z,aircraft,manned,,False,False,False,,,
YEG-00101,YEG,2025-09-19T03:15:58Z,aircraft,manned,,False,False,False,,,
YEG-00143,YEG,2025-09-19T05:47:28Z,aircraft,manned,,False,False,False,,,
YEG-00558,YEG,2025-09-18T14:40:24Z,aircraft,manned,,False,False,False,,,
YEG-00004,YEG,2025-09-19T00:15:18Z,aircraft,manned,,False,False,False,,,
YEG-00414,YEG,2025-09-18T12:29:18Z,aircraft,manned,,False,False,False,,,
YEG-00668,YEG,2025-09-18T22:43:12Z,aircraft,manned,,False,False,False,,,
YEG-00245,YEG,2025-09-18T16:58:54Z,aircraft,manned,,False,False,False,,,
YEG-00128,YEG,2025-09-19T04:44:50Z,aircraft,manned,,False,False,False,,,
YEG-00699,YEG,2025-09-19T04:20:36Z,helicopter,manned,,False,False,False,,,
YEG-00329,YEG,2025-09-18T19:58:58Z,helicopter,manned,,False,False,False,,,
YEG-00031,YEG,2025-09-18T12:39:04Z,bird,bird,,False,False,False,,,
YEG-00719,YEG,2025-09-19T01:56:26Z,bird,bird,,False,False,False,,,
YEG-00285,YEG,2025-09-18T12:10:48Z,bird,bird,,False,False,False,,,
YEG-00218,YEG,2025-09-18T17:53:02Z,bird,bird,,False,False,False,,,
YEG-00106,YEG,2025-09-18T13:52:48Z,bird,bird,,False,False,False,,,
YEG-00512,YEG,2025-09-18T23:43:24Z,bird,bird,,False,False,False,,,
YEG-00489,YEG,2025-09-18T23:22:34Z,bird,bird,,False,False,False,,,
YEG-00282,YEG,2025-09-18T15:51:56Z,bird,bird,,False,False,False,,,
YEG-00170,YEG,2025-09-19T00:05:28Z,bird,bird,,False,False,False,,,
YEG-00574,YEG,2025-09-19T00:31:56Z,bird,bird,,False,False,False,,,
YEG-00228,YEG,2025-09-18T14:38:18Z,bird,bird,,False,False,False,,,
YEG-00343,YEG,2025-09-18T14:15:28Z,bird,bird,,False,False,False,,,
YEG-00419,YEG,2025-09-19T01:28:06Z,bird,bird,,False,False,False,,,
YEG-00163,YEG,2025-09-19T00:01:26Z,bird,bird,,False,False,False,,,
YEG-00017,YEG,2025-09-19T00:02:44Z,bird,bird,,False,False,False,,,
YEG-00132,YEG,2025-09-19T00:04:00Z,bird,bird,,False,False,False,,,
YEG-00069,YEG,2025-09-18T23:23:34Z,bird,bird,,False,False,False,,,
YEG-00424,YEG,2025-09-19T02:13:48Z,bird,bird,,False,False,False,,,
YEG-00216,YEG,2025-09-18T17:14:24Z,bird,bird,,False,False,False,,,
YEG-00703,YEG,2025-09-18T13:35:12Z,bird,bird,,False,False,False,,,
YEG-00648,YEG,2025-09-18T13:10:50Z,bird,bird,,False,False,False,,,
YEG-00705,YEG,2025-09-18T12:53:00Z,bird,bird,,False,False,False,,,
YEG-00243,YEG,2025-09-18T22:41:28Z,bird,bird,,False,False,False,,,
YEG-00371,YEG,2025-09-18T15:08:06Z,bird,bird,,False,False,False,,,
YEG-00566,YEG,2025-09-18T15:49:06Z,bird,bird,,False,False,False,,,
YEG-00085,YEG,2025-09-18T15:27:22Z,bird,bird,,False,False,False,,,
YEG-00184,YEG,2025-09-19T00:08:06Z,bird,bird,,False,False,False,,,
YEG-00032,YEG,2025-09-18T23:13:06Z,bird,bird,,False,False,False,,,
YEG-00398,YEG,2025-09-18T12:43:14Z,bird,bird,,False,False,False,,,
YEG-00342,YEG,2025-09-18T23:40:40Z,bird,bird,,False,False,False,,,
YEG-00328,YEG,2025-09-18T15:01:04Z,bird,bird,,False,False,False,,,
YEG-00302,YEG,2025-09-18T23:35:14Z,bird,bird,,False,False,False,,,
YEG-00726,YEG,2025-09-18T23:41:32Z,bird,bird,,False,False,False,,,
YEG-00461,YEG,2025-09-18T21:57:34Z,bird,bird,,False,False,False,,,
YEG-00063,YEG,2025-09-18T12:53:32Z,bird,bird,,False,False,False,,,
YEG-00225,YEG,2025-09-18T13:51:46Z,ground_vehicle,other,,False,False,False,,,
YEG-00655,YEG,2025-09-18T23:52:42Z,ground_vehicle,other,,False,False,False,,,
YEG-00413,YEG,2025-09-18T22:01:46Z,ground_vehicle,other,,False,False,False,,,
YEG-00098,YEG,2025-09-19T02:38:22Z,ground_vehicle,other,,False,False,False,,,
YEG-00484,YEG,2025-09-19T02:38:44Z,ground_vehicle,other,,False,False,False,,,
YEG-00529,YEG,2025-09-18T22:04:14Z,ground_vehicle,other,,False,False,False,,,
YEG-00074,YEG,2025-09-18T22:05:12Z,ground_vehicle,other,,False,False,False,,,
YEG-00034,YEG,2025-09-19T00:28:20Z,ground_vehicle,other,,False,False,False,,,
YEG-00158,YEG,2025-09-18T23:45:18Z,ground_vehicle,other,,False,False,False,,,
YEG-00712,YEG,2025-09-18T23:46:30Z,ground_vehicle,other,,False,False,False,,,
YEG-00259,YEG,2025-09-18T12:50:08Z,ground_vehicle,other,,False,False,False,,,
YEG-00234,YEG,2025-09-18T18:43:28Z,ground_vehicle,other,,False,False,False,,,
YEG-00502,YEG,2025-09-18T18:44:22Z,ground_vehicle,other,,False,False,False,,,
YEG-00543,YEG,2025-09-18T18:17:16Z,ground_vehicle,other,,False,False,False,,,
YEG-00100,YEG,2025-09-18T14:29:22Z,ground_vehicle,other,,False,False,False,,,
YEG-00430,YEG,2025-09-18T14:30:30Z,ground_vehicle,other,,False,False,False,,,
YEG-00167,YEG,2025-09-18T14:31:18Z,ground_vehicle,other,,False,False,False,,,
YEG-00051,YEG,2025-09-18T20:01:58Z,ground_vehicle,other,,False,False,False,,,
YEG-00559,YEG,2025-09-18T20:02:48Z,ground_vehicle,other,,False,False,False,,,
YEG-00248,YEG,2025-09-18T22:07:50Z,ground_vehicle,other,,False,False,False,,,
YEG-00652,YEG,2025-09-18T22:09:20Z,ground_vehicle,other,,False,False,False,,,
YEG-00637,YEG,2025-09-18T20:34:22Z,ground_vehicle,other,,False,False,False,,,
YEG-00710,YEG,2025-09-18T20:36:00Z,ground_vehicle,other,,False,False,False,,,
YEG-00054,YEG,2025-09-18T14:38:22Z,ground_vehicle,other,,False,False,False,,,
YEG-00021,YEG,2025-09-18T22:52:22Z,ground_vehicle,other,,False,False,False,,,
YEG-00214,YEG,2025-09-18T22:53:52Z,ground_vehicle,other,,False,False,False,,,
YEG-00076,YEG,2025-09-19T00:21:24Z,drone_fixed_wing,drone,transit,False,True,False,,53.342376,-113.592399
YEG-00047,YEG,2025-09-18T18:13:04Z,drone_multirotor,drone,incursion,False,False,True,2025-09-18T18:13:47Z,53.30881,-113.627552
YEG-00009,YEG,2025-09-18T21:26:40Z,drone_multirotor,drone,loiter,False,False,True,2025-09-18T21:27:32Z,53.267682,-113.613243
YEG-00372,YEG,2025-09-18T21:38:02Z,drone_multirotor,drone,loiter,False,False,False,,53.267682,-113.613243
YEG-00525,YEG,2025-09-18T21:38:34Z,drone_multirotor,drone,loiter,False,False,True,2025-09-18T21:39:49Z,53.267682,-113.613243
YEG-00129,YEG,2025-09-18T15:53:20Z,drone_multirotor,drone,incursion,False,False,True,2025-09-18T15:53:46Z,53.333341,-113.607058
YEG-00584,YEG,2025-09-18T15:17:58Z,drone_multirotor,drone,loiter,False,False,False,,53.265874,-113.607838
YEG-00587,YEG,2025-09-19T16:10:50Z,aircraft,manned,,False,False,False,,,
YEG-00075,YEG,2025-09-20T04:18:46Z,aircraft,manned,,False,False,False,,,
YEG-00572,YEG,2025-09-20T02:24:20Z,aircraft,manned,,False,False,False,,,
YEG-00514,YEG,2025-09-20T00:24:58Z,aircraft,manned,,False,False,False,,,
YEG-00735,YEG,2025-09-20T02:45:38Z,aircraft,manned,,False,False,False,,,
YEG-00404,YEG,2025-09-20T00:28:30Z,aircraft,manned,,False,False,False,,,
YEG-00465,YEG,2025-09-19T11:43:04Z,aircraft,manned,,False,False,False,,,
YEG-00428,YEG,2025-09-20T01:51:54Z,aircraft,manned,,False,False,False,,,
YEG-00363,YEG,2025-09-20T05:06:56Z,aircraft,manned,,False,False,False,,,
YEG-00041,YEG,2025-09-20T02:40:32Z,aircraft,manned,,False,False,False,,,
YEG-00615,YEG,2025-09-19T23:35:08Z,aircraft,manned,,False,False,False,,,
YEG-00607,YEG,2025-09-19T22:21:06Z,aircraft,manned,,False,False,False,,,
YEG-00052,YEG,2025-09-19T14:00:28Z,aircraft,manned,,False,False,False,,,
YEG-00545,YEG,2025-09-19T19:01:36Z,aircraft,manned,,False,False,False,,,
YEG-00659,YEG,2025-09-20T04:44:16Z,aircraft,manned,,False,False,False,,,
YEG-00249,YEG,2025-09-19T14:33:34Z,aircraft,manned,,False,False,False,,,
YEG-00050,YEG,2025-09-19T18:49:36Z,aircraft,manned,,False,False,False,,,
YEG-00314,YEG,2025-09-19T20:38:24Z,aircraft,manned,,False,False,False,,,
YEG-00294,YEG,2025-09-19T22:30:04Z,aircraft,manned,,False,False,False,,,
YEG-00477,YEG,2025-09-19T15:27:34Z,aircraft,manned,,False,False,False,,,
YEG-00109,YEG,2025-09-19T19:25:42Z,aircraft,manned,,False,False,False,,,
YEG-00523,YEG,2025-09-19T22:52:42Z,aircraft,manned,,False,False,False,,,
YEG-00196,YEG,2025-09-20T05:18:00Z,aircraft,manned,,False,False,False,,,
YEG-00193,YEG,2025-09-19T18:32:18Z,aircraft,manned,,False,False,False,,,
YEG-00290,YEG,2025-09-20T04:09:42Z,aircraft,manned,,False,False,False,,,
YEG-00593,YEG,2025-09-19T16:27:44Z,aircraft,manned,,False,False,False,,,
YEG-00730,YEG,2025-09-19T23:33:10Z,aircraft,manned,,False,False,False,,,
YEG-00508,YEG,2025-09-19T15:37:56Z,aircraft,manned,,False,False,False,,,
YEG-00450,YEG,2025-09-20T04:43:06Z,aircraft,manned,,False,False,False,,,
YEG-00444,YEG,2025-09-20T03:39:22Z,aircraft,manned,,False,False,False,,,
YEG-00232,YEG,2025-09-19T13:54:04Z,aircraft,manned,,False,False,False,,,
YEG-00374,YEG,2025-09-20T03:33:22Z,aircraft,manned,,False,False,False,,,
YEG-00448,YEG,2025-09-19T14:59:58Z,aircraft,manned,,False,False,False,,,
YEG-00692,YEG,2025-09-19T23:28:16Z,helicopter,manned,,False,False,False,,,
YEG-00142,YEG,2025-09-20T04:58:36Z,helicopter,manned,,False,False,False,,,
YEG-00688,YEG,2025-09-19T16:50:28Z,bird,bird,,False,False,False,,,
YEG-00175,YEG,2025-09-19T15:34:04Z,bird,bird,,False,False,False,,,
YEG-00469,YEG,2025-09-19T13:56:58Z,bird,bird,,False,False,False,,,
YEG-00658,YEG,2025-09-19T16:30:14Z,bird,bird,,False,False,False,,,
YEG-00125,YEG,2025-09-20T01:03:26Z,bird,bird,,False,False,False,,,
YEG-00028,YEG,2025-09-19T23:59:10Z,bird,bird,,False,False,False,,,
YEG-00244,YEG,2025-09-20T00:00:54Z,bird,bird,,False,False,False,,,
YEG-00188,YEG,2025-09-20T00:05:24Z,bird,bird,,False,False,False,,,
YEG-00406,YEG,2025-09-19T15:30:42Z,bird,bird,,False,False,False,,,
YEG-00070,YEG,2025-09-20T00:40:04Z,bird,bird,,False,False,False,,,
YEG-00120,YEG,2025-09-19T13:21:18Z,bird,bird,,False,False,False,,,
YEG-00122,YEG,2025-09-19T12:34:48Z,bird,bird,,False,False,False,,,
YEG-00509,YEG,2025-09-19T14:36:58Z,bird,bird,,False,False,False,,,
YEG-00534,YEG,2025-09-19T12:16:56Z,bird,bird,,False,False,False,,,
YEG-00724,YEG,2025-09-20T02:59:22Z,bird,bird,,False,False,False,,,
YEG-00685,YEG,2025-09-20T01:48:44Z,bird,bird,,False,False,False,,,
YEG-00646,YEG,2025-09-19T15:56:14Z,bird,bird,,False,False,False,,,
YEG-00327,YEG,2025-09-19T23:31:16Z,bird,bird,,False,False,False,,,
YEG-00643,YEG,2025-09-20T01:23:12Z,bird,bird,,False,False,False,,,
YEG-00532,YEG,2025-09-19T13:34:48Z,bird,bird,,False,False,False,,,
YEG-00501,YEG,2025-09-20T01:42:18Z,bird,bird,,False,False,False,,,
YEG-00001,YEG,2025-09-19T15:54:26Z,bird,bird,,False,False,False,,,
YEG-00385,YEG,2025-09-19T23:53:36Z,bird,bird,,False,False,False,,,
YEG-00354,YEG,2025-09-19T12:33:38Z,bird,bird,,False,False,False,,,
YEG-00492,YEG,2025-09-19T13:33:02Z,bird,bird,,False,False,False,,,
YEG-00645,YEG,2025-09-19T23:31:24Z,bird,bird,,False,False,False,,,
YEG-00391,YEG,2025-09-20T00:02:28Z,bird,bird,,False,False,False,,,
YEG-00286,YEG,2025-09-19T14:23:54Z,bird,bird,,False,False,False,,,
YEG-00399,YEG,2025-09-19T19:27:22Z,bird,bird,,False,False,False,,,
YEG-00361,YEG,2025-09-19T13:06:18Z,bird,bird,,False,False,False,,,
YEG-00267,YEG,2025-09-20T02:07:36Z,ground_vehicle,other,,False,False,False,,,
YEG-00265,YEG,2025-09-20T02:09:14Z,ground_vehicle,other,,False,False,False,,,
YEG-00571,YEG,2025-09-19T12:58:58Z,ground_vehicle,other,,False,False,False,,,
YEG-00388,YEG,2025-09-19T13:00:34Z,ground_vehicle,other,,False,False,False,,,
YEG-00624,YEG,2025-09-19T16:01:26Z,ground_vehicle,other,,False,False,False,,,
YEG-00403,YEG,2025-09-19T16:02:12Z,ground_vehicle,other,,False,False,False,,,
YEG-00097,YEG,2025-09-20T03:50:00Z,ground_vehicle,other,,False,False,False,,,
YEG-00351,YEG,2025-09-20T03:51:10Z,ground_vehicle,other,,False,False,False,,,
YEG-00505,YEG,2025-09-20T03:51:44Z,ground_vehicle,other,,False,False,False,,,
YEG-00612,YEG,2025-09-20T02:19:24Z,ground_vehicle,other,,False,False,False,,,
YEG-00499,YEG,2025-09-20T02:20:38Z,ground_vehicle,other,,False,False,False,,,
YEG-00029,YEG,2025-09-19T23:04:22Z,ground_vehicle,other,,False,False,False,,,
YEG-00496,YEG,2025-09-19T19:25:10Z,ground_vehicle,other,,False,False,False,,,
YEG-00182,YEG,2025-09-19T19:25:56Z,ground_vehicle,other,,False,False,False,,,
YEG-00636,YEG,2025-09-19T18:54:38Z,ground_vehicle,other,,False,False,False,,,
YEG-00270,YEG,2025-09-19T18:55:02Z,ground_vehicle,other,,False,False,False,,,
YEG-00369,YEG,2025-09-19T18:55:44Z,ground_vehicle,other,,False,False,False,,,
YEG-00268,YEG,2025-09-19T19:17:20Z,ground_vehicle,other,,False,False,False,,,
YEG-00315,YEG,2025-09-19T19:18:52Z,ground_vehicle,other,,False,False,False,,,
YEG-00747,YEG,2025-09-19T15:27:00Z,ground_vehicle,other,,False,False,False,,,
YEG-00362,YEG,2025-09-19T15:27:48Z,ground_vehicle,other,,False,False,False,,,
YEG-00680,YEG,2025-09-19T18:34:58Z,ground_vehicle,other,,False,False,False,,,
YEG-00473,YEG,2025-09-20T01:16:12Z,ground_vehicle,other,,False,False,False,,,
YEG-00476,YEG,2025-09-20T01:17:56Z,ground_vehicle,other,,False,False,False,,,
YEG-00056,YEG,2025-09-19T14:59:10Z,ground_vehicle,other,,False,False,False,,,
YEG-00743,YEG,2025-09-19T15:00:14Z,ground_vehicle,other,,False,False,False,,,
YEG-00283,YEG,2025-09-19T15:00:58Z,ground_vehicle,other,,False,False,False,,,
YEG-00247,YEG,2025-09-19T16:05:12Z,drone_multirotor,drone,loiter,False,False,False,,53.311984,-113.644071
YEG-00236,YEG,2025-09-19T16:06:26Z,drone_multirotor,drone,loiter,False,False,True,2025-09-19T16:08:21Z,53.311984,-113.644071
YEG-00563,YEG,2025-09-19T16:27:50Z,drone_multirotor,drone,loiter,False,False,False,,53.311984,-113.644071
YEG-00197,YEG,2025-09-20T00:52:02Z,drone_multirotor,drone,authorized,True,False,True,2025-09-20T00:52:02Z,53.311987,-113.557658
YEG-00091,YEG,2025-09-19T18:32:42Z,drone_multirotor,drone,transit,False,False,False,,53.294609,-113.633188
YEG-00610,YEG,2025-09-19T20:30:42Z,drone_multirotor,drone,transit,False,False,False,,53.293186,-113.6293
YEG-00744,YEG,2025-09-19T20:31:16Z,drone_multirotor,drone,transit,False,False,False,,53.293186,-113.6293
YEG-00349,YEG,2025-09-19T20:34:10Z,drone_multirotor,drone,transit,False,False,False,,53.293186,-113.6293
YEG-00346,YEG,2025-09-19T20:34:56Z,drone_multirotor,drone,transit,False,False,False,,53.293186,-113.6293
YEG-00687,YEG,2025-09-19T20:35:32Z,drone_multirotor,drone,transit,False,False,False,,53.293186,-113.6293
YEG-00278,YEG,2025-09-19T20:36:24Z,drone_multirotor,drone,transit,False,False,False,,53.293186,-113.6293
YEG-00644,YEG,2025-09-19T20:37:08Z,drone_multirotor,drone,transit,False,False,False,,53.293186,-113.6293
YEG-00116,YEG,2025-09-19T20:39:30Z,drone_multirotor,drone,transit,False,False,False,,53.293186,-113.6293
YEG-00522,YEG,2025-09-19T20:41:52Z,drone_multirotor,drone,transit,False,False,False,,53.293186,-113.6293
GEN-00239,GEN,2025-09-15T14:33:06Z,helicopter,manned,,False,False,False,,,
GEN-00285,GEN,2025-09-15T13:03:16Z,bird,bird,,False,False,False,,,
GEN-00153,GEN,2025-09-16T01:21:54Z,bird,bird,,False,False,False,,,
GEN-00216,GEN,2025-09-15T13:52:32Z,bird,bird,,False,False,False,,,
GEN-00046,GEN,2025-09-15T15:02:34Z,bird,bird,,False,False,False,,,
GEN-00343,GEN,2025-09-15T19:01:10Z,bird,bird,,False,False,False,,,
GEN-00326,GEN,2025-09-15T14:27:40Z,bird,bird,,False,False,False,,,
GEN-00327,GEN,2025-09-15T23:36:12Z,bird,bird,,False,False,False,,,
GEN-00190,GEN,2025-09-15T13:09:50Z,bird,bird,,False,False,False,,,
GEN-00047,GEN,2025-09-16T02:30:58Z,bird,bird,,False,False,False,,,
GEN-00077,GEN,2025-09-16T02:32:56Z,bird,bird,,False,False,False,,,
GEN-00270,GEN,2025-09-15T15:22:36Z,bird,bird,,False,False,False,,,
GEN-00036,GEN,2025-09-15T14:33:06Z,bird,bird,,False,False,False,,,
GEN-00088,GEN,2025-09-15T14:18:40Z,bird,bird,,False,False,False,,,
GEN-00131,GEN,2025-09-15T13:25:10Z,bird,bird,,False,False,False,,,
GEN-00017,GEN,2025-09-16T00:35:28Z,bird,bird,,False,False,False,,,
GEN-00268,GEN,2025-09-15T14:59:08Z,bird,bird,,False,False,False,,,
GEN-00040,GEN,2025-09-16T02:19:00Z,bird,bird,,False,False,False,,,
GEN-00008,GEN,2025-09-16T02:06:34Z,bird,bird,,False,False,False,,,
GEN-00250,GEN,2025-09-15T14:17:32Z,bird,bird,,False,False,False,,,
GEN-00080,GEN,2025-09-15T15:07:08Z,bird,bird,,False,False,False,,,
GEN-00280,GEN,2025-09-15T15:34:58Z,bird,bird,,False,False,False,,,
GEN-00079,GEN,2025-09-16T01:16:06Z,bird,bird,,False,False,False,,,
GEN-00246,GEN,2025-09-16T02:09:52Z,ground_vehicle,other,,False,False,False,,,
GEN-00073,GEN,2025-09-16T02:10:28Z,ground_vehicle,other,,False,False,False,,,
GEN-00258,GEN,2025-09-16T01:22:34Z,ground_vehicle,other,,False,False,False,,,
GEN-00089,GEN,2025-09-15T21:48:12Z,ground_vehicle,other,,False,False,False,,,
GEN-00224,GEN,2025-09-15T21:49:08Z,ground_vehicle,other,,False,False,False,,,
GEN-00109,GEN,2025-09-15T20:24:06Z,ground_vehicle,other,,False,False,False,,,
GEN-00234,GEN,2025-09-15T20:25:06Z,ground_vehicle,other,,False,False,False,,,
GEN-00271,GEN,2025-09-15T20:25:28Z,ground_vehicle,other,,False,False,False,,,
GEN-00178,GEN,2025-09-15T16:31:08Z,ground_vehicle,other,,False,False,False,,,
GEN-00148,GEN,2025-09-15T16:32:44Z,ground_vehicle,other,,False,False,False,,,
GEN-00318,GEN,2025-09-15T19:19:44Z,ground_vehicle,other,,False,False,False,,,
GEN-00341,GEN,2025-09-15T19:20:52Z,ground_vehicle,other,,False,False,False,,,
GEN-00300,GEN,2025-09-15T21:54:48Z,ground_vehicle,other,,False,False,False,,,
GEN-00028,GEN,2025-09-15T19:15:50Z,ground_vehicle,other,,False,False,False,,,
GEN-00278,GEN,2025-09-15T19:16:46Z,ground_vehicle,other,,False,False,False,,,
GEN-00127,GEN,2025-09-15T22:04:48Z,ground_vehicle,other,,False,False,False,,,
GEN-00157,GEN,2025-09-15T23:07:56Z,ground_vehicle,other,,False,False,False,,,
GEN-00309,GEN,2025-09-16T01:32:54Z,ground_vehicle,other,,False,False,False,,,
GEN-00315,GEN,2025-09-16T01:34:02Z,ground_vehicle,other,,False,False,False,,,
GEN-00061,GEN,2025-09-15T16:07:42Z,ground_vehicle,other,,False,False,False,,,
GEN-00233,GEN,2025-09-15T23:33:48Z,ground_vehicle,other,,False,False,False,,,
GEN-00093,GEN,2025-09-15T23:35:48Z,ground_vehicle,other,,False,False,False,,,
GEN-00084,GEN,2025-09-15T18:21:50Z,balloon,other,,False,False,False,,,
GEN-00105,GEN,2025-09-15T19:04:18Z,drone_fixed_wing,drone,transit,False,False,False,,53.356407,-114.349094
GEN-00188,GEN,2025-09-16T00:50:42Z,drone_multirotor,drone,transit,False,False,False,,53.339349,-114.328209
GEN-00098,GEN,2025-09-15T19:06:54Z,drone_multirotor,drone,transit,False,True,False,,53.365903,-114.282413
GEN-00062,GEN,2025-09-15T14:00:48Z,drone_multirotor,drone,transit,False,False,False,,53.350578,-114.335256
GEN-00175,GEN,2025-09-17T00:18:20Z,bird,bird,,False,False,False,,,
GEN-00016,GEN,2025-09-17T02:47:04Z,bird,bird,,False,False,False,,,
GEN-00335,GEN,2025-09-17T02:15:38Z,bird,bird,,False,False,False,,,
GEN-00187,GEN,2025-09-16T12:33:12Z,bird,bird,,False,False,False,,,
GEN-00219,GEN,2025-09-16T12:32:08Z,bird,bird,,False,False,False,,,
GEN-00248,GEN,2025-09-16T18:18:20Z,bird,bird,,False,False,False,,,
GEN-00081,GEN,2025-09-16T13:04:28Z,bird,bird,,False,False,False,,,
GEN-00173,GEN,2025-09-16T21:58:02Z,bird,bird,,False,False,False,,,
GEN-00140,GEN,2025-09-16T21:59:40Z,bird,bird,,False,False,False,,,
GEN-00078,GEN,2025-09-16T22:00:30Z,bird,bird,,False,False,False,,,
GEN-00024,GEN,2025-09-17T00:28:10Z,bird,bird,,False,False,False,,,
GEN-00144,GEN,2025-09-17T02:36:00Z,bird,bird,,False,False,False,,,
GEN-00137,GEN,2025-09-17T02:37:44Z,bird,bird,,False,False,False,,,
GEN-00260,GEN,2025-09-16T13:35:08Z,bird,bird,,False,False,False,,,
GEN-00222,GEN,2025-09-17T01:19:30Z,bird,bird,,False,False,False,,,
GEN-00294,GEN,2025-09-16T12:26:58Z,bird,bird,,False,False,False,,,
GEN-00003,GEN,2025-09-16T15:06:18Z,bird,bird,,False,False,False,,,
GEN-00158,GEN,2025-09-17T01:44:42Z,bird,bird,,False,False,False,,,
GEN-00115,GEN,2025-09-17T02:54:54Z,bird,bird,,False,False,False,,,
GEN-00350,GEN,2025-09-16T12:00:14Z,bird,bird,,False,False,False,,,
GEN-00034,GEN,2025-09-17T01:50:06Z,ground_vehicle,other,,False,False,False,,,
GEN-00143,GEN,2025-09-16T22:45:02Z,ground_vehicle,other,,False,False,False,,,
GEN-00037,GEN,2025-09-16T22:46:20Z,ground_vehicle,other,,False,False,False,,,
GEN-00325,GEN,2025-09-16T22:46:46Z,ground_vehicle,other,,False,False,False,,,
GEN-00358,GEN,2025-09-16T18:00:58Z,ground_vehicle,other,,False,False,False,,,
GEN-00095,GEN,2025-09-16T18:02:42Z,ground_vehicle,other,,False,False,False,,,
GEN-00159,GEN,2025-09-16T15:51:08Z,ground_vehicle,other,,False,False,False,,,
GEN-00247,GEN,2025-09-16T15:52:18Z,ground_vehicle,other,,False,False,False,,,
GEN-00323,GEN,2025-09-17T03:37:54Z,ground_vehicle,other,,False,False,False,,,
GEN-00261,GEN,2025-09-17T03:39:00Z,ground_vehicle,other,,False,False,False,,,
GEN-00292,GEN,2025-09-16T16:08:48Z,ground_vehicle,other,,False,False,False,,,
GEN-00240,GEN,2025-09-16T23:30:34Z,ground_vehicle,other,,False,False,False,,,
GEN-00060,GEN,2025-09-16T23:31:18Z,ground_vehicle,other,,False,False,False,,,
GEN-00005,GEN,2025-09-16T23:31:42Z,ground_vehicle,other,,False,False,False,,,
GEN-00273,GEN,2025-09-16T15:36:44Z,ground_vehicle,other,,False,False,False,,,
GEN-00259,GEN,2025-09-16T16:42:04Z,ground_vehicle,other,,False,False,False,,,
GEN-00346,GEN,2025-09-16T16:43:06Z,ground_vehicle,other,,False,False,False,,,
GEN-00026,GEN,2025-09-17T01:38:12Z,ground_vehicle,other,,False,False,False,,,
GEN-00103,GEN,2025-09-17T01:39:32Z,ground_vehicle,other,,False,False,False,,,
GEN-00304,GEN,2025-09-16T14:09:36Z,ground_vehicle,other,,False,False,False,,,
GEN-00295,GEN,2025-09-16T14:41:12Z,ground_vehicle,other,,False,False,False,,,
GEN-00254,GEN,2025-09-17T02:11:20Z,ground_vehicle,other,,False,False,False,,,
GEN-00051,GEN,2025-09-17T02:12:30Z,ground_vehicle,other,,False,False,False,,,
GEN-00136,GEN,2025-09-16T12:19:26Z,ground_vehicle,other,,False,False,False,,,
GEN-00197,GEN,2025-09-16T13:05:22Z,ground_vehicle,other,,False,False,False,,,
GEN-00066,GEN,2025-09-16T13:06:32Z,ground_vehicle,other,,False,False,False,,,
GEN-00348,GEN,2025-09-17T01:26:52Z,drone_multirotor,drone,loiter,False,False,True,2025-09-17T01:28:56Z,53.33395,-114.332717
GEN-00119,GEN,2025-09-16T19:23:06Z,drone_multirotor,drone,loiter,False,False,False,,53.337166,-114.280985
GEN-00349,GEN,2025-09-16T21:18:16Z,drone_multirotor,drone,incursion,False,False,True,2025-09-16T21:19:25Z,53.35149,-114.32404
GEN-00286,GEN,2025-09-16T19:43:30Z,drone_multirotor,drone,incursion,False,False,True,2025-09-16T19:45:52Z,53.328051,-114.297793
GEN-00161,GEN,2025-09-17T14:47:56Z,bird,bird,,False,False,False,,,
GEN-00033,GEN,2025-09-18T01:25:56Z,bird,bird,,False,False,False,,,
GEN-00134,GEN,2025-09-17T14:25:26Z,bird,bird,,False,False,False,,,
GEN-00074,GEN,2025-09-18T01:04:22Z,bird,bird,,False,False,False,,,
GEN-00048,GEN,2025-09-18T01:05:04Z,bird,bird,,False,False,False,,,
GEN-00333,GEN,2025-09-18T01:07:26Z,bird,bird,,False,False,False,,,
GEN-00107,GEN,2025-09-18T01:10:42Z,bird,bird,,False,False,False,,,
GEN-00194,GEN,2025-09-17T14:55:38Z,bird,bird,,False,False,False,,,
GEN-00311,GEN,2025-09-17T23:42:28Z,bird,bird,,False,False,False,,,
GEN-00064,GEN,2025-09-17T13:33:38Z,bird,bird,,False,False,False,,,
GEN-00340,GEN,2025-09-17T16:46:00Z,bird,bird,,False,False,False,,,
GEN-00133,GEN,2025-09-17T12:48:44Z,bird,bird,,False,False,False,,,
GEN-00243,GEN,2025-09-17T22:08:18Z,bird,bird,,False,False,False,,,
GEN-00104,GEN,2025-09-17T22:08:56Z,bird,bird,,False,False,False,,,
GEN-00251,GEN,2025-09-17T19:40:52Z,bird,bird,,False,False,False,,,
GEN-00146,GEN,2025-09-18T02:05:12Z,bird,bird,,False,False,False,,,
GEN-00018,GEN,2025-09-18T00:01:58Z,bird,bird,,False,False,False,,,
GEN-00324,GEN,2025-09-18T02:13:42Z,bird,bird,,False,False,False,,,
GEN-00139,GEN,2025-09-17T13:55:30Z,bird,bird,,False,False,False,,,
GEN-00215,GEN,2025-09-17T23:04:20Z,bird,bird,,False,False,False,,,
GEN-00010,GEN,2025-09-17T15:56:20Z,bird,bird,,False,False,False,,,
GEN-00282,GEN,2025-09-18T02:30:50Z,bird,bird,,False,False,False,,,
GEN-00185,GEN,2025-09-18T02:37:28Z,bird,bird,,False,False,False,,,
GEN-00041,GEN,2025-09-17T23:54:52Z,ground_vehicle,other,,False,False,False,,,
GEN-00184,GEN,2025-09-17T14:21:30Z,ground_vehicle,other,,False,False,False,,,
GEN-00122,GEN,2025-09-17T14:21:52Z,ground_vehicle,other,,False,False,False,,,
GEN-00014,GEN,2025-09-17T14:22:42Z,ground_vehicle,other,,False,False,False,,,
GEN-00205,GEN,2025-09-17T19:07:52Z,ground_vehicle,other,,False,False,False,,,
GEN-00242,GEN,2025-09-17T19:08:28Z,ground_vehicle,other,,False,False,False,,,
GEN-00237,GEN,2025-09-17T14:18:44Z,ground_vehicle,other,,False,False,False,,,
GEN-00225,GEN,2025-09-17T19:07:46Z,ground_vehicle,other,,False,False,False,,,
GEN-00319,GEN,2025-09-18T02:59:50Z,ground_vehicle,other,,False,False,False,,,
GEN-00331,GEN,2025-09-17T18:41:38Z,ground_vehicle,other,,False,False,False,,,
GEN-00357,GEN,2025-09-17T13:36:32Z,ground_vehicle,other,,False,False,False,,,
GEN-00355,GEN,2025-09-17T13:37:14Z,ground_vehicle,other,,False,False,False,,,
GEN-00163,GEN,2025-09-17T20:56:02Z,ground_vehicle,other,,False,False,False,,,
GEN-00053,GEN,2025-09-17T20:57:24Z,ground_vehicle,other,,False,False,False,,,
GEN-00058,GEN,2025-09-17T18:59:46Z,ground_vehicle,other,,False,False,False,,,
GEN-00193,GEN,2025-09-17T19:00:28Z,ground_vehicle,other,,False,False,False,,,
GEN-00221,GEN,2025-09-17T16:44:38Z,ground_vehicle,other,,False,False,False,,,
GEN-00168,GEN,2025-09-17T15:53:30Z,ground_vehicle,other,,False,False,False,,,
GEN-00145,GEN,2025-09-17T23:36:16Z,ground_vehicle,other,,False,False,False,,,
GEN-00354,GEN,2025-09-17T23:37:44Z,ground_vehicle,other,,False,False,False,,,
GEN-00212,GEN,2025-09-17T15:22:06Z,ground_vehicle,other,,False,False,False,,,
GEN-00160,GEN,2025-09-17T15:22:56Z,ground_vehicle,other,,False,False,False,,,
GEN-00123,GEN,2025-09-17T15:23:16Z,ground_vehicle,other,,False,False,False,,,
GEN-00257,GEN,2025-09-17T15:24:02Z,ground_vehicle,other,,False,False,False,,,
GEN-00165,GEN,2025-09-17T14:42:18Z,ground_vehicle,other,,False,False,False,,,
GEN-00142,GEN,2025-09-17T20:37:26Z,drone_fixed_wing,drone,transit,False,False,False,,53.334247,-114.320891
GEN-00130,GEN,2025-09-17T14:25:52Z,drone_fixed_wing,drone,transit,False,False,False,,53.325154,-114.312003
GEN-00076,GEN,2025-09-17T19:15:40Z,drone_multirotor,drone,transit,False,False,False,,53.358643,-114.350746
GEN-00272,GEN,2025-09-17T19:16:24Z,drone_multirotor,drone,transit,False,False,False,,53.358643,-114.350746
GEN-00218,GEN,2025-09-17T19:17:46Z,drone_multirotor,drone,transit,False,False,False,,53.358643,-114.350746
GEN-00056,GEN,2025-09-17T19:18:40Z,drone_multirotor,drone,transit,False,False,False,,53.358643,-114.350746
GEN-00231,GEN,2025-09-17T20:34:40Z,drone_fixed_wing,drone,incursion,False,True,True,2025-09-17T20:34:40Z,53.352562,-114.29327
GEN-00172,GEN,2025-09-17T15:50:32Z,drone_fixed_wing,drone,transit,False,False,False,,53.360298,-114.327556
GEN-00167,GEN,2025-09-19T00:20:12Z,bird,bird,,False,False,False,,,
GEN-00307,GEN,2025-09-19T02:01:50Z,bird,bird,,False,False,False,,,
GEN-00099,GEN,2025-09-18T15:17:42Z,bird,bird,,False,False,False,,,
GEN-00299,GEN,2025-09-18T15:04:50Z,bird,bird,,False,False,False,,,
GEN-00055,GEN,2025-09-18T20:46:56Z,bird,bird,,False,False,False,,,
GEN-00305,GEN,2025-09-18T14:03:34Z,bird,bird,,False,False,False,,,
GEN-00059,GEN,2025-09-18T14:04:30Z,bird,bird,,False,False,False,,,
GEN-00298,GEN,2025-09-18T23:27:08Z,bird,bird,,False,False,False,,,
GEN-00044,GEN,2025-09-18T15:33:24Z,bird,bird,,False,False,False,,,
GEN-00223,GEN,2025-09-18T13:22:28Z,bird,bird,,False,False,False,,,
GEN-00213,GEN,2025-09-18T12:09:00Z,bird,bird,,False,False,False,,,
GEN-00156,GEN,2025-09-18T16:28:10Z,bird,bird,,False,False,False,,,
GEN-00049,GEN,2025-09-19T00:30:56Z,bird,bird,,False,False,False,,,
GEN-00030,GEN,2025-09-18T15:53:00Z,bird,bird,,False,False,False,,,
GEN-00290,GEN,2025-09-19T01:45:38Z,bird,bird,,False,False,False,,,
GEN-00117,GEN,2025-09-18T15:17:24Z,bird,bird,,False,False,False,,,
GEN-00083,GEN,2025-09-18T21:08:46Z,bird,bird,,False,False,False,,,
GEN-00202,GEN,2025-09-19T02:56:22Z,bird,bird,,False,False,False,,,
GEN-00337,GEN,2025-09-18T13:08:58Z,bird,bird,,False,False,False,,,
GEN-00211,GEN,2025-09-18T14:08:18Z,bird,bird,,False,False,False,,,
GEN-00297,GEN,2025-09-19T01:11:46Z,bird,bird,,False,False,False,,,
GEN-00183,GEN,2025-09-19T02:24:22Z,bird,bird,,False,False,False,,,
GEN-00332,GEN,2025-09-18T23:21:12Z,bird,bird,,False,False,False,,,
GEN-00068,GEN,2025-09-18T23:22:58Z,bird,bird,,False,False,False,,,
GEN-00102,GEN,2025-09-18T22:27:48Z,bird,bird,,False,False,False,,,
GEN-00169,GEN,2025-09-18T18:19:06Z,bird,bird,,False,False,False,,,
GEN-00236,GEN,2025-09-19T01:53:08Z,ground_vehicle,other,,False,False,False,,,
GEN-00210,GEN,2025-09-19T01:53:46Z,ground_vehicle,other,,False,False,False,,,
GEN-00226,GEN,2025-09-18T23:56:12Z,ground_vehicle,other,,False,False,False,,,
GEN-00025,GEN,2025-09-18T23:56:52Z,ground_vehicle,other,,False,False,False,,,
GEN-00128,GEN,2025-09-18T23:58:18Z,ground_vehicle,other,,False,False,False,,,
GEN-00135,GEN,2025-09-18T15:46:42Z,ground_vehicle,other,,False,False,False,,,
GEN-00106,GEN,2025-09-18T15:47:22Z,ground_vehicle,other,,False,False,False,,,
GEN-00067,GEN,2025-09-18T14:13:08Z,ground_vehicle,other,,False,False,False,,,
GEN-00228,GEN,2025-09-18T21:58:36Z,ground_vehicle,other,,False,False,False,,,
GEN-00129,GEN,2025-09-18T21:59:42Z,ground_vehicle,other,,False,False,False,,,
GEN-00021,GEN,2025-09-18T23:08:58Z,ground_vehicle,other,,False,False,False,,,
GEN-00244,GEN,2025-09-18T23:09:38Z,ground_vehicle,other,,False,False,False,,,
GEN-00241,GEN,2025-09-18T19:27:48Z,ground_vehicle,other,,False,False,False,,,
GEN-00171,GEN,2025-09-18T23:42:42Z,ground_vehicle,other,,False,False,False,,,
GEN-00013,GEN,2025-09-18T23:43:10Z,ground_vehicle,other,,False,False,False,,,
GEN-00313,GEN,2025-09-19T03:42:34Z,ground_vehicle,other,,False,False,False,,,
GEN-00043,GEN,2025-09-18T12:33:32Z,ground_vehicle,other,,False,False,False,,,
GEN-00249,GEN,2025-09-18T12:35:20Z,ground_vehicle,other,,False,False,False,,,
GEN-00264,GEN,2025-09-19T03:28:22Z,ground_vehicle,other,,False,False,False,,,
GEN-00266,GEN,2025-09-19T03:29:22Z,ground_vehicle,other,,False,False,False,,,
GEN-00086,GEN,2025-09-18T16:51:36Z,ground_vehicle,other,,False,False,False,,,
GEN-00334,GEN,2025-09-18T16:52:32Z,ground_vehicle,other,,False,False,False,,,
GEN-00191,GEN,2025-09-18T13:32:20Z,ground_vehicle,other,,False,False,False,,,
GEN-00255,GEN,2025-09-18T16:20:06Z,ground_vehicle,other,,False,False,False,,,
GEN-00087,GEN,2025-09-18T16:20:24Z,ground_vehicle,other,,False,False,False,,,
GEN-00118,GEN,2025-09-18T16:20:52Z,ground_vehicle,other,,False,False,False,,,
GEN-00321,GEN,2025-09-19T02:09:10Z,ground_vehicle,other,,False,False,False,,,
GEN-00320,GEN,2025-09-19T02:09:50Z,ground_vehicle,other,,False,False,False,,,
GEN-00199,GEN,2025-09-19T02:10:30Z,ground_vehicle,other,,False,False,False,,,
GEN-00031,GEN,2025-09-18T15:12:50Z,ground_vehicle,other,,False,False,False,,,
GEN-00101,GEN,2025-09-18T15:13:46Z,ground_vehicle,other,,False,False,False,,,
GEN-00192,GEN,2025-09-18T14:03:52Z,drone_multirotor,drone,loiter,False,False,False,,53.365592,-114.332194
GEN-00124,GEN,2025-09-18T19:23:28Z,drone_multirotor,drone,incursion,False,False,True,2025-09-18T19:25:49Z,53.341073,-114.276074
GEN-00308,GEN,2025-09-18T22:22:12Z,drone_multirotor,drone,transit,False,False,False,,53.332903,-114.316723
GEN-00096,GEN,2025-09-18T16:18:28Z,drone_multirotor,drone,incursion,False,False,True,2025-09-18T16:20:23Z,53.332658,-114.317773
GEN-00198,GEN,2025-09-19T12:46:40Z,bird,bird,,False,False,False,,,
GEN-00353,GEN,2025-09-19T15:43:12Z,bird,bird,,False,False,False,,,
GEN-00230,GEN,2025-09-19T21:45:18Z,bird,bird,,False,False,False,,,
GEN-00155,GEN,2025-09-19T13:13:50Z,bird,bird,,False,False,False,,,
GEN-00052,GEN,2025-09-19T14:06:44Z,bird,bird,,False,False,False,,,
GEN-00050,GEN,2025-09-19T18:15:22Z,bird,bird,,False,False,False,,,
GEN-00065,GEN,2025-09-20T00:19:46Z,bird,bird,,False,False,False,,,
GEN-00116,GEN,2025-09-19T23:33:36Z,bird,bird,,False,False,False,,,
GEN-00082,GEN,2025-09-19T18:03:54Z,bird,bird,,False,False,False,,,
GEN-00256,GEN,2025-09-19T23:13:18Z,bird,bird,,False,False,False,,,
GEN-00262,GEN,2025-09-20T00:26:46Z,bird,bird,,False,False,False,,,
GEN-00203,GEN,2025-09-19T13:01:48Z,bird,bird,,False,False,False,,,
GEN-00195,GEN,2025-09-19T13:56:08Z,bird,bird,,False,False,False,,,
GEN-00206,GEN,2025-09-19T12:49:44Z,bird,bird,,False,False,False,,,
GEN-00009,GEN,2025-09-19T12:47:48Z,bird,bird,,False,False,False,,,
GEN-00302,GEN,2025-09-19T21:13:44Z,bird,bird,,False,False,False,,,
GEN-00022,GEN,2025-09-19T16:54:42Z,ground_vehicle,other,,False,False,False,,,
GEN-00181,GEN,2025-09-19T12:29:32Z,ground_vehicle,other,,False,False,False,,,
GEN-00042,GEN,2025-09-19T12:30:18Z,ground_vehicle,other,,False,False,False,,,
GEN-00069,GEN,2025-09-20T01:36:20Z,ground_vehicle,other,,False,False,False,,,
GEN-00138,GEN,2025-09-19T21:56:16Z,ground_vehicle,other,,False,False,False,,,
GEN-00151,GEN,2025-09-19T21:56:42Z,ground_vehicle,other,,False,False,False,,,
GEN-00283,GEN,2025-09-19T21:57:24Z,ground_vehicle,other,,False,False,False,,,
GEN-00288,GEN,2025-09-19T21:57:58Z,ground_vehicle,other,,False,False,False,,,
GEN-00012,GEN,2025-09-19T16:48:46Z,ground_vehicle,other,,False,False,False,,,
GEN-00071,GEN,2025-09-19T20:02:26Z,ground_vehicle,other,,False,False,False,,,
GEN-00027,GEN,2025-09-19T20:03:24Z,ground_vehicle,other,,False,False,False,,,
GEN-00177,GEN,2025-09-19T18:23:34Z,ground_vehicle,other,,False,False,False,,,
GEN-00054,GEN,2025-09-19T18:24:10Z,ground_vehicle,other,,False,False,False,,,
GEN-00110,GEN,2025-09-20T03:47:16Z,ground_vehicle,other,,False,False,False,,,
GEN-00039,GEN,2025-09-20T03:48:10Z,ground_vehicle,other,,False,False,False,,,
GEN-00322,GEN,2025-09-20T01:50:36Z,ground_vehicle,other,,False,False,False,,,
GEN-00120,GEN,2025-09-19T12:02:04Z,ground_vehicle,other,,False,False,False,,,
GEN-00063,GEN,2025-09-19T12:02:40Z,ground_vehicle,other,,False,False,False,,,
GEN-00227,GEN,2025-09-19T14:45:04Z,ground_vehicle,other,,False,False,False,,,
GEN-00267,GEN,2025-09-19T15:55:14Z,drone_multirotor,drone,incursion,False,False,True,2025-09-19T15:57:51Z,53.335847,-114.319637
GEN-00141,GEN,2025-09-20T00:53:34Z,drone_fixed_wing,drone,incursion,False,False,True,2025-09-20T00:54:30Z,53.336948,-114.324778
GEN-00015,GEN,2025-09-19T17:40:06Z,drone_multirotor,drone,loiter,False,False,False,,53.375381,-114.30333
GEN-00356,GEN,2025-09-19T17:58:42Z,drone_multirotor,drone,loiter,False,False,False,,53.375381,-114.30333
GEN-00149,GEN,2025-09-19T20:59:48Z,drone_multirotor,drone,incursion,False,False,True,2025-09-19T21:01:45Z,53.363323,-114.315079
RAH-00345,RAH,2025-09-15T13:00:10Z,helicopter,manned,,False,False,False,,,
RAH-00021,RAH,2025-09-16T03:32:00Z,helicopter,manned,,False,False,False,,,
RAH-00123,RAH,2025-09-15T14:35:28Z,helicopter,manned,,False,False,False,,,
RAH-00247,RAH,2025-09-15T16:55:34Z,helicopter,manned,,False,False,False,,,
RAH-00046,RAH,2025-09-15T16:57:28Z,helicopter,manned,,False,False,False,,,
RAH-00347,RAH,2025-09-15T12:50:28Z,bird,bird,,False,False,False,,,
RAH-00331,RAH,2025-09-16T00:59:38Z,bird,bird,,False,False,False,,,
RAH-00142,RAH,2025-09-15T14:40:56Z,bird,bird,,False,False,False,,,
RAH-00134,RAH,2025-09-15T14:37:14Z,bird,bird,,False,False,False,,,
RAH-00108,RAH,2025-09-15T14:38:08Z,bird,bird,,False,False,False,,,
RAH-00258,RAH,2025-09-15T14:38:56Z,bird,bird,,False,False,False,,,
RAH-00286,RAH,2025-09-16T01:31:22Z,bird,bird,,False,False,False,,,
RAH-00102,RAH,2025-09-16T02:04:32Z,bird,bird,,False,False,False,,,
RAH-00148,RAH,2025-09-15T20:45:12Z,bird,bird,,False,False,False,,,
RAH-00176,RAH,2025-09-15T13:59:42Z,bird,bird,,False,False,False,,,
RAH-00074,RAH,2025-09-15T23:58:56Z,bird,bird,,False,False,False,,,
RAH-00146,RAH,2025-09-15T23:59:44Z,bird,bird,,False,False,False,,,
RAH-00036,RAH,2025-09-15T14:32:12Z,bird,bird,,False,False,False,,,
RAH-00027,RAH,2025-09-15T21:37:14Z,bird,bird,,False,False,False,,,
RAH-00079,RAH,2025-09-15T19:39:24Z,bird,bird,,False,False,False,,,
RAH-00241,RAH,2025-09-16T00:58:46Z,bird,bird,,False,False,False,,,
RAH-00233,RAH,2025-09-15T14:51:40Z,bird,bird,,False,False,False,,,
RAH-00095,RAH,2025-09-15T23:14:24Z,bird,bird,,False,False,False,,,
RAH-00170,RAH,2025-09-15T12:29:48Z,bird,bird,,False,False,False,,,
RAH-00033,RAH,2025-09-15T12:40:30Z,bird,bird,,False,False,False,,,
RAH-00158,RAH,2025-09-15T19:58:46Z,ground_vehicle,other,,False,False,False,,,
RAH-00255,RAH,2025-09-16T00:14:14Z,ground_vehicle,other,,False,False,False,,,
RAH-00180,RAH,2025-09-16T03:16:16Z,ground_vehicle,other,,False,False,False,,,
RAH-00187,RAH,2025-09-16T03:17:02Z,ground_vehicle,other,,False,False,False,,,
RAH-00032,RAH,2025-09-15T19:25:12Z,ground_vehicle,other,,False,False,False,,,
RAH-00174,RAH,2025-09-15T12:47:28Z,ground_vehicle,other,,False,False,False,,,
RAH-00277,RAH,2025-09-16T01:15:12Z,ground_vehicle,other,,False,False,False,,,
RAH-00267,RAH,2025-09-16T02:44:32Z,ground_vehicle,other,,False,False,False,,,
RAH-00201,RAH,2025-09-15T23:42:16Z,ground_vehicle,other,,False,False,False,,,
RAH-00017,RAH,2025-09-15T23:43:38Z,ground_vehicle,other,,False,False,False,,,
RAH-00157,RAH,2025-09-15T16:15:56Z,ground_vehicle,other,,False,False,False,,,
RAH-00332,RAH,2025-09-15T16:39:04Z,ground_vehicle,other,,False,False,False,,,
RAH-00145,RAH,2025-09-15T12:04:02Z,ground_vehicle,other,,False,False,False,,,
RAH-00111,RAH,2025-09-15T17:06:26Z,ground_vehicle,other,,False,False,False,,,
RAH-00208,RAH,2025-09-15T17:06:54Z,ground_vehicle,other,,False,False,False,,,
RAH-00312,RAH,2025-09-15T15:23:06Z,ground_vehicle,other,,False,False,False,,,
RAH-00104,RAH,2025-09-15T14:40:36Z,ground_vehicle,other,,False,False,False,,,
RAH-00318,RAH,2025-09-15T22:48:20Z,ground_vehicle,other,,False,False,False,,,
RAH-00130,RAH,2025-09-15T13:27:00Z,ground_vehicle,other,,False,False,False,,,
RAH-00279,RAH,2025-09-15T19:35:44Z,balloon,other,,False,False,False,,,
RAH-00098,RAH,2025-09-16T00:11:32Z,drone_multirotor,drone,authorized,True,False,True,2025-09-16T00:11:32Z,53.558693,-113.501819
RAH-00053,RAH,2025-09-15T23:07:48Z,drone_fixed_wing,drone,transit,False,False,False,,53.574712,-113.527135
RAH-00140,RAH,2025-09-15T21:16:38Z,drone_multirotor,drone,loiter,False,False,False,,53.55426,-113.527606
RAH-00302,RAH,2025-09-15T22:18:58Z,drone_multirotor,drone,authorized,True,False,True,2025-09-15T22:18:58Z,53.558441,-113.502795
RAH-00132,RAH,2025-09-15T20:27:32Z,drone_multirotor,drone,transit,False,False,False,,53.55717,-113.526253
RAH-00152,RAH,2025-09-15T19:47:40Z,drone_multirotor,drone,loiter,False,False,False,,53.535207,-113.524293
RAH-00307,RAH,2025-09-15T19:48:34Z,drone_multirotor,drone,loiter,False,False,False,,53.535207,-113.524293
RAH-00028,RAH,2025-09-15T14:59:22Z,drone_fixed_wing,drone,transit,False,False,False,,53.554043,-113.464763
RAH-00037,RAH,2025-09-17T01:10:08Z,helicopter,manned,,False,False,False,,,
RAH-00295,RAH,2025-09-16T23:12:50Z,helicopter,manned,,False,False,False,,,
RAH-00298,RAH,2025-09-17T02:10:36Z,helicopter,manned,,False,False,False,,,
RAH-00172,RAH,2025-09-16T19:14:00Z,helicopter,manned,,False,False,False,,,
RAH-00076,RAH,2025-09-16T20:51:40Z,helicopter,manned,,False,False,False,,,
RAH-00177,RAH,2025-09-16T13:59:44Z,bird,bird,,False,False,False,,,
RAH-00044,RAH,2025-09-16T12:47:46Z,bird,bird,,False,False,False,,,
RAH-00238,RAH,2025-09-17T02:45:58Z,bird,bird,,False,False,False,,,
RAH-00319,RAH,2025-09-16T12:50:16Z,bird,bird,,False,False,False,,,
RAH-00346,RAH,2025-09-17T02:28:40Z,bird,bird,,False,False,False,,,
RAH-00192,RAH,2025-09-16T22:45:28Z,bird,bird,,False,False,False,,,
RAH-00265,RAH,2025-09-16T22:46:02Z,bird,bird,,False,False,False,,,
RAH-00035,RAH,2025-09-16T15:56:38Z,bird,bird,,False,False,False,,,
RAH-00059,RAH,2025-09-16T12:47:36Z,bird,bird,,False,False,False,,,
RAH-00222,RAH,2025-09-17T02:37:04Z,bird,bird,,False,False,False,,,
RAH-00316,RAH,2025-09-17T01:06:22Z,bird,bird,,False,False,False,,,
RAH-00112,RAH,2025-09-17T01:36:36Z,bird,bird,,False,False,False,,,
RAH-00342,RAH,2025-09-16T13:31:18Z,bird,bird,,False,False,False,,,
RAH-00105,RAH,2025-09-17T02:39:34Z,bird,bird,,False,False,False,,,
RAH-00290,RAH,2025-09-17T02:38:06Z,bird,bird,,False,False,False,,,
RAH-00337,RAH,2025-09-16T13:56:16Z,bird,bird,,False,False,False,,,
RAH-00317,RAH,2025-09-17T01:05:08Z,bird,bird,,False,False,False,,,
RAH-00089,RAH,2025-09-17T02:34:00Z,bird,bird,,False,False,False,,,
RAH-00276,RAH,2025-09-16T16:13:22Z,bird,bird,,False,False,False,,,
RAH-00125,RAH,2025-09-16T17:08:10Z,bird,bird,,False,False,False,,,
RAH-00259,RAH,2025-09-16T17:09:22Z,bird,bird,,False,False,False,,,
RAH-00275,RAH,2025-09-16T21:18:32Z,bird,bird,,False,False,False,,,
RAH-00213,RAH,2025-09-16T12:31:38Z,bird,bird,,False,False,False,,,
RAH-00200,RAH,2025-09-16T13:55:52Z,bird,bird,,False,False,False,,,
RAH-00264,RAH,2025-09-16T12:22:34Z,bird,bird,,False,False,False,,,
RAH-00266,RAH,2025-09-17T00:57:44Z,bird,bird,,False,False,False,,,
RAH-00018,RAH,2025-09-16T13:29:06Z,ground_vehicle,other,,False,False,False,,,
RAH-00274,RAH,2025-09-16T16:12:00Z,ground_vehicle,other,,False,False,False,,,
RAH-00143,RAH,2025-09-16T16:13:58Z,ground_vehicle,other,,False,False,False,,,
RAH-00121,RAH,2025-09-17T00:18:00Z,ground_vehicle,other,,False,False,False,,,
RAH-00042,RAH,2025-09-16T15:44:22Z,ground_vehicle,other,,False,False,False,,,
RAH-00263,RAH,2025-09-16T20:16:10Z,ground_vehicle,other,,False,False,False,,,
RAH-00025,RAH,2025-09-17T01:47:44Z,ground_vehicle,other,,False,False,False,,,
RAH-00253,RAH,2025-09-17T01:49:46Z,ground_vehicle,other,,False,False,False,,,
RAH-00340,RAH,2025-09-16T18:21:56Z,ground_vehicle,other,,False,False,False,,,
RAH-00212,RAH,2025-09-16T18:22:28Z,ground_vehicle,other,,False,False,False,,,
RAH-00182,RAH,2025-09-16T18:24:10Z,ground_vehicle,other,,False,False,False,,,
RAH-00291,RAH,2025-09-17T01:23:52Z,ground_vehicle,other,,False,False,False,,,
RAH-00188,RAH,2025-09-17T00:31:02Z,ground_vehicle,other,,False,False,False,,,
RAH-00023,RAH,2025-09-16T14:55:24Z,ground_vehicle,other,,False,False,False,,,
RAH-00056,RAH,2025-09-16T19:51:20Z,ground_vehicle,other,,False,False,False,,,
RAH-00283,RAH,2025-09-16T19:52:58Z,ground_vehicle,other,,False,False,False,,,
RAH-00050,RAH,2025-09-16T17:53:06Z,ground_vehicle,other,,False,False,False,,,
RAH-00292,RAH,2025-09-16T20:08:54Z,ground_vehicle,other,,False,False,False,,,
RAH-00041,RAH,2025-09-16T14:36:26Z,ground_vehicle,other,,False,False,False,,,
RAH-00239,RAH,2025-09-16T14:36:54Z,ground_vehicle,other,,False,False,False,,,
RAH-00284,RAH,2025-09-16T14:38:48Z,ground_vehicle,other,,False,False,False,,,
RAH-00107,RAH,2025-09-17T03:27:20Z,ground_vehicle,other,,False,False,False,,,
RAH-00270,RAH,2025-09-16T19:06:04Z,ground_vehicle,other,,False,False,False,,,
RAH-00196,RAH,2025-09-16T19:06:44Z,ground_vehicle,other,,False,False,False,,,
RAH-00320,RAH,2025-09-16T23:39:14Z,drone_multirotor,drone,incursion,False,False,True,2025-09-16T23:41:16Z,53.56744,-113.481956
RAH-00179,RAH,2025-09-16T20:07:10Z,drone_multirotor,drone,transit,False,False,False,,53.543404,-113.540886
RAH-00043,RAH,2025-09-16T16:27:14Z,drone_multirotor,drone,incursion,False,False,True,2025-09-16T16:29:21Z,53.579144,-113.494048
RAH-00314,RAH,2025-09-16T14:51:42Z,drone_multirotor,drone,authorized,True,False,True,2025-09-16T14:51:42Z,53.562617,-113.492797
RAH-00268,RAH,2025-09-16T16:04:16Z,drone_multirotor,drone,transit,False,True,False,,53.558102,-113.521998
RAH-00165,RAH,2025-09-18T01:33:40Z,helicopter,manned,,False,False,False,,,
RAH-00133,RAH,2025-09-17T21:15:38Z,helicopter,manned,,False,False,False,,,
RAH-00297,RAH,2025-09-18T00:16:56Z,helicopter,manned,,False,False,False,,,
RAH-00223,RAH,2025-09-17T18:17:42Z,helicopter,manned,,False,False,False,,,
RAH-00147,RAH,2025-09-17T22:26:02Z,helicopter,manned,,False,False,False,,,
RAH-00288,RAH,2025-09-17T16:48:42Z,helicopter,manned,,False,False,False,,,
RAH-00262,RAH,2025-09-17T15:09:44Z,bird,bird,,False,False,False,,,
RAH-00171,RAH,2025-09-17T20:01:06Z,bird,bird,,False,False,False,,,
RAH-00001,RAH,2025-09-17T15:27:08Z,bird,bird,,False,False,False,,,
RAH-00040,RAH,2025-09-17T19:26:50Z,bird,bird,,False,False,False,,,
RAH-00135,RAH,2025-09-17T12:18:46Z,bird,bird,,False,False,False,,,
RAH-00081,RAH,2025-09-18T02:29:36Z,bird,bird,,False,False,False,,,
RAH-00315,RAH,2025-09-18T02:11:02Z,bird,bird,,False,False,False,,,
RAH-00227,RAH,2025-09-17T23:11:24Z,bird,bird,,False,False,False,,,
RAH-00204,RAH,2025-09-17T23:39:26Z,bird,bird,,False,False,False,,,
RAH-00328,RAH,2025-09-17T12:13:44Z,bird,bird,,False,False,False,,,
RAH-00280,RAH,2025-09-17T14:19:44Z,bird,bird,,False,False,False,,,
RAH-00294,RAH,2025-09-17T17:41:18Z,bird,bird,,False,False,False,,,
RAH-00339,RAH,2025-09-17T23:53:56Z,bird,bird,,False,False,False,,,
RAH-00218,RAH,2025-09-17T13:25:30Z,bird,bird,,False,False,False,,,
RAH-00066,RAH,2025-09-17T12:45:22Z,bird,bird,,False,False,False,,,
RAH-00013,RAH,2025-09-17T19:07:50Z,ground_vehicle,other,,False,False,False,,,
RAH-00026,RAH,2025-09-18T03:50:08Z,ground_vehicle,other,,False,False,False,,,
RAH-00011,RAH,2025-09-18T01:37:56Z,ground_vehicle,other,,False,False,False,,,
RAH-00116,RAH,2025-09-17T15:24:00Z,ground_vehicle,other,,False,False,False,,,
RAH-00002,RAH,2025-09-18T02:27:56Z,ground_vehicle,other,,False,False,False,,,
RAH-00055,RAH,2025-09-17T23:57:52Z,ground_vehicle,other,,False,False,False,,,
RAH-00216,RAH,2025-09-17T16:54:20Z,ground_vehicle,other,,False,False,False,,,
RAH-00224,RAH,2025-09-17T16:54:50Z,ground_vehicle,other,,False,False,False,,,
RAH-00230,RAH,2025-09-17T16:56:12Z,ground_vehicle,other,,False,False,False,,,
RAH-00003,RAH,2025-09-17T16:57:08Z,ground_vehicle,other,,False,False,False,,,
RAH-00049,RAH,2025-09-17T12:42:30Z,ground_vehicle,other,,False,False,False,,,
RAH-00004,RAH,2025-09-17T17:10:12Z,ground_vehicle,other,,False,False,False,,,
RAH-00155,RAH,2025-09-17T14:12:10Z,ground_vehicle,other,,False,False,False,,,
RAH-00325,RAH,2025-09-17T14:14:18Z,ground_vehicle,other,,False,False,False,,,
RAH-00184,RAH,2025-09-17T14:09:34Z,ground_vehicle,other,,False,False,False,,,
RAH-00120,RAH,2025-09-17T18:27:20Z,drone_multirotor,drone,loiter,False,True,True,2025-09-17T18:28:45Z,53.559381,-113.472321
RAH-00113,RAH,2025-09-17T15:01:52Z,drone_fixed_wing,drone,transit,False,False,False,,53.568772,-113.482687
RAH-00080,RAH,2025-09-17T16:00:18Z,drone_multirotor,drone,authorized,True,False,True,2025-09-17T16:00:18Z,53.556673,-113.491559
RAH-00162,RAH,2025-09-17T15:06:32Z,drone_fixed_wing,drone,loiter,False,False,True,2025-09-17T15:08:59Z,53.583108,-113.502147
RAH-00261,RAH,2025-09-17T23:45:58Z,drone_multirotor,drone,loiter,False,False,False,,53.570463,-113.539066
RAH-00069,RAH,2025-09-18T15:01:18Z,helicopter,manned,,False,False,False,,,
RAH-00150,RAH,2025-09-18T19:10:46Z,helicopter,manned,,False,False,False,,,
RAH-00299,RAH,2025-09-19T03:14:54Z,helicopter,manned,,False,False,False,,,
RAH-00034,RAH,2025-09-18T18:55:46Z,helicopter,manned,,False,False,False,,,
RAH-00189,RAH,2025-09-18T22:40:46Z,helicopter,manned,,False,False,False,,,
RAH-00117,RAH,2025-09-18T14:57:06Z,bird,bird,,False,False,False,,,
RAH-00169,RAH,2025-09-18T12:37:46Z,bird,bird,,False,False,False,,,
RAH-00052,RAH,2025-09-19T01:10:46Z,bird,bird,,False,False,False,,,
RAH-00091,RAH,2025-09-18T14:13:56Z,bird,bird,,False,False,False,,,
RAH-00205,RAH,2025-09-18T14:43:12Z,bird,bird,,False,False,False,,,
RAH-00191,RAH,2025-09-18T16:04:58Z,bird,bird,,False,False,False,,,
RAH-00235,RAH,2025-09-18T15:15:58Z,bird,bird,,False,False,False,,,
RAH-00254,RAH,2025-09-19T01:25:12Z,bird,bird,,False,False,False,,,
RAH-00333,RAH,2025-09-19T00:37:58Z,bird,bird,,False,False,False,,,
RAH-00248,RAH,2025-09-18T14:44:08Z,bird,bird,,False,False,False,,,
RAH-00269,RAH,2025-09-18T19:17:36Z,bird,bird,,False,False,False,,,
RAH-00249,RAH,2025-09-19T02:58:20Z,bird,bird,,False,False,False,,,
RAH-00228,RAH,2025-09-18T14:21:38Z,bird,bird,,False,False,False,,,
RAH-00106,RAH,2025-09-18T23:15:26Z,bird,bird,,False,False,False,,,
RAH-00183,RAH,2025-09-18T23:20:56Z,bird,bird,,False,False,False,,,
RAH-00153,RAH,2025-09-18T12:17:54Z,bird,bird,,False,False,False,,,
RAH-00154,RAH,2025-09-19T02:07:44Z,bird,bird,,False,False,False,,,
RAH-00101,RAH,2025-09-18T15:34:24Z,bird,bird,,False,False,False,,,
RAH-00138,RAH,2025-09-18T13:26:04Z,bird,bird,,False,False,False,,,
RAH-00234,RAH,2025-09-18T20:38:04Z,bird,bird,,False,False,False,,,
RAH-00119,RAH,2025-09-18T12:44:38Z,bird,bird,,False,False,False,,,
RAH-00300,RAH,2025-09-19T00:12:34Z,bird,bird,,False,False,False,,,
RAH-00178,RAH,2025-09-18T15:29:46Z,bird,bird,,False,False,False,,,
RAH-00324,RAH,2025-09-18T23:02:50Z,bird,bird,,False,False,False,,,
RAH-00099,RAH,2025-09-18T14:44:50Z,bird,bird,,False,False,False,,,
RAH-00308,RAH,2025-09-18T16:35:32Z,ground_vehicle,other,,False,False,False,,,
RAH-00151,RAH,2025-09-18T18:32:26Z,ground_vehicle,other,,False,False,False,,,
RAH-00330,RAH,2025-09-18T18:34:04Z,ground_vehicle,other,,False,False,False,,,
RAH-00167,RAH,2025-09-19T02:22:42Z,ground_vehicle,other,,False,False,False,,,
RAH-00007,RAH,2025-09-18T15:48:54Z,ground_vehicle,other,,False,False,False,,,
RAH-00166,RAH,2025-09-18T15:49:24Z,ground_vehicle,other,,False,False,False,,,
RAH-00271,RAH,2025-09-18T22:52:38Z,ground_vehicle,other,,False,False,False,,,
RAH-00197,RAH,2025-09-18T22:53:14Z,ground_vehicle,other,,False,False,False,,,
RAH-00097,RAH,2025-09-18T14:16:42Z,ground_vehicle,other,,False,False,False,,,
RAH-00127,RAH,2025-09-18T14:02:28Z,ground_vehicle,other,,False,False,False,,,
RAH-00110,RAH,2025-09-19T02:31:30Z,ground_vehicle,other,,False,False,False,,,
RAH-00301,RAH,2025-09-19T02:31:58Z,ground_vehicle,other,,False,False,False,,,
RAH-00071,RAH,2025-09-18T12:19:18Z,ground_vehicle,other,,False,False,False,,,
RAH-00303,RAH,2025-09-19T03:47:36Z,ground_vehicle,other,,False,False,False,,,
RAH-00141,RAH,2025-09-18T19:34:48Z,ground_vehicle,other,,False,False,False,,,
RAH-00164,RAH,2025-09-18T22:29:26Z,ground_vehicle,other,,False,False,False,,,
RAH-00061,RAH,2025-09-18T17:03:04Z,balloon,other,,False,False,False,,,
RAH-00240,RAH,2025-09-19T00:31:28Z,drone_multirotor,drone,authorized,True,False,True,2025-09-19T00:31:28Z,53.557345,-113.494189
RAH-00229,RAH,2025-09-18T20:37:16Z,drone_multirotor,drone,incursion,False,False,True,2025-09-18T20:40:18Z,53.540428,-113.498253
RAH-00173,RAH,2025-09-19T01:56:26Z,drone_multirotor,drone,transit,False,True,False,,53.578468,-113.506604
RAH-00126,RAH,2025-09-18T23:06:58Z,drone_multirotor,drone,incursion,False,False,True,2025-09-18T23:08:46Z,53.570167,-113.478291
RAH-00093,RAH,2025-09-18T21:36:48Z,drone_multirotor,drone,incursion,False,False,True,2025-09-18T21:37:33Z,53.548896,-113.484082
RAH-00341,RAH,2025-09-18T17:28:54Z,drone_multirotor,drone,incursion,False,False,True,2025-09-18T17:29:52Z,53.56838,-113.490712
RAH-00084,RAH,2025-09-18T23:00:10Z,drone_multirotor,drone,loiter,False,False,False,,53.5408,-113.505538
RAH-00245,RAH,2025-09-19T18:21:28Z,helicopter,manned,,False,False,False,,,
RAH-00220,RAH,2025-09-20T03:31:50Z,helicopter,manned,,False,False,False,,,
RAH-00246,RAH,2025-09-20T02:44:58Z,helicopter,manned,,False,False,False,,,
RAH-00045,RAH,2025-09-19T12:51:26Z,helicopter,manned,,False,False,False,,,
RAH-00282,RAH,2025-09-20T01:50:54Z,helicopter,manned,,False,False,False,,,
RAH-00118,RAH,2025-09-20T04:08:04Z,helicopter,manned,,False,False,False,,,
RAH-00203,RAH,2025-09-20T01:52:20Z,bird,bird,,False,False,False,,,
RAH-00348,RAH,2025-09-19T17:21:52Z,bird,bird,,False,False,False,,,
RAH-00175,RAH,2025-09-20T02:29:48Z,bird,bird,,False,False,False,,,
RAH-00211,RAH,2025-09-20T02:30:30Z,bird,bird,,False,False,False,,,
RAH-00058,RAH,2025-09-20T02:31:24Z,bird,bird,,False,False,False,,,
RAH-00343,RAH,2025-09-19T15:25:28Z,bird,bird,,False,False,False,,,
RAH-00256,RAH,2025-09-19T13:21:24Z,bird,bird,,False,False,False,,,
RAH-00168,RAH,2025-09-19T19:12:34Z,bird,bird,,False,False,False,,,
RAH-00078,RAH,2025-09-19T19:28:40Z,bird,bird,,False,False,False,,,
RAH-00244,RAH,2025-09-20T00:47:02Z,bird,bird,,False,False,False,,,
RAH-00115,RAH,2025-09-19T12:12:16Z,bird,bird,,False,False,False,,,
RAH-00202,RAH,2025-09-19T23:03:26Z,bird,bird,,False,False,False,,,
RAH-00048,RAH,2025-09-19T23:04:40Z,bird,bird,,False,False,False,,,
RAH-00326,RAH,2025-09-19T23:14:12Z,bird,bird,,False,False,False,,,
RAH-00215,RAH,2025-09-20T01:04:10Z,bird,bird,,False,False,False,,,
RAH-00006,RAH,2025-09-19T12:21:54Z,bird,bird,,False,False,False,,,
RAH-00072,RAH,2025-09-19T19:13:16Z,bird,bird,,False,False,False,,,
RAH-00336,RAH,2025-09-19T20:00:02Z,bird,bird,,False,False,False,,,
RAH-00219,RAH,2025-09-19T18:40:34Z,bird,bird,,False,False,False,,,
RAH-00129,RAH,2025-09-19T12:54:36Z,bird,bird,,False,False,False,,,
RAH-00304,RAH,2025-09-19T18:21:36Z,ground_vehicle,other,,False,False,False,,,
RAH-00047,RAH,2025-09-19T13:09:16Z,ground_vehicle,other,,False,False,False,,,
RAH-00161,RAH,2025-09-20T03:06:18Z,ground_vehicle,other,,False,False,False,,,
RAH-00008,RAH,2025-09-20T03:08:14Z,ground_vehicle,other,,False,False,False,,,
RAH-00010,RAH,2025-09-19T23:05:36Z,ground_vehicle,other,,False,False,False,,,
RAH-00067,RAH,2025-09-19T12:54:10Z,ground_vehicle,other,,False,False,False,,,
RAH-00109,RAH,2025-09-19T12:56:10Z,ground_vehicle,other,,False,False,False,,,
RAH-00199,RAH,2025-09-19T20:21:16Z,ground_vehicle,other,,False,False,False,,,
RAH-00065,RAH,2025-09-19T20:22:52Z,ground_vehicle,other,,False,False,False,,,
RAH-00232,RAH,2025-09-20T02:00:20Z,ground_vehicle,other,,False,False,False,,,
RAH-00273,RAH,2025-09-19T17:26:56Z,ground_vehicle,other,,False,False,False,,,
RAH-00149,RAH,2025-09-19T18:50:48Z,ground_vehicle,other,,False,False,False,,,
RAH-00070,RAH,2025-09-19T14:44:14Z,ground_vehicle,other,,False,False,False,,,
RAH-00349,RAH,2025-09-19T16:44:28Z,ground_vehicle,other,,False,False,False,,,
RAH-00103,RAH,2025-09-19T14:11:44Z,ground_vehicle,other,,False,False,False,,,
RAH-00242,RAH,2025-09-20T01:33:32Z,ground_vehicle,other,,False,False,False,,,
RAH-00083,RAH,2025-09-19T12:36:38Z,ground_vehicle,other,,False,False,False,,,
RAH-00287,RAH,2025-09-19T18:34:04Z,drone_multirotor,drone,transit,False,False,False,,53.548685,-113.5132
RAH-00128,RAH,2025-09-20T00:44:08Z,drone_fixed_wing,drone,incursion,False,False,True,2025-09-20T00:45:27Z,53.571469,-113.475201
RAH-00064,RAH,2025-09-19T16:31:34Z,drone_multirotor,drone,loiter,False,False,True,2025-09-19T16:34:49Z,53.568625,-113.450637
RAH-00252,RAH,2025-09-20T01:00:52Z,drone_multirotor,drone,transit,False,False,False,,53.582648,-113.469894
RAH-00060,RAH,2025-09-19T20:39:12Z,drone_fixed_wing,drone,transit,False,False,False,,53.535963,-113.482684
