detection_id,pass_id,timestamp,lat,lon,length_m,heading_deg,confidence
D00001,P001,2025-09-01T00:22:00Z,68.21438,-99.27998,57.0,,0.17
D00002,P001,2025-09-01T00:22:00Z,72.96929,-103.24029,30.0,,0.43
D00003,P001,2025-09-01T00:22:00Z,68.25023,-100.49899,33.0,,0.44
D00004,P001,2025-09-01T00:22:00Z,69.0692,-104.98573,123.0,,0.92
D00005,P001,2025-09-01T00:22:00Z,70.97535,-97.23158,44.0,,0.13
D00006,P001,2025-09-01T00:22:00Z,72.26739,-103.11284,23.0,,0.47
D00007,P002,2025-09-01T00:34:00Z,70.08242,-132.21509,29.0,57.0,0.79
D00008,P002,2025-09-01T00:34:00Z,70.7731,-132.17462,164.0,65.0,0.81
D00009,P002,2025-09-01T00:34:00Z,70.76728,-132.51347,52.0,80.0,0.8
D00010,P002,2025-09-01T00:34:00Z,72.43436,-129.86254,58.0,,0.33
D00011,P003,2025-09-01T09:00:00Z,70.14897,-132.0156,92.0,45.0,0.84
D00012,P003,2025-09-01T09:00:00Z,70.60955,-129.75449,30.0,63.0,0.46
D00013,P003,2025-09-01T09:00:00Z,70.8602,-127.91663,114.0,91.0,0.95
D00014,P003,2025-09-01T09:00:00Z,70.85325,-128.24882,63.0,82.0,0.78
D00015,P004,2025-09-01T12:50:00Z,67.87303,-115.06222,95.0,,0.76
D00016,P005,2025-09-01T13:45:00Z,74.54331,-125.72949,38.0,,0.1
D00017,P005,2025-09-01T13:45:00Z,70.84142,-128.26903,37.0,97.0,0.62
D00018,P005,2025-09-01T13:45:00Z,70.37487,-128.38416,28.0,,0.6
D00019,P005,2025-09-01T13:45:00Z,72.27045,-127.99748,23.0,,0.61
D00020,P005,2025-09-01T13:45:00Z,70.89809,-125.99439,43.0,,0.97
D00021,P005,2025-09-01T13:45:00Z,70.40265,-122.99595,116.0,,0.72
D00022,P005,2025-09-01T13:45:00Z,70.89947,-126.00163,118.0,,0.83
D00023,P006,2025-09-01T19:32:00Z,66.12409,-60.6386,77.0,338.0,0.64
D00024,P006,2025-09-01T19:32:00Z,68.39057,-65.00632,73.0,,0.61
D00025,P006,2025-09-01T19:32:00Z,70.30163,-62.21302,32.0,,0.35
D00026,P006,2025-09-01T19:32:00Z,66.18352,-60.98054,48.0,,0.74
D00027,P006,2025-09-01T19:32:00Z,66.61898,-60.67555,76.0,226.0,0.66
D00028,P006,2025-09-01T19:32:00Z,67.50558,-63.76867,134.0,,0.86
D00029,P006,2025-09-01T19:32:00Z,69.91422,-66.52065,224.0,,0.93
D00030,P006,2025-09-01T19:32:00Z,66.69359,-61.17432,66.0,323.0,0.95
D00031,P006,2025-09-01T19:32:00Z,68.89787,-61.99395,23.0,358.0,0.66
D00032,P006,2025-09-01T19:32:00Z,64.80489,-59.84538,30.0,,0.18
D00033,P006,2025-09-01T19:32:00Z,63.20664,-63.47768,47.0,,0.45
D00034,P006,2025-09-01T19:32:00Z,68.90449,-61.90835,39.0,,0.61
D00035,P006,2025-09-01T19:32:00Z,64.89996,-61.50035,163.0,,0.5
D00036,P006,2025-09-01T19:32:00Z,67.66834,-62.34853,160.0,,0.83
D00037,P006,2025-09-01T19:32:00Z,68.4736,-61.48832,149.0,,0.35
D00038,P006,2025-09-01T19:32:00Z,64.58735,-60.83611,73.0,,0.8
D00039,P006,2025-09-01T19:32:00Z,61.95255,-58.33569,15.0,,0.66
D00040,P006,2025-09-01T19:32:00Z,67.6236,-61.07855,107.0,346.0,0.72
D00041,P006,2025-09-01T19:32:00Z,65.26832,-61.17719,61.0,,0.84
D00042,P006,2025-09-01T19:32:00Z,64.55486,-59.29636,41.0,,0.89
D00043,P006,2025-09-01T19:32:00Z,66.30683,-60.46182,61.0,167.0,0.87
D00044,P006,2025-09-01T19:32:00Z,67.27932,-60.85526,150.0,349.0,0.77
D00045,P006,2025-09-01T19:32:00Z,62.49199,-63.98769,119.0,,0.86
D00046,P006,2025-09-01T19:32:00Z,65.5603,-60.3967,58.0,212.0,0.92
D00047,P006,2025-09-01T19:32:00Z,66.10871,-60.17004,51.0,,0.89
D00048,P006,2025-09-01T19:32:00Z,65.74386,-59.83076,52.0,257.0,0.73
D00049,P006,2025-09-01T19:32:00Z,63.60977,-64.03704,130.0,,0.61
D00050,P006,2025-09-01T19:32:00Z,68.99274,-62.06616,60.0,9.0,0.78
D00051,P007,2025-09-01T19:45:00Z,71.00266,-127.35826,80.0,89.0,0.8
D00052,P007,2025-09-01T19:45:00Z,70.40291,-122.99025,123.0,,0.64
D00053,P007,2025-09-01T19:45:00Z,70.89977,-126.00733,50.0,276.0,0.66
D00054,P007,2025-09-01T19:45:00Z,72.07449,-125.82512,56.0,,0.18
D00055,P007,2025-09-01T19:45:00Z,70.89154,-126.2933,121.0,261.0,0.92
D00056,P008,2025-09-01T19:53:00Z,70.89153,-126.37045,131.0,275.0,0.84
D00057,P008,2025-09-01T19:53:00Z,70.89734,-126.08086,61.0,,0.89
D00058,P008,2025-09-01T19:53:00Z,70.99635,-127.29031,70.0,117.0,0.77
D00059,P008,2025-09-01T19:53:00Z,73.21463,-127.56484,59.0,,0.42
D00060,P008,2025-09-01T19:53:00Z,70.64685,-126.18522,38.0,117.0,0.25
D00061,P008,2025-09-01T19:53:00Z,72.38719,-128.10833,26.0,,0.3
D00062,P009,2025-09-02T03:53:00Z,62.68621,-86.61138,79.0,,0.95
D00063,P009,2025-09-02T03:53:00Z,68.01917,-87.16961,35.0,,0.43
D00064,P010,2025-09-02T07:30:00Z,68.36822,-110.14222,125.0,,0.73
D00065,P010,2025-09-02T07:30:00Z,69.26171,-116.80989,141.0,280.0,0.82
D00066,P011,2025-09-02T14:22:00Z,70.55189,-139.32414,19.0,,0.59
D00067,P011,2025-09-02T14:22:00Z,74.63046,-140.28178,43.0,,0.26
D00068,P011,2025-09-02T14:22:00Z,72.7386,-133.24178,34.0,,0.08
D00069,P011,2025-09-02T14:22:00Z,70.48806,-134.6889,13.0,,0.06
D00070,P011,2025-09-02T14:22:00Z,70.68361,-136.6532,93.0,276.0,0.81
D00071,P011,2025-09-02T14:22:00Z,70.68808,-136.35352,48.0,268.0,0.64
D00072,P011,2025-09-02T14:22:00Z,69.50195,-132.9956,12.0,,0.51
D00073,P011,2025-09-02T14:22:00Z,70.71778,-135.1174,42.0,,0.55
D00074,P012,2025-09-02T21:18:00Z,64.09341,-64.76363,41.0,,0.17
D00075,P012,2025-09-02T21:18:00Z,70.98728,-57.98819,52.0,,0.56
D00076,P012,2025-09-02T21:18:00Z,73.10887,-65.71853,22.0,,0.21
D00077,P012,2025-09-02T21:18:00Z,66.24701,-60.32686,50.0,,0.64
D00078,P012,2025-09-02T21:18:00Z,64.66905,-60.28105,65.0,337.0,0.96
D00079,P012,2025-09-02T21:18:00Z,72.36548,-66.61566,65.0,323.0,0.84
D00080,P012,2025-09-02T21:18:00Z,67.01436,-60.15325,50.0,,0.95
D00081,P012,2025-09-02T21:18:00Z,67.16788,-60.44962,37.0,,0.28
D00082,P012,2025-09-02T21:18:00Z,71.73161,-64.86234,71.0,253.0,0.51
D00083,P012,2025-09-02T21:18:00Z,70.96615,-63.11607,34.0,,0.29
D00084,P012,2025-09-02T21:18:00Z,65.25177,-60.43908,117.0,,0.92
D00085,P012,2025-09-02T21:18:00Z,65.57625,-60.57056,87.0,,0.78
D00086,P012,2025-09-02T21:18:00Z,70.34973,-64.79429,43.0,,0.83
D00087,P012,2025-09-02T21:18:00Z,64.54332,-59.24417,83.0,,0.92
D00088,P012,2025-09-02T21:18:00Z,69.81054,-62.72629,32.0,,0.54
D00089,P012,2025-09-02T21:18:00Z,66.48165,-60.8915,73.0,74.0,0.94
D00090,P012,2025-09-02T21:18:00Z,72.77117,-66.85105,50.0,176.0,0.97
D00091,P012,2025-09-02T21:18:00Z,64.4206,-61.03662,64.0,,0.35
D00092,P012,2025-09-02T21:18:00Z,72.08165,-66.46082,36.0,217.0,0.93
D00093,P012,2025-09-02T21:18:00Z,71.71087,-64.44263,174.0,359.0,0.89
D00094,P012,2025-09-02T21:18:00Z,65.73605,-59.74138,43.0,,0.51
D00095,P012,2025-09-02T21:18:00Z,70.26054,-63.70856,38.0,,0.64
D00096,P012,2025-09-02T21:18:00Z,66.79862,-60.94394,48.0,236.0,0.87
D00097,P012,2025-09-02T21:18:00Z,73.68143,-66.75665,97.0,,0.76
D00098,P012,2025-09-02T21:18:00Z,64.32096,-59.59207,48.0,12.0,0.57
D00099,P012,2025-09-02T21:18:00Z,71.23742,-64.3287,36.0,,0.41
D00100,P012,2025-09-02T21:18:00Z,71.93448,-59.04509,31.0,,0.71
D00101,P012,2025-09-02T21:18:00Z,73.52391,-66.83683,40.0,,0.82
D00102,P012,2025-09-02T21:18:00Z,65.26515,-65.74941,23.0,,0.76
D00103,P012,2025-09-02T21:18:00Z,72.72646,-57.51027,33.0,,0.6
D00104,P012,2025-09-02T21:18:00Z,71.8539,-60.22557,55.0,,0.26
D00105,P012,2025-09-02T21:18:00Z,66.07509,-60.01623,50.0,256.0,0.31
D00106,P012,2025-09-02T21:18:00Z,66.84365,-59.48364,59.0,25.0,0.85
D00107,P012,2025-09-02T21:18:00Z,69.11453,-59.54722,34.0,,0.52
D00108,P012,2025-09-02T21:18:00Z,71.92754,-65.62469,52.0,,0.76
D00109,P012,2025-09-02T21:18:00Z,65.76433,-61.24953,49.0,55.0,0.54
D00110,P012,2025-09-02T21:18:00Z,66.23568,-60.48625,54.0,,0.81
D00111,P012,2025-09-02T21:18:00Z,71.47837,-64.21125,21.0,,0.6
D00112,P012,2025-09-02T21:18:00Z,67.20709,-59.36773,58.0,,0.73
D00113,P012,2025-09-02T21:18:00Z,71.92074,-66.7506,126.0,,0.31
D00114,P012,2025-09-02T21:18:00Z,66.23985,-59.97724,41.0,,0.93
D00115,P012,2025-09-02T21:18:00Z,64.84093,-59.40401,139.0,328.0,0.8
D00116,P012,2025-09-02T21:18:00Z,65.51826,-60.86356,75.0,,0.93
D00117,P012,2025-09-02T21:18:00Z,72.33828,-65.66356,25.0,129.0,0.2
D00118,P012,2025-09-02T21:18:00Z,68.6205,-60.1136,47.0,336.0,0.86
D00119,P012,2025-09-02T21:18:00Z,72.19142,-66.28784,22.0,,0.39
D00120,P012,2025-09-02T21:18:00Z,66.38712,-60.07026,58.0,14.0,0.99
D00121,P012,2025-09-02T21:18:00Z,70.9628,-66.56261,52.0,,0.77
D00122,P012,2025-09-02T21:18:00Z,65.3575,-65.56837,54.0,,0.48
D00123,P013,2025-09-03T01:46:00Z,68.39861,-102.7327,146.0,,0.84
D00124,P013,2025-09-03T01:46:00Z,71.01636,-103.05171,51.0,,0.33
D00125,P013,2025-09-03T01:46:00Z,73.99537,-96.58305,102.0,,0.57
D00126,P014,2025-09-03T05:41:00Z,75.92011,-81.78025,149.0,,0.89
D00127,P014,2025-09-03T05:41:00Z,74.28616,-88.98544,87.0,102.0,0.8
D00128,P015,2025-09-03T12:32:00Z,68.52985,-61.01688,64.0,,0.72
D00129,P015,2025-09-03T12:32:00Z,67.74245,-64.0571,78.0,,0.46
D00130,P015,2025-09-03T12:32:00Z,67.46982,-63.89481,40.0,,0.42
D00131,P015,2025-09-03T12:32:00Z,60.75269,-69.14226,40.0,,0.17
D00132,P015,2025-09-03T12:32:00Z,64.93992,-63.69728,57.0,,0.65
D00133,P015,2025-09-03T12:32:00Z,67.51966,-61.50862,28.0,,0.95
D00134,P015,2025-09-03T12:32:00Z,65.01789,-63.96957,39.0,,0.53
D00135,P015,2025-09-03T12:32:00Z,64.49887,-64.8953,49.0,,0.43
D00136,P015,2025-09-03T12:32:00Z,66.85906,-61.36199,45.0,301.0,0.89
D00137,P015,2025-09-03T12:32:00Z,68.46422,-59.99553,32.0,,0.68
D00138,P015,2025-09-03T12:32:00Z,65.93307,-65.86802,72.0,,0.66
D00139,P015,2025-09-03T12:32:00Z,68.34209,-63.65325,16.0,,0.16
D00140,P015,2025-09-03T12:32:00Z,64.65746,-63.43536,48.0,,0.77
D00141,P015,2025-09-03T12:32:00Z,67.92451,-62.61215,37.0,,0.4
D00142,P015,2025-09-03T12:32:00Z,62.75858,-66.56168,111.0,117.0,0.91
D00143,P015,2025-09-03T12:32:00Z,67.82156,-64.823,33.0,,0.54
D00144,P015,2025-09-03T12:32:00Z,61.45159,-68.99382,97.0,,0.59
D00145,P015,2025-09-03T12:32:00Z,67.68901,-61.83863,49.0,,0.8
D00146,P015,2025-09-03T12:32:00Z,65.19841,-65.89065,21.0,,0.49
D00147,P015,2025-09-03T12:32:00Z,65.10364,-65.95494,38.0,,0.78
D00148,P015,2025-09-03T12:32:00Z,65.21194,-63.06788,43.0,,0.62
D00149,P015,2025-09-03T12:32:00Z,67.53347,-60.97606,69.0,,0.43
D00150,P016,2025-09-03T21:28:00Z,62.33127,-70.54789,85.0,119.0,0.7
D00151,P016,2025-09-03T21:28:00Z,59.39308,-68.05848,36.0,,0.14
D00152,P016,2025-09-03T21:28:00Z,61.61833,-69.95634,104.0,,0.99
D00153,P016,2025-09-03T21:28:00Z,62.70894,-66.35901,126.0,,0.61
D00154,P017,2025-09-04T02:28:00Z,61.59714,-70.01189,113.0,,0.71
D00155,P017,2025-09-04T02:28:00Z,63.2926,-67.93427,90.0,328.0,0.93
D00156,P017,2025-09-04T02:28:00Z,61.95769,-68.65656,89.0,126.0,0.84
D00157,P018,2025-09-04T06:22:00Z,73.07055,-85.19808,134.0,,0.71
D00158,P018,2025-09-04T06:22:00Z,74.00753,-85.62559,93.0,117.0,0.98
D00159,P018,2025-09-04T06:22:00Z,74.0319,-82.4824,138.0,253.0,0.64
D00160,P018,2025-09-04T06:22:00Z,74.21273,-82.01772,60.0,16.0,0.92
D00161,P018,2025-09-04T06:22:00Z,73.23657,-85.42057,94.0,339.0,0.92
D00162,P018,2025-09-04T06:22:00Z,73.07115,-85.19909,117.0,,0.82
D00163,P019,2025-09-04T09:17:00Z,73.62433,-84.42972,98.0,42.0,0.81
D00164,P019,2025-09-04T09:17:00Z,74.18759,-81.98168,52.0,,0.81
D00165,P019,2025-09-04T09:17:00Z,73.07129,-85.19985,95.0,,0.81
D00166,P019,2025-09-04T09:17:00Z,73.07041,-85.19936,145.0,,0.72
D00167,P019,2025-09-04T09:17:00Z,73.95304,-85.63789,90.0,307.0,0.74
D00168,P019,2025-09-04T09:17:00Z,72.7856,-77.64709,115.0,62.0,0.84
D00169,P019,2025-09-04T09:17:00Z,73.73846,-84.02018,155.0,219.0,0.9
D00170,P020,2025-09-04T12:43:00Z,69.38363,-78.78144,26.0,,0.64
D00171,P020,2025-09-04T12:43:00Z,75.52005,-79.35122,110.0,,0.4
D00172,P020,2025-09-04T12:43:00Z,73.29762,-85.45924,172.0,157.0,0.91
D00173,P020,2025-09-04T12:43:00Z,69.31453,-79.73083,142.0,,0.76
D00174,P020,2025-09-04T12:43:00Z,74.06903,-86.45946,74.0,154.0,0.86
D00175,P020,2025-09-04T12:43:00Z,74.80088,-75.24057,102.0,,0.88
D00176,P020,2025-09-04T12:43:00Z,73.07127,-85.19652,91.0,,0.89
D00177,P020,2025-09-04T12:43:00Z,73.06863,-85.20447,153.0,,0.84
D00178,P020,2025-09-04T12:43:00Z,69.44445,-79.5165,82.0,,0.63
D00179,P020,2025-09-04T12:43:00Z,73.71748,-76.03335,74.0,,0.57
D00180,P020,2025-09-04T12:43:00Z,74.27007,-81.23481,97.0,,0.37
D00181,P020,2025-09-04T12:43:00Z,68.85054,-80.04349,42.0,,0.53
D00182,P020,2025-09-04T12:43:00Z,74.18602,-82.08392,65.0,,0.72
D00183,P020,2025-09-04T12:43:00Z,72.83622,-77.87485,54.0,,0.16
D00184,P020,2025-09-04T12:43:00Z,74.59478,-78.78292,38.0,,0.13
D00185,P020,2025-09-04T12:43:00Z,73.54061,-76.37308,121.0,333.0,0.79
D00186,P020,2025-09-04T12:43:00Z,72.73454,-77.8252,124.0,,0.76
D00187,P020,2025-09-04T12:43:00Z,73.99165,-82.70465,106.0,,0.89
D00188,P020,2025-09-04T12:43:00Z,72.68089,-75.69946,35.0,,0.72
D00189,P020,2025-09-04T12:43:00Z,69.14302,-80.96034,37.0,,0.81
D00190,P020,2025-09-04T12:43:00Z,73.93712,-76.14013,35.0,,0.19
D00191,P020,2025-09-04T12:43:00Z,72.79013,-75.5573,104.0,64.0,0.86
D00192,P021,2025-09-04T15:01:00Z,69.06951,-104.9875,67.0,,0.95
D00193,P022,2025-09-04T18:28:00Z,60.19899,-68.71776,19.0,,0.31
D00194,P022,2025-09-04T18:28:00Z,63.69842,-68.45856,120.0,,0.72
D00195,P022,2025-09-04T18:28:00Z,63.11695,-67.34161,90.0,330.0,0.87
D00196,P022,2025-09-04T18:28:00Z,61.37877,-68.43936,156.0,82.0,0.85
D00197,P022,2025-09-04T18:28:00Z,63.69743,-68.45808,105.0,,0.85
D00198,P022,2025-09-04T18:28:00Z,66.38718,-75.02346,54.0,,0.78
D00199,P023,2025-09-04T18:49:00Z,69.06844,-104.98763,68.0,,0.97
D00200,P024,2025-09-05T02:49:00Z,74.25014,-90.23425,85.0,,0.58
D00201,P024,2025-09-05T02:49:00Z,68.57826,-95.02773,38.0,,0.11
D00202,P025,2025-09-05T03:34:00Z,63.89134,-73.01639,56.0,,0.5
D00203,P025,2025-09-05T03:34:00Z,59.73493,-68.72806,43.0,,0.15
D00204,P025,2025-09-05T03:34:00Z,66.32319,-75.6884,40.0,,0.2
D00205,P026,2025-09-05T09:30:00Z,68.38475,-113.41057,47.0,150.0,0.81
D00206,P026,2025-09-05T09:30:00Z,67.92843,-114.90462,36.0,,0.67
D00207,P026,2025-09-05T09:30:00Z,68.04817,-112.2051,36.0,,0.32
D00208,P026,2025-09-05T09:30:00Z,67.91322,-114.55255,50.0,,0.14
D00209,P027,2025-09-05T20:26:00Z,73.41025,-72.98765,47.0,,0.18
D00210,P027,2025-09-05T20:26:00Z,74.31633,-69.0997,119.0,,0.92
D00211,P027,2025-09-05T20:26:00Z,72.7325,-77.82397,157.0,,0.63
D00212,P027,2025-09-05T20:26:00Z,73.9855,-77.16319,78.0,,0.88
D00213,P027,2025-09-05T20:26:00Z,75.23416,-77.41563,55.0,,0.41
D00214,P027,2025-09-05T20:26:00Z,72.85884,-70.82869,49.0,,0.66
D00215,P027,2025-09-05T20:26:00Z,74.71963,-73.41005,27.0,,0.26
D00216,P027,2025-09-05T20:26:00Z,73.95666,-75.02977,35.0,,0.58
D00217,P027,2025-09-05T20:26:00Z,75.24173,-73.31511,122.0,,0.68
D00218,P027,2025-09-05T20:26:00Z,73.80885,-77.30419,168.0,271.0,0.85
D00219,P027,2025-09-05T20:26:00Z,72.73307,-77.82967,154.0,,0.69
D00220,P027,2025-09-05T20:26:00Z,73.06151,-71.26837,154.0,145.0,0.71
D00221,P027,2025-09-05T20:26:00Z,73.6724,-74.60659,92.0,,0.7
D00222,P027,2025-09-05T20:26:00Z,73.62849,-73.20122,60.0,118.0,0.59
D00223,P027,2025-09-05T20:26:00Z,74.2666,-79.31516,52.0,,0.77
D00224,P027,2025-09-05T20:26:00Z,71.03055,-69.83663,132.0,,0.79
D00225,P027,2025-09-05T20:26:00Z,73.84368,-68.78856,28.0,,0.48
D00226,P027,2025-09-05T20:26:00Z,74.38853,-71.75639,175.0,,0.87
D00227,P027,2025-09-05T20:26:00Z,72.99186,-69.26461,105.0,133.0,0.5
D00228,P027,2025-09-05T20:26:00Z,74.1471,-72.18386,18.0,,0.52
D00229,P027,2025-09-05T20:26:00Z,70.65315,-67.79946,74.0,,0.52
D00230,P027,2025-09-05T20:26:00Z,72.02052,-71.44988,43.0,,0.53
D00231,P027,2025-09-05T20:26:00Z,74.93086,-76.62463,80.0,,0.61
D00232,P027,2025-09-05T20:26:00Z,71.06891,-67.44224,45.0,,0.4
D00233,P027,2025-09-05T20:26:00Z,75.88225,-72.67902,41.0,,0.55
D00234,P027,2025-09-05T20:26:00Z,72.80261,-77.50727,139.0,240.0,0.92
D00235,P027,2025-09-05T20:26:00Z,74.10308,-79.40594,78.0,,0.53
D00236,P027,2025-09-05T20:26:00Z,72.68724,-75.15788,141.0,,0.71
D00237,P028,2025-09-06T04:38:00Z,73.40582,-85.34021,148.0,23.0,0.9
D00238,P028,2025-09-06T04:38:00Z,74.1922,-80.00472,89.0,,0.94
D00239,P028,2025-09-06T04:38:00Z,73.99806,-82.66612,149.0,245.0,0.92
D00240,P028,2025-09-06T04:38:00Z,72.99452,-80.36952,179.0,354.0,0.75
D00241,P029,2025-09-06T08:02:00Z,72.69333,-78.82081,25.0,,0.82
D00242,P029,2025-09-06T08:02:00Z,74.25751,-84.64507,85.0,270.0,0.68
D00243,P029,2025-09-06T08:02:00Z,69.44948,-78.48516,122.0,,0.55
D00244,P029,2025-09-06T08:02:00Z,72.73318,-77.82187,112.0,,0.7
D00245,P029,2025-09-06T08:02:00Z,73.7825,-79.60447,70.0,,0.51
D00246,P029,2025-09-06T08:02:00Z,74.19027,-80.00159,121.0,,0.73
D00247,P029,2025-09-06T08:02:00Z,67.28931,-79.04921,42.0,,0.46
D00248,P029,2025-09-06T08:02:00Z,69.21034,-78.95316,32.0,,0.65
D00249,P029,2025-09-06T08:02:00Z,73.08914,-75.06731,22.0,,0.7
D00250,P029,2025-09-06T08:02:00Z,67.82543,-79.92907,35.0,,0.79
D00251,P029,2025-09-06T08:02:00Z,73.81001,-83.67513,171.0,49.0,0.6
D00252,P029,2025-09-06T08:02:00Z,68.39494,-78.30965,67.0,,0.66
D00253,P029,2025-09-06T08:02:00Z,68.03802,-80.82357,112.0,,0.9
D00254,P029,2025-09-06T08:02:00Z,73.64915,-81.12162,178.0,355.0,0.81
D00255,P029,2025-09-06T08:02:00Z,72.73543,-77.81834,148.0,,0.8
D00256,P029,2025-09-06T08:02:00Z,72.73355,-77.82427,109.0,,0.71
D00257,P029,2025-09-06T08:02:00Z,73.61008,-84.47825,138.0,237.0,0.8
D00258,P029,2025-09-06T08:02:00Z,72.65662,-76.18534,40.0,,0.35
D00259,P029,2025-09-06T08:02:00Z,74.8953,-76.814,27.0,,0.4
D00260,P030,2025-09-06T08:39:00Z,73.4923,-65.24213,56.0,,0.85
D00261,P030,2025-09-06T08:39:00Z,66.83088,-61.38797,72.0,270.0,0.75
D00262,P030,2025-09-06T08:39:00Z,64.73721,-59.88475,31.0,,0.31
D00263,P030,2025-09-06T08:39:00Z,65.3095,-60.42705,64.0,262.0,0.5
D00264,P030,2025-09-06T08:39:00Z,72.69942,-62.23687,29.0,,0.79
D00265,P030,2025-09-06T08:39:00Z,73.82441,-62.60858,40.0,,0.76
D00266,P030,2025-09-06T08:39:00Z,66.73636,-59.42697,70.0,280.0,0.88
D00267,P030,2025-09-06T08:39:00Z,66.16248,-60.21377,46.0,160.0,0.89
D00268,P030,2025-09-06T08:39:00Z,72.72387,-67.4635,81.0,,0.59
D00269,P030,2025-09-06T08:39:00Z,65.30378,-61.28686,59.0,123.0,0.93
D00270,P030,2025-09-06T08:39:00Z,70.82304,-65.53214,57.0,,0.49
D00271,P030,2025-09-06T08:39:00Z,74.17493,-61.54583,141.0,,0.62
D00272,P030,2025-09-06T08:39:00Z,69.84859,-62.74741,200.0,350.0,0.76
D00273,P030,2025-09-06T08:39:00Z,72.63284,-58.51399,83.0,,0.6
D00274,P030,2025-09-06T08:39:00Z,72.25951,-65.93379,40.0,307.0,0.67
D00275,P030,2025-09-06T08:39:00Z,68.25545,-62.59988,88.0,,0.78
D00276,P030,2025-09-06T08:39:00Z,72.05824,-66.00135,44.0,64.0,0.8
D00277,P030,2025-09-06T08:39:00Z,73.30049,-61.21003,33.0,,0.39
D00278,P030,2025-09-06T08:39:00Z,66.77399,-61.14464,50.0,,0.66
D00279,P030,2025-09-06T08:39:00Z,68.24909,-61.51441,98.0,,0.85
D00280,P030,2025-09-06T08:39:00Z,65.97631,-60.03848,53.0,66.0,0.42
D00281,P030,2025-09-06T08:39:00Z,72.58897,-59.64919,13.0,,0.44
D00282,P030,2025-09-06T08:39:00Z,65.77822,-59.47136,54.0,,0.77
D00283,P030,2025-09-06T08:39:00Z,65.48284,-60.59059,76.0,78.0,0.83
D00284,P030,2025-09-06T08:39:00Z,65.93534,-59.62236,47.0,,0.64
D00285,P030,2025-09-06T08:39:00Z,66.64064,-60.66196,43.0,,0.77
D00286,P030,2025-09-06T08:39:00Z,71.6015,-64.59518,96.0,275.0,0.99
D00287,P030,2025-09-06T08:39:00Z,67.19592,-61.47366,58.0,,0.26
D00288,P030,2025-09-06T08:39:00Z,66.29045,-59.98011,68.0,302.0,0.85
D00289,P030,2025-09-06T08:39:00Z,67.16578,-59.95437,89.0,128.0,0.82
D00290,P030,2025-09-06T08:39:00Z,69.98491,-63.29742,85.0,166.0,0.84
D00291,P030,2025-09-06T08:39:00Z,65.90384,-60.51091,69.0,244.0,0.75
D00292,P030,2025-09-06T08:39:00Z,72.42965,-65.48217,43.0,222.0,0.6
D00293,P030,2025-09-06T08:39:00Z,71.2793,-64.01752,77.0,,0.86
D00294,P030,2025-09-06T08:39:00Z,70.59309,-63.75461,59.0,,0.65
D00295,P030,2025-09-06T08:39:00Z,74.02609,-67.77323,41.0,,0.15
D00296,P030,2025-09-06T08:39:00Z,67.54581,-60.21708,65.0,,0.3
D00297,P030,2025-09-06T08:39:00Z,65.53225,-60.50777,79.0,240.0,0.76
D00298,P030,2025-09-06T08:39:00Z,66.39546,-61.03282,71.0,,0.84
D00299,P030,2025-09-06T08:39:00Z,73.08024,-67.18648,58.0,,0.94
D00300,P030,2025-09-06T08:39:00Z,70.11577,-59.64712,38.0,,0.61
D00301,P030,2025-09-06T08:39:00Z,66.28248,-60.78178,58.0,,0.81
D00302,P030,2025-09-06T08:39:00Z,65.80851,-61.2407,39.0,238.0,0.49
D00303,P031,2025-09-06T13:20:00Z,74.03661,-80.49201,158.0,,0.91
D00304,P031,2025-09-06T13:20:00Z,73.07137,-85.20159,163.0,,0.86
D00305,P031,2025-09-06T13:20:00Z,74.30518,-87.46572,66.0,,0.69
D00306,P031,2025-09-06T13:20:00Z,73.62611,-84.42025,163.0,229.0,0.85
D00307,P032,2025-09-06T13:56:00Z,63.69636,-68.46529,56.0,,0.47
D00308,P032,2025-09-06T13:56:00Z,63.18942,-73.51399,147.0,,0.57
D00309,P032,2025-09-06T13:56:00Z,65.88582,-75.0676,16.0,,0.12
D00310,P032,2025-09-06T13:56:00Z,63.69868,-68.45613,218.0,,0.81
D00311,P033,2025-09-06T20:38:00Z,64.11663,-88.00899,10.0,,0.04
D00312,P033,2025-09-06T20:38:00Z,62.30106,-88.49211,66.0,86.0,0.87
D00313,P033,2025-09-06T20:38:00Z,60.18116,-90.12425,125.0,86.0,0.62
D00314,P034,2025-09-07T01:43:00Z,63.69808,-68.46063,147.0,,0.74
D00315,P034,2025-09-07T01:43:00Z,69.07698,-65.54853,99.0,,0.53
D00316,P034,2025-09-07T01:43:00Z,69.57978,-63.67079,48.0,,0.42
D00317,P034,2025-09-07T01:43:00Z,72.01417,-65.21203,46.0,305.0,0.78
D00318,P034,2025-09-07T01:43:00Z,70.49501,-68.26935,90.0,,0.84
D00319,P034,2025-09-07T01:43:00Z,71.64965,-64.37729,38.0,,0.48
D00320,P034,2025-09-07T01:43:00Z,71.58813,-64.32021,125.0,343.0,0.45
D00321,P034,2025-09-07T01:43:00Z,70.0009,-65.44053,29.0,,0.5
D00322,P034,2025-09-07T01:43:00Z,70.55322,-68.12785,111.0,,0.83
D00323,P034,2025-09-07T01:43:00Z,70.32442,-66.1514,46.0,,0.46
D00324,P034,2025-09-07T01:43:00Z,72.58204,-66.5936,51.0,,0.52
D00325,P034,2025-09-07T01:43:00Z,72.20455,-69.18965,64.0,,0.45
D00326,P034,2025-09-07T01:43:00Z,70.31001,-64.67311,69.0,,0.45
D00327,P034,2025-09-07T01:43:00Z,69.25885,-64.21149,114.0,,0.51
D00328,P034,2025-09-07T01:43:00Z,72.19343,-65.98602,40.0,302.0,0.67
D00329,P034,2025-09-07T01:43:00Z,71.1939,-67.80534,83.0,173.0,0.9
D00330,P034,2025-09-07T01:43:00Z,68.83206,-65.89003,36.0,,0.58
D00331,P034,2025-09-07T01:43:00Z,72.2197,-64.41846,43.0,,0.68
D00332,P034,2025-09-07T01:43:00Z,63.6987,-68.4604,106.0,,0.61
D00333,P034,2025-09-07T01:43:00Z,70.40632,-62.70712,67.0,,0.26
D00334,P034,2025-09-07T01:43:00Z,66.08075,-64.85826,58.0,,0.37
D00335,P034,2025-09-07T01:43:00Z,70.86,-64.45778,59.0,,0.38
D00336,P034,2025-09-07T01:43:00Z,63.23634,-67.77918,134.0,288.0,0.97
D00337,P034,2025-09-07T01:43:00Z,70.94611,-67.14662,26.0,,0.66
D00338,P034,2025-09-07T01:43:00Z,71.03836,-64.72807,147.0,,0.71
D00339,P034,2025-09-07T01:43:00Z,71.74559,-64.64293,66.0,,0.95
D00340,P034,2025-09-07T01:43:00Z,71.75504,-69.38423,126.0,,0.6
D00341,P034,2025-09-07T01:43:00Z,72.14777,-65.57904,53.0,295.0,0.64
D00342,P034,2025-09-07T01:43:00Z,69.86479,-62.76714,65.0,136.0,0.98
D00343,P034,2025-09-07T01:43:00Z,69.83892,-63.20906,55.0,,0.53
D00344,P034,2025-09-07T01:43:00Z,70.87259,-63.90693,56.0,,0.76
D00345,P035,2025-09-07T04:06:00Z,68.46536,-100.06997,45.0,332.0,0.54
D00346,P035,2025-09-07T04:06:00Z,69.20739,-94.94527,22.0,167.0,0.86
D00347,P035,2025-09-07T04:06:00Z,68.68948,-95.05215,10.0,223.0,0.76
D00348,P035,2025-09-07T04:06:00Z,68.59188,-95.90931,134.0,,0.81
D00349,P036,2025-09-07T04:07:00Z,68.39909,-110.09624,36.0,,0.81
D00350,P036,2025-09-07T04:07:00Z,69.06962,-104.98827,82.0,,0.67
D00351,P036,2025-09-07T04:07:00Z,68.04363,-112.07381,120.0,106.0,0.74
D00352,P037,2025-09-07T11:32:00Z,66.82558,-60.91289,35.0,,0.83
D00353,P037,2025-09-07T11:32:00Z,66.32388,-60.74778,46.0,205.0,0.65
D00354,P037,2025-09-07T11:32:00Z,69.0159,-64.66337,122.0,,0.41
D00355,P037,2025-09-07T11:32:00Z,68.13129,-61.42948,50.0,,0.81
D00356,P037,2025-09-07T11:32:00Z,65.39831,-60.2255,127.0,,0.91
D00357,P037,2025-09-07T11:32:00Z,66.6475,-60.84187,55.0,160.0,0.67
D00358,P037,2025-09-07T11:32:00Z,64.95914,-59.46581,94.0,334.0,0.76
D00359,P037,2025-09-07T11:32:00Z,65.60356,-60.59899,94.0,101.0,0.88
D00360,P037,2025-09-07T11:32:00Z,72.42483,-58.41064,42.0,,0.67
D00361,P037,2025-09-07T11:32:00Z,72.09435,-65.93894,44.0,11.0,0.62
D00362,P037,2025-09-07T11:32:00Z,67.2784,-57.24291,71.0,,0.38
D00363,P037,2025-09-07T11:32:00Z,66.55309,-60.38936,66.0,,0.62
D00364,P037,2025-09-07T11:32:00Z,72.26039,-65.42487,39.0,,0.39
D00365,P037,2025-09-07T11:32:00Z,66.84484,-61.48604,57.0,302.0,0.66
D00366,P037,2025-09-07T11:32:00Z,66.26166,-60.21105,107.0,351.0,0.83
D00367,P037,2025-09-07T11:32:00Z,68.50038,-61.24622,52.0,,0.31
D00368,P037,2025-09-07T11:32:00Z,66.45947,-60.33545,92.0,,0.65
D00369,P037,2025-09-07T11:32:00Z,64.34249,-59.2362,64.0,158.0,0.82
D00370,P037,2025-09-07T11:32:00Z,65.36439,-61.16425,76.0,83.0,0.91
D00371,P037,2025-09-07T11:32:00Z,64.6749,-60.15749,59.0,,0.7
D00372,P037,2025-09-07T11:32:00Z,71.07951,-65.5333,52.0,,0.34
D00373,P037,2025-09-07T11:32:00Z,69.52607,-62.47598,226.0,341.0,0.67
D00374,P037,2025-09-07T11:32:00Z,69.76455,-57.89442,106.0,,0.53
D00375,P037,2025-09-07T11:32:00Z,67.7299,-59.24719,45.0,,0.38
D00376,P037,2025-09-07T11:32:00Z,65.65936,-59.41614,43.0,,0.56
D00377,P037,2025-09-07T11:32:00Z,65.2224,-59.76947,15.0,,0.25
D00378,P037,2025-09-07T11:32:00Z,65.90525,-60.00182,76.0,157.0,0.85
D00379,P037,2025-09-07T11:32:00Z,69.62349,-63.01307,139.0,120.0,0.85
D00380,P037,2025-09-07T11:32:00Z,72.53633,-62.72083,102.0,,0.35
D00381,P037,2025-09-07T11:32:00Z,64.25733,-57.70428,86.0,,0.27
D00382,P037,2025-09-07T11:32:00Z,68.58598,-56.35908,96.0,,0.65
D00383,P037,2025-09-07T11:32:00Z,67.22888,-59.40188,79.0,,0.81
D00384,P037,2025-09-07T11:32:00Z,67.6834,-58.85262,71.0,,0.35
D00385,P037,2025-09-07T11:32:00Z,71.94298,-65.69552,44.0,248.0,0.52
D00386,P037,2025-09-07T11:32:00Z,66.44792,-61.02938,56.0,239.0,0.76
D00387,P037,2025-09-07T11:32:00Z,65.371,-60.83235,59.0,261.0,0.54
D00388,P037,2025-09-07T11:32:00Z,67.02991,-60.50918,43.0,116.0,0.52
D00389,P037,2025-09-07T11:32:00Z,65.88861,-59.7582,46.0,43.0,0.97
D00390,P037,2025-09-07T11:32:00Z,63.74904,-55.14167,38.0,,0.28
D00391,P037,2025-09-07T11:32:00Z,66.85195,-59.66228,83.0,311.0,0.76
D00392,P037,2025-09-07T11:32:00Z,68.27932,-61.53672,162.0,,0.94
D00393,P037,2025-09-07T11:32:00Z,66.9851,-60.00177,50.0,306.0,0.87
D00394,P037,2025-09-07T11:32:00Z,70.73044,-59.58686,47.0,,0.73
D00395,P037,2025-09-07T11:32:00Z,65.62953,-59.83887,43.0,9.0,0.68
D00396,P037,2025-09-07T11:32:00Z,69.89597,-63.65795,19.0,,0.09
D00397,P037,2025-09-07T11:32:00Z,65.52486,-59.60613,52.0,,0.34
D00398,P037,2025-09-07T11:32:00Z,66.0037,-59.34368,42.0,,0.92
D00399,P037,2025-09-07T11:32:00Z,66.06933,-60.6556,41.0,,0.65
D00400,P037,2025-09-07T11:32:00Z,66.16345,-60.69579,47.0,,0.74
D00401,P037,2025-09-07T11:32:00Z,65.45743,-61.2416,78.0,66.0,0.85
D00402,P037,2025-09-07T11:32:00Z,66.27859,-60.64447,45.0,,0.67
D00403,P037,2025-09-07T11:32:00Z,71.69063,-64.26986,61.0,111.0,0.97
D00404,P037,2025-09-07T11:32:00Z,70.53571,-56.87908,102.0,,0.48
D00405,P038,2025-09-07T23:04:00Z,66.28323,-60.35419,66.0,,0.74
D00406,P038,2025-09-07T23:04:00Z,67.11758,-60.15471,49.0,,0.71
D00407,P038,2025-09-07T23:04:00Z,65.4635,-60.72517,48.0,36.0,0.89
D00408,P038,2025-09-07T23:04:00Z,66.20495,-60.52924,63.0,,0.7
D00409,P038,2025-09-07T23:04:00Z,69.92791,-58.87305,25.0,,0.15
D00410,P038,2025-09-07T23:04:00Z,70.39683,-63.21403,169.0,,0.71
D00411,P038,2025-09-07T23:04:00Z,65.90062,-60.56665,80.0,145.0,0.89
D00412,P038,2025-09-07T23:04:00Z,69.00693,-59.49069,83.0,,0.64
D00413,P038,2025-09-07T23:04:00Z,64.08624,-62.10882,18.0,,0.68
D00414,P038,2025-09-07T23:04:00Z,67.45097,-60.96232,125.0,,0.93
D00415,P038,2025-09-07T23:04:00Z,65.84217,-57.96519,64.0,,0.43
D00416,P038,2025-09-07T23:04:00Z,64.69649,-59.32726,43.0,149.0,0.79
D00417,P038,2025-09-07T23:04:00Z,70.10735,-63.05726,53.0,,0.38
D00418,P038,2025-09-07T23:04:00Z,64.47175,-59.99911,53.0,314.0,0.44
D00419,P038,2025-09-07T23:04:00Z,62.56374,-58.31395,70.0,,0.78
D00420,P038,2025-09-07T23:04:00Z,71.85447,-65.19063,43.0,,0.32
D00421,P038,2025-09-07T23:04:00Z,67.39235,-62.1686,66.0,,0.52
D00422,P038,2025-09-07T23:04:00Z,67.06604,-60.07475,74.0,18.0,0.74
D00423,P038,2025-09-07T23:04:00Z,65.80896,-59.85972,46.0,282.0,0.71
D00424,P038,2025-09-07T23:04:00Z,65.89937,-59.54299,36.0,358.0,0.78
D00425,P038,2025-09-07T23:04:00Z,67.19795,-61.16785,52.0,,0.74
D00426,P038,2025-09-07T23:04:00Z,62.82725,-58.39285,169.0,351.0,0.59
D00427,P038,2025-09-07T23:04:00Z,67.07446,-59.92234,91.0,,0.82
D00428,P038,2025-09-07T23:04:00Z,66.18027,-58.67635,42.0,,0.1
D00429,P038,2025-09-07T23:04:00Z,69.37908,-63.70258,124.0,,0.35
D00430,P038,2025-09-07T23:04:00Z,68.39607,-61.62272,102.0,16.0,0.77
D00431,P038,2025-09-07T23:04:00Z,71.93085,-62.77633,71.0,,0.67
D00432,P038,2025-09-07T23:04:00Z,65.97761,-59.45089,65.0,,0.95
D00433,P038,2025-09-07T23:04:00Z,63.63031,-62.61965,108.0,201.0,0.8
D00434,P038,2025-09-07T23:04:00Z,65.94685,-62.21306,17.0,,0.77
D00435,P038,2025-09-07T23:04:00Z,71.72507,-67.1673,129.0,,0.91
D00436,P038,2025-09-07T23:04:00Z,67.1302,-60.21391,42.0,,0.81
D00437,P038,2025-09-07T23:04:00Z,71.59201,-66.28367,244.0,292.0,0.91
D00438,P038,2025-09-07T23:04:00Z,65.5516,-60.63154,80.0,16.0,0.71
D00439,P038,2025-09-07T23:04:00Z,65.17904,-60.64812,73.0,,0.73
D00440,P038,2025-09-07T23:04:00Z,65.30874,-61.21063,73.0,310.0,0.59
D00441,P038,2025-09-07T23:04:00Z,66.08213,-60.10293,77.0,,0.44
D00442,P038,2025-09-07T23:04:00Z,69.34823,-57.85648,114.0,,0.36
D00443,P038,2025-09-07T23:04:00Z,67.23674,-60.82494,123.0,341.0,0.85
D00444,P038,2025-09-07T23:04:00Z,66.63941,-57.09137,126.0,,0.59
D00445,P038,2025-09-07T23:04:00Z,63.57828,-58.7503,90.0,157.0,0.73
D00446,P038,2025-09-07T23:04:00Z,66.68331,-60.72645,41.0,95.0,0.68
D00447,P038,2025-09-07T23:04:00Z,72.10363,-65.9583,42.0,56.0,0.47
D00448,P038,2025-09-07T23:04:00Z,66.72781,-61.01454,43.0,167.0,0.73
D00449,P038,2025-09-07T23:04:00Z,67.01119,-56.99926,47.0,,0.54
D00450,P038,2025-09-07T23:04:00Z,71.52721,-64.62459,76.0,91.0,0.69
D00451,P038,2025-09-07T23:04:00Z,64.77733,-59.36752,82.0,,0.85
D00452,P038,2025-09-07T23:04:00Z,66.13057,-60.65744,36.0,,0.74
D00453,P038,2025-09-07T23:04:00Z,66.72288,-61.11298,53.0,161.0,0.7
D00454,P038,2025-09-07T23:04:00Z,72.30721,-65.87411,43.0,341.0,0.66
D00455,P038,2025-09-07T23:04:00Z,68.67933,-61.82509,96.0,357.0,0.89
D00456,P038,2025-09-07T23:04:00Z,67.9709,-60.23645,58.0,,0.78
D00457,P038,2025-09-07T23:04:00Z,69.31023,-61.11822,75.0,,0.76
D00458,P038,2025-09-07T23:04:00Z,70.40059,-66.01961,186.0,158.0,0.6
D00459,P039,2025-09-08T08:10:00Z,63.29268,-80.39836,122.0,242.0,0.88
D00460,P039,2025-09-08T08:10:00Z,58.05002,-86.0012,38.0,,0.17
D00461,P039,2025-09-08T08:10:00Z,58.67617,-81.67003,24.0,,0.39
D00462,P039,2025-09-08T08:10:00Z,66.12029,-75.85438,33.0,,0.78
D00463,P039,2025-09-08T08:10:00Z,57.54783,-84.02811,43.0,,0.23
D00464,P039,2025-09-08T08:10:00Z,64.27415,-78.48653,76.0,,0.85
D00465,P039,2025-09-08T08:10:00Z,62.84611,-78.12513,106.0,117.0,0.86
D00466,P039,2025-09-08T08:10:00Z,59.06179,-86.27334,16.0,,0.57
D00467,P039,2025-09-08T08:10:00Z,63.49432,-78.66205,37.0,,0.51
D00468,P039,2025-09-08T08:10:00Z,66.02717,-82.73827,24.0,,0.16
D00469,P040,2025-09-08T20:07:00Z,64.17633,-76.49808,99.0,,0.58
D00470,P040,2025-09-08T20:07:00Z,64.17961,-76.49515,167.0,,0.93
D00471,P040,2025-09-08T20:07:00Z,63.29552,-73.88219,37.0,,0.58
D00472,P040,2025-09-08T20:07:00Z,62.415,-78.04714,57.0,,0.13
D00473,P040,2025-09-08T20:07:00Z,66.60928,-75.55162,116.0,,0.26
D00474,P040,2025-09-08T20:07:00Z,66.52222,-75.8223,23.0,,0.39
D00475,P040,2025-09-08T20:07:00Z,63.15597,-73.38051,103.0,295.0,0.9
D00476,P040,2025-09-08T20:07:00Z,65.49079,-79.35938,73.0,,0.73
D00477,P040,2025-09-08T20:07:00Z,62.77183,-73.41607,117.0,108.0,0.62
D00478,P040,2025-09-08T20:07:00Z,65.35959,-75.45542,18.0,,0.38
D00479,P040,2025-09-08T20:07:00Z,66.56513,-77.3196,25.0,,0.22
D00480,P041,2025-09-08T21:35:00Z,70.52122,-97.19882,128.0,,0.83
D00481,P041,2025-09-08T21:35:00Z,68.51265,-100.53747,101.0,,0.86
D00482,P041,2025-09-08T21:35:00Z,68.39772,-96.16508,37.0,218.0,0.49
D00483,P041,2025-09-08T21:35:00Z,68.38467,-96.48857,118.0,,0.92
D00484,P042,2025-09-08T22:23:00Z,64.67797,-61.24755,103.0,34.0,0.88
D00485,P042,2025-09-08T22:23:00Z,65.37246,-62.58992,46.0,,0.91
D00486,P042,2025-09-08T22:23:00Z,65.14602,-57.68833,71.0,,0.27
D00487,P042,2025-09-08T22:23:00Z,66.53337,-60.75118,175.0,4.0,0.92
D00488,P042,2025-09-08T22:23:00Z,64.46556,-58.72977,62.0,,0.56
D00489,P042,2025-09-08T22:23:00Z,64.06903,-59.31882,43.0,,0.17
D00490,P042,2025-09-08T22:23:00Z,66.94474,-56.29393,25.0,,0.64
D00491,P042,2025-09-08T22:23:00Z,67.3697,-63.63035,96.0,,0.77
D00492,P042,2025-09-08T22:23:00Z,62.35149,-58.24775,44.0,170.0,0.9
D00493,P042,2025-09-08T22:23:00Z,65.82953,-59.97764,40.0,,0.78
D00494,P042,2025-09-08T22:23:00Z,66.56775,-59.4001,15.0,,0.51
D00495,P042,2025-09-08T22:23:00Z,67.01191,-60.18359,57.0,103.0,0.76
D00496,P042,2025-09-08T22:23:00Z,65.89838,-61.65695,39.0,185.0,0.59
D00497,P042,2025-09-08T22:23:00Z,66.67857,-61.14622,80.0,18.0,0.88
D00498,P042,2025-09-08T22:23:00Z,65.67237,-60.87067,68.0,,0.75
D00499,P042,2025-09-08T22:23:00Z,62.82883,-58.39104,121.0,159.0,0.87
D00500,P042,2025-09-08T22:23:00Z,65.98346,-59.79022,52.0,300.0,0.68
D00501,P042,2025-09-08T22:23:00Z,67.1936,-59.21449,28.0,,0.66
D00502,P042,2025-09-08T22:23:00Z,66.1703,-60.33313,49.0,118.0,0.89
D00503,P042,2025-09-08T22:23:00Z,69.14872,-58.96496,156.0,,0.67
D00504,P042,2025-09-08T22:23:00Z,68.00371,-62.13788,28.0,,0.43
D00505,P042,2025-09-08T22:23:00Z,66.48386,-59.61676,26.0,,0.86
D00506,P042,2025-09-08T22:23:00Z,69.22417,-56.27416,180.0,,0.57
D00507,P042,2025-09-08T22:23:00Z,60.55388,-60.83759,58.0,,0.52
D00508,P042,2025-09-08T22:23:00Z,66.0921,-60.12608,60.0,,0.79
D00509,P042,2025-09-08T22:23:00Z,68.94231,-61.63657,21.0,,0.22
D00510,P042,2025-09-08T22:23:00Z,69.30917,-56.25248,18.0,,0.57
D00511,P042,2025-09-08T22:23:00Z,63.59288,-58.92464,50.0,336.0,0.84
D00512,P042,2025-09-08T22:23:00Z,66.22781,-60.25319,50.0,158.0,0.89
D00513,P042,2025-09-08T22:23:00Z,65.85168,-59.89047,48.0,232.0,0.31
D00514,P042,2025-09-08T22:23:00Z,64.77155,-56.92682,32.0,,0.4
D00515,P042,2025-09-08T22:23:00Z,65.43929,-61.247,64.0,,0.97
D00516,P042,2025-09-08T22:23:00Z,64.08826,-62.8579,49.0,,0.41
D00517,P042,2025-09-08T22:23:00Z,64.67723,-59.43919,53.0,179.0,0.77
D00518,P042,2025-09-08T22:23:00Z,65.65976,-57.42899,100.0,,0.58
D00519,P042,2025-09-08T22:23:00Z,65.47622,-61.36962,81.0,248.0,0.7
D00520,P042,2025-09-08T22:23:00Z,65.89747,-59.18041,55.0,,0.26
D00521,P042,2025-09-08T22:23:00Z,64.90263,-59.43563,197.0,8.0,0.87
D00522,P042,2025-09-08T22:23:00Z,67.0845,-60.88001,43.0,,0.53
D00523,P042,2025-09-08T22:23:00Z,65.25835,-61.1399,61.0,229.0,0.96
D00524,P042,2025-09-08T22:23:00Z,63.71984,-57.8793,101.0,,0.53
D00525,P042,2025-09-08T22:23:00Z,67.14885,-60.76463,84.0,,0.89
D00526,P042,2025-09-08T22:23:00Z,67.41674,-62.52059,64.0,,0.6
D00527,P042,2025-09-08T22:23:00Z,66.14182,-60.33961,51.0,95.0,0.57
D00528,P042,2025-09-08T22:23:00Z,65.58115,-61.00611,46.0,313.0,0.74
D00529,P042,2025-09-08T22:23:00Z,60.14257,-58.828,43.0,,0.46
D00530,P042,2025-09-08T22:23:00Z,64.8699,-59.41336,246.0,333.0,0.86
D00531,P042,2025-09-08T22:23:00Z,67.75463,-57.26833,63.0,,0.57
D00532,P042,2025-09-08T22:23:00Z,67.90858,-61.27654,166.0,159.0,0.87
D00533,P042,2025-09-08T22:23:00Z,66.76595,-61.14572,61.0,150.0,0.81
D00534,P042,2025-09-08T22:23:00Z,66.38201,-60.28837,129.0,345.0,0.91
D00535,P042,2025-09-08T22:23:00Z,66.53929,-60.61863,32.0,,0.7
D00536,P042,2025-09-08T22:23:00Z,66.9614,-59.79378,76.0,66.0,0.94
D00537,P042,2025-09-08T22:23:00Z,65.5217,-61.17107,78.0,,0.83
D00538,P042,2025-09-08T22:23:00Z,69.06255,-59.63997,26.0,,0.46
D00539,P042,2025-09-08T22:23:00Z,67.09243,-60.1351,73.0,113.0,0.96
D00540,P043,2025-09-09T02:30:00Z,73.64228,-75.35119,151.0,,0.67
D00541,P043,2025-09-09T02:30:00Z,75.33882,-78.92791,78.0,,0.74
D00542,P043,2025-09-09T02:30:00Z,75.4333,-74.76216,33.0,,0.69
D00543,P043,2025-09-09T02:30:00Z,68.47434,-79.32984,41.0,,0.81
D00544,P043,2025-09-09T02:30:00Z,71.92661,-80.84393,230.0,,0.72
D00545,P043,2025-09-09T02:30:00Z,73.44539,-73.28512,156.0,105.0,0.61
D00546,P043,2025-09-09T02:30:00Z,69.19092,-79.29159,31.0,,0.43
D00547,P043,2025-09-09T02:30:00Z,75.64686,-71.93056,66.0,,0.59
D00548,P043,2025-09-09T02:30:00Z,75.79694,-73.54322,50.0,,0.78
D00549,P043,2025-09-09T02:30:00Z,74.11191,-72.56223,23.0,,0.5
D00550,P043,2025-09-09T02:30:00Z,68.95306,-77.91131,65.0,,0.44
D00551,P043,2025-09-09T02:30:00Z,68.29649,-77.92206,46.0,,0.45
D00552,P043,2025-09-09T02:30:00Z,75.85438,-75.28223,46.0,,0.86
D00553,P043,2025-09-09T02:30:00Z,67.79736,-80.21293,58.0,,0.67
D00554,P043,2025-09-09T02:30:00Z,72.59853,-79.44167,174.0,85.0,0.97
D00555,P043,2025-09-09T02:30:00Z,72.67387,-79.13699,76.0,,0.87
D00556,P043,2025-09-09T02:30:00Z,71.92711,-80.84664,191.0,,0.91
D00557,P043,2025-09-09T02:30:00Z,73.23383,-76.14362,58.0,,0.62
D00558,P043,2025-09-09T02:30:00Z,74.90595,-72.84612,27.0,,0.57
D00559,P043,2025-09-09T02:30:00Z,75.53121,-75.52795,32.0,,0.38
D00560,P043,2025-09-09T02:30:00Z,67.92057,-80.99446,57.0,,0.48
D00561,P043,2025-09-09T02:30:00Z,74.09367,-81.55453,100.0,280.0,0.68
D00562,P043,2025-09-09T02:30:00Z,72.73337,-77.83148,133.0,,0.58
D00563,P043,2025-09-09T02:30:00Z,74.34735,-81.74457,35.0,,0.31
D00564,P044,2025-09-09T08:04:00Z,66.69065,-61.15508,64.0,,0.78
D00565,P044,2025-09-09T08:04:00Z,65.90138,-59.77196,36.0,,0.28
D00566,P044,2025-09-09T08:04:00Z,68.54757,-58.26064,89.0,,0.79
D00567,P044,2025-09-09T08:04:00Z,64.81372,-61.64019,64.0,,0.46
D00568,P044,2025-09-09T08:04:00Z,68.93225,-62.01052,107.0,342.0,0.95
D00569,P044,2025-09-09T08:04:00Z,67.14612,-60.19218,48.0,116.0,0.89
D00570,P044,2025-09-09T08:04:00Z,65.65358,-59.82747,53.0,139.0,0.84
D00571,P044,2025-09-09T08:04:00Z,63.58667,-60.74591,114.0,,0.82
D00572,P044,2025-09-09T08:04:00Z,65.94401,-59.48361,42.0,147.0,0.81
D00573,P044,2025-09-09T08:04:00Z,66.319,-60.61719,85.0,,0.89
D00574,P044,2025-09-09T08:04:00Z,70.17615,-61.05576,62.0,,0.46
D00575,P044,2025-09-09T08:04:00Z,69.966,-57.03648,45.0,,0.1
D00576,P044,2025-09-09T08:04:00Z,67.11869,-59.56103,69.0,157.0,0.73
D00577,P044,2025-09-09T08:04:00Z,66.1015,-60.49199,49.0,319.0,0.97
D00578,P044,2025-09-09T08:04:00Z,67.49125,-61.05678,61.0,,0.47
D00579,P044,2025-09-09T08:04:00Z,65.08159,-59.76671,54.0,336.0,0.61
D00580,P044,2025-09-09T08:04:00Z,66.62205,-61.20077,58.0,196.0,0.47
D00581,P044,2025-09-09T08:04:00Z,63.97286,-63.17705,89.0,,0.63
D00582,P044,2025-09-09T08:04:00Z,65.70995,-56.96098,77.0,,0.62
D00583,P044,2025-09-09T08:04:00Z,67.74232,-64.2371,36.0,,0.67
D00584,P044,2025-09-09T08:04:00Z,66.81598,-60.55596,184.0,,0.85
D00585,P044,2025-09-09T08:04:00Z,66.71422,-59.77856,76.0,,0.84
D00586,P044,2025-09-09T08:04:00Z,65.63879,-60.74828,87.0,223.0,0.87
D00587,P044,2025-09-09T08:04:00Z,63.6818,-58.94555,45.0,,0.76
D00588,P044,2025-09-09T08:04:00Z,66.47584,-60.90732,37.0,155.0,0.72
D00589,P044,2025-09-09T08:04:00Z,65.89588,-60.10321,41.0,,0.51
D00590,P044,2025-09-09T08:04:00Z,68.97867,-61.57894,68.0,,0.82
D00591,P044,2025-09-09T08:04:00Z,70.84355,-56.68638,85.0,,0.89
D00592,P044,2025-09-09T08:04:00Z,67.78192,-59.76611,18.0,,0.55
D00593,P044,2025-09-09T08:04:00Z,66.0677,-60.10175,118.0,191.0,0.78
D00594,P044,2025-09-09T08:04:00Z,65.71439,-60.74235,55.0,95.0,0.87
D00595,P044,2025-09-09T08:04:00Z,63.58449,-58.63003,36.0,,0.52
D00596,P044,2025-09-09T08:04:00Z,69.07048,-63.21465,116.0,,0.42
D00597,P044,2025-09-09T08:04:00Z,66.67636,-58.2401,11.0,,0.11
D00598,P044,2025-09-09T08:04:00Z,65.54961,-60.78345,45.0,,0.7
D00599,P044,2025-09-09T08:04:00Z,66.54271,-57.82512,35.0,,0.51
D00600,P044,2025-09-09T08:04:00Z,70.28953,-56.84879,75.0,,0.7
D00601,P044,2025-09-09T08:04:00Z,68.18035,-59.96524,34.0,359.0,0.5
D00602,P044,2025-09-09T08:04:00Z,66.13861,-60.39706,55.0,37.0,0.92
D00603,P044,2025-09-09T08:04:00Z,67.04662,-60.70098,239.0,,0.94
D00604,P044,2025-09-09T08:04:00Z,67.50706,-63.76713,174.0,,0.77
D00605,P044,2025-09-09T08:04:00Z,64.28492,-60.21834,63.0,,0.63
D00606,P044,2025-09-09T08:04:00Z,66.24573,-60.64145,54.0,4.0,0.83
D00607,P044,2025-09-09T08:04:00Z,66.07068,-60.68758,40.0,,0.84
D00608,P044,2025-09-09T08:04:00Z,67.08063,-60.33266,40.0,273.0,0.72
D00609,P044,2025-09-09T08:04:00Z,66.09074,-59.74838,45.0,,0.72
D00610,P044,2025-09-09T08:04:00Z,66.19099,-57.40602,117.0,,0.9
D00611,P044,2025-09-09T08:04:00Z,73.06941,-59.76233,89.0,,0.57
D00612,P044,2025-09-09T08:04:00Z,71.41092,-62.79203,40.0,,0.56
D00613,P044,2025-09-09T08:04:00Z,67.50562,-63.7619,125.0,,0.86
D00614,P044,2025-09-09T08:04:00Z,69.62064,-62.5634,94.0,168.0,0.86
D00615,P044,2025-09-09T08:04:00Z,72.87503,-59.93509,62.0,,0.75
D00616,P044,2025-09-09T08:04:00Z,66.60373,-61.17072,49.0,182.0,0.72
D00617,P044,2025-09-09T08:04:00Z,65.37381,-61.14969,67.0,50.0,0.98
D00618,P044,2025-09-09T08:04:00Z,65.31267,-60.39994,52.0,,0.63
D00619,P044,2025-09-09T08:04:00Z,69.62998,-62.28082,87.0,,0.41
D00620,P044,2025-09-09T08:04:00Z,67.51161,-63.36872,111.0,252.0,0.9
D00621,P044,2025-09-09T08:04:00Z,65.99838,-59.11353,68.0,,0.61
D00622,P044,2025-09-09T08:04:00Z,65.63278,-60.42717,85.0,,0.73
D00623,P044,2025-09-09T08:04:00Z,68.15556,-57.04945,80.0,,0.32
D00624,P044,2025-09-09T08:04:00Z,66.50495,-56.47402,24.0,,0.29
D00625,P044,2025-09-09T08:04:00Z,65.35305,-63.05634,43.0,,0.45
D00626,P044,2025-09-09T08:04:00Z,68.58974,-59.75794,27.0,,0.8
D00627,P045,2025-09-09T08:20:00Z,63.69902,-73.94581,49.0,,0.29
D00628,P045,2025-09-09T08:20:00Z,63.71007,-73.2625,50.0,,0.72
D00629,P045,2025-09-09T08:20:00Z,64.17971,-76.49375,183.0,,0.9
D00630,P045,2025-09-09T08:20:00Z,68.62902,-75.51964,104.0,,0.65
D00631,P045,2025-09-09T08:20:00Z,63.39714,-72.34377,21.0,,0.42
D00632,P045,2025-09-09T08:20:00Z,65.45898,-76.86172,39.0,,0.75
D00633,P045,2025-09-09T08:20:00Z,65.41296,-74.88784,24.0,,0.7
D00634,P045,2025-09-09T08:20:00Z,67.7469,-78.04773,33.0,,0.19
D00635,P045,2025-09-09T08:20:00Z,61.89293,-69.22909,100.0,299.0,0.83
D00636,P045,2025-09-09T08:20:00Z,66.54956,-75.0909,43.0,,0.31
D00637,P045,2025-09-09T08:20:00Z,68.36123,-75.63638,54.0,,0.23
D00638,P045,2025-09-09T08:20:00Z,59.87161,-68.25298,33.0,,0.06
D00639,P045,2025-09-09T08:20:00Z,64.17557,-76.49746,84.0,,0.75
D00640,P045,2025-09-09T08:20:00Z,68.30899,-75.2704,136.0,,0.43
D00641,P045,2025-09-09T08:20:00Z,61.02484,-69.16383,19.0,,0.4
D00642,P045,2025-09-09T08:20:00Z,61.84221,-68.97554,93.0,104.0,0.97
D00643,P045,2025-09-09T08:20:00Z,63.59532,-72.98333,64.0,,0.83
D00644,P045,2025-09-09T08:20:00Z,65.65777,-76.74399,56.0,,0.06
D00645,P046,2025-09-09T09:58:00Z,73.06997,-85.19846,145.0,,0.78
D00646,P046,2025-09-09T09:58:00Z,74.11782,-81.20687,90.0,,0.69
D00647,P046,2025-09-09T09:58:00Z,74.32915,-90.9179,121.0,91.0,0.69
D00648,P046,2025-09-09T09:58:00Z,73.58374,-90.61664,24.0,,0.28
D00649,P047,2025-09-09T17:55:00Z,69.76777,-119.111,28.0,,0.65
D00650,P047,2025-09-09T17:55:00Z,71.18831,-120.10666,54.0,,0.37
D00651,P047,2025-09-09T17:55:00Z,70.40277,-122.99723,97.0,,0.7
D00652,P047,2025-09-09T17:55:00Z,71.32119,-121.63926,42.0,,0.12
D00653,P048,2025-09-10T02:10:00Z,62.78457,-90.94166,101.0,107.0,0.86
D00654,P048,2025-09-10T02:10:00Z,60.59938,-93.17653,42.0,,0.06
D00655,P049,2025-09-10T06:32:00Z,71.02162,-125.40178,57.0,,0.35
D00656,P049,2025-09-10T06:32:00Z,70.25895,-131.41784,46.0,226.0,0.85
D00657,P049,2025-09-10T06:32:00Z,70.50656,-123.87375,130.0,,0.75
D00658,P049,2025-09-10T06:32:00Z,70.71745,-126.92747,47.0,289.0,0.74
D00659,P049,2025-09-10T06:32:00Z,70.67939,-125.46584,106.0,293.0,0.77
D00660,P049,2025-09-10T06:32:00Z,70.35665,-123.53964,26.0,,0.76
D00661,P049,2025-09-10T06:32:00Z,74.39336,-125.63312,31.0,,0.03
D00662,P050,2025-09-10T10:25:00Z,67.7234,-61.78273,102.0,,0.8
D00663,P050,2025-09-10T10:25:00Z,64.58877,-60.84346,43.0,,0.71
D00664,P050,2025-09-10T10:25:00Z,63.00772,-64.67082,81.0,,0.88
D00665,P050,2025-09-10T10:25:00Z,66.92635,-59.40401,64.0,336.0,0.91
D00666,P050,2025-09-10T10:25:00Z,65.59495,-60.03512,50.0,,0.5
D00667,P050,2025-09-10T10:25:00Z,66.88425,-59.96956,53.0,64.0,0.86
D00668,P050,2025-09-10T10:25:00Z,66.26175,-60.61746,53.0,,0.79
D00669,P050,2025-09-10T10:25:00Z,65.1635,-59.57895,46.0,350.0,0.86
D00670,P050,2025-09-10T10:25:00Z,69.88513,-61.60377,37.0,,0.86
D00671,P050,2025-09-10T10:25:00Z,67.39971,-57.07465,143.0,,0.58
D00672,P050,2025-09-10T10:25:00Z,65.40659,-61.30798,61.0,82.0,0.8
D00673,P050,2025-09-10T10:25:00Z,67.50702,-63.76421,182.0,,0.72
D00674,P050,2025-09-10T10:25:00Z,63.17172,-59.17271,53.0,165.0,0.59
D00675,P050,2025-09-10T10:25:00Z,69.78093,-56.64314,17.0,,0.56
D00676,P050,2025-09-10T10:25:00Z,65.21599,-60.62005,55.0,,0.96
D00677,P050,2025-09-10T10:25:00Z,63.31173,-60.42833,22.0,,0.73
D00678,P050,2025-09-10T10:25:00Z,64.38306,-59.15857,182.0,176.0,0.92
D00679,P050,2025-09-10T10:25:00Z,66.93513,-60.69066,38.0,,0.21
D00680,P050,2025-09-10T10:25:00Z,60.91224,-59.13079,31.0,,0.12
D00681,P050,2025-09-10T10:25:00Z,64.0694,-58.99819,229.0,348.0,0.93
D00682,P050,2025-09-10T10:25:00Z,66.16829,-60.36143,44.0,61.0,0.4
D00683,P050,2025-09-10T10:25:00Z,66.1833,-60.87683,53.0,,0.82
D00684,P050,2025-09-10T10:25:00Z,66.31622,-58.68368,38.0,,0.1
D00685,P050,2025-09-10T10:25:00Z,64.68877,-61.92551,15.0,,0.47
D00686,P050,2025-09-10T10:25:00Z,65.21415,-59.60679,133.0,354.0,0.67
D00687,P050,2025-09-10T10:25:00Z,66.06628,-60.1825,65.0,,0.67
D00688,P050,2025-09-10T10:25:00Z,65.56194,-61.17417,53.0,350.0,0.89
D00689,P050,2025-09-10T10:25:00Z,67.95623,-59.99391,45.0,,0.3
D00690,P050,2025-09-10T10:25:00Z,68.14873,-59.82266,77.0,20.0,0.72
D00691,P050,2025-09-10T10:25:00Z,65.43296,-59.398,44.0,,0.52
D00692,P050,2025-09-10T10:25:00Z,66.83269,-61.14114,55.0,105.0,0.65
D00693,P050,2025-09-10T10:25:00Z,66.44819,-61.24474,25.0,231.0,0.62
D00694,P050,2025-09-10T10:25:00Z,66.75535,-59.58571,43.0,,0.54
D00695,P050,2025-09-10T10:25:00Z,65.6511,-61.06182,77.0,,0.76
D00696,P050,2025-09-10T10:25:00Z,64.26701,-64.6867,38.0,,0.61
D00697,P050,2025-09-10T10:25:00Z,66.50867,-59.75276,58.0,,0.68
D00698,P050,2025-09-10T10:25:00Z,65.71104,-58.02006,32.0,,0.54
D00699,P050,2025-09-10T10:25:00Z,68.21436,-62.73774,46.0,,0.63
D00700,P050,2025-09-10T10:25:00Z,68.67599,-61.82814,165.0,176.0,0.8
D00701,P050,2025-09-10T10:25:00Z,70.26675,-65.01543,52.0,,0.57
D00702,P050,2025-09-10T10:25:00Z,70.37951,-61.19133,103.0,,0.68
D00703,P050,2025-09-10T10:25:00Z,66.79034,-60.93946,57.0,40.0,0.75
D00704,P050,2025-09-10T10:25:00Z,69.44256,-62.42268,229.0,,0.86
D00705,P050,2025-09-10T10:25:00Z,66.87892,-57.93285,26.0,,0.53
D00706,P050,2025-09-10T10:25:00Z,64.85944,-59.41254,164.0,,0.64
D00707,P050,2025-09-10T10:25:00Z,66.01667,-59.66913,56.0,,0.69
D00708,P050,2025-09-10T10:25:00Z,69.37304,-62.07041,68.0,,0.53
D00709,P050,2025-09-10T10:25:00Z,66.03153,-61.13185,59.0,,0.81
D00710,P050,2025-09-10T10:25:00Z,64.51595,-59.22873,63.0,184.0,0.66
D00711,P050,2025-09-10T10:25:00Z,66.31424,-60.38088,28.0,,0.33
D00712,P050,2025-09-10T10:25:00Z,68.64159,-58.18788,52.0,,0.31
D00713,P050,2025-09-10T10:25:00Z,68.007,-61.34684,131.0,166.0,0.81
D00714,P051,2025-09-10T11:06:00Z,73.06898,-85.19707,133.0,,0.96
D00715,P051,2025-09-10T11:06:00Z,72.77398,-86.11849,56.0,,0.26
D00716,P051,2025-09-10T11:06:00Z,71.92691,-80.84667,233.0,,0.9
D00717,P051,2025-09-10T11:06:00Z,74.19126,-79.99696,77.0,,0.89
D00718,P051,2025-09-10T11:06:00Z,74.27294,-88.48296,118.0,266.0,0.89
D00719,P053,2025-09-10T19:21:00Z,72.05595,-71.40589,48.0,,0.85
D00720,P053,2025-09-10T19:21:00Z,72.3332,-65.40169,114.0,,0.52
D00721,P053,2025-09-10T19:21:00Z,75.01145,-68.38533,27.0,,0.2
D00722,P053,2025-09-10T19:21:00Z,66.70319,-60.74826,35.0,287.0,0.46
D00723,P053,2025-09-10T19:21:00Z,68.48201,-64.6081,50.0,,0.34
D00724,P053,2025-09-10T19:21:00Z,75.33289,-66.33026,48.0,,0.62
D00725,P053,2025-09-10T19:21:00Z,71.89332,-68.36658,103.0,,0.93
D00726,P053,2025-09-10T19:21:00Z,73.30574,-68.1364,102.0,,0.49
D00727,P053,2025-09-10T19:21:00Z,66.6944,-61.11513,56.0,114.0,0.68
D00728,P053,2025-09-10T19:21:00Z,74.42528,-74.2794,42.0,,0.44
D00729,P053,2025-09-10T19:21:00Z,75.59904,-72.38026,31.0,,0.29
D00730,P053,2025-09-10T19:21:00Z,72.14737,-70.28731,75.0,119.0,0.61
D00731,P053,2025-09-10T19:21:00Z,71.22588,-66.89705,140.0,,0.53
D00732,P053,2025-09-10T19:21:00Z,73.93102,-68.6752,18.0,,0.5
D00733,P053,2025-09-10T19:21:00Z,69.74282,-63.70955,40.0,,0.4
D00734,P053,2025-09-10T19:21:00Z,72.64063,-73.23324,50.0,,0.73
D00735,P053,2025-09-10T19:21:00Z,75.96188,-68.41309,86.0,,0.25
D00736,P053,2025-09-10T19:21:00Z,70.50848,-64.00127,97.0,,0.72
D00737,P053,2025-09-10T19:21:00Z,69.55405,-66.62895,42.0,,0.49
D00738,P053,2025-09-10T19:21:00Z,72.30432,-71.56457,185.0,,0.81
D00739,P053,2025-09-10T19:21:00Z,72.38299,-65.70722,56.0,352.0,0.48
D00740,P053,2025-09-10T19:21:00Z,69.76299,-64.90873,16.0,,0.77
D00741,P053,2025-09-10T19:21:00Z,70.75065,-68.7855,49.0,,0.48
D00742,P053,2025-09-10T19:21:00Z,70.49314,-68.26899,139.0,,0.95
D00743,P053,2025-09-10T19:21:00Z,74.43387,-68.26506,11.0,,0.42
D00744,P053,2025-09-10T19:21:00Z,73.09489,-70.11839,125.0,,0.75
D00745,P053,2025-09-10T19:21:00Z,71.40551,-68.1037,70.0,,0.63
D00746,P053,2025-09-10T19:21:00Z,71.44387,-64.92573,48.0,,0.7
D00747,P053,2025-09-10T19:21:00Z,68.08356,-64.47104,140.0,,0.71
D00748,P053,2025-09-10T19:21:00Z,66.90922,-60.82527,37.0,110.0,0.48
D00749,P053,2025-09-10T19:21:00Z,67.72468,-62.05857,47.0,,0.57
D00750,P053,2025-09-10T19:21:00Z,67.50653,-63.76712,159.0,,0.56
D00751,P053,2025-09-10T19:21:00Z,73.10695,-70.20823,132.0,114.0,0.88
D00752,P053,2025-09-10T19:21:00Z,69.80624,-62.51254,29.0,,0.27
D00753,P053,2025-09-10T19:21:00Z,73.29288,-72.01491,139.0,,0.63
D00754,P053,2025-09-10T19:21:00Z,69.39293,-62.38774,248.0,,0.73
D00755,P053,2025-09-10T19:21:00Z,71.93296,-68.7811,93.0,,0.69
D00756,P053,2025-09-10T19:21:00Z,74.25752,-70.92186,68.0,,0.52
D00757,P053,2025-09-10T19:21:00Z,71.64013,-64.20961,76.0,231.0,0.71
D00758,P053,2025-09-10T19:21:00Z,72.54815,-68.15288,72.0,137.0,0.72
D00759,P053,2025-09-10T19:21:00Z,70.29064,-63.6998,47.0,,0.51
D00760,P053,2025-09-10T19:21:00Z,66.74867,-60.94507,62.0,37.0,0.76
D00761,P053,2025-09-10T19:21:00Z,67.28069,-61.68993,85.0,,0.11
D00762,P053,2025-09-10T19:21:00Z,72.08974,-66.67843,49.0,188.0,0.56
D00763,P054,2025-09-11T05:44:00Z,74.29416,-89.31289,122.0,87.0,0.8
D00764,P054,2025-09-11T05:44:00Z,73.06903,-85.19514,131.0,,0.75
D00765,P054,2025-09-11T05:44:00Z,73.49233,-89.31698,26.0,,0.49
D00766,P054,2025-09-11T05:44:00Z,74.19312,-80.00476,103.0,,0.72
D00767,P054,2025-09-11T05:44:00Z,74.2725,-90.46843,98.0,294.0,0.79
D00768,P055,2025-09-11T15:01:00Z,67.84726,-61.26397,93.0,,0.52
D00769,P055,2025-09-11T15:01:00Z,65.52359,-60.14359,72.0,11.0,0.86
D00770,P055,2025-09-11T15:01:00Z,64.81522,-64.65864,35.0,,0.65
D00771,P055,2025-09-11T15:01:00Z,65.35648,-61.17446,84.0,49.0,0.73
D00772,P055,2025-09-11T15:01:00Z,68.74337,-63.57284,180.0,,0.69
D00773,P055,2025-09-11T15:01:00Z,70.39309,-63.20928,134.0,342.0,0.73
D00774,P055,2025-09-11T15:01:00Z,66.22744,-60.61378,57.0,,0.63
D00775,P055,2025-09-11T15:01:00Z,63.71523,-59.16963,58.0,176.0,0.92
D00776,P055,2025-09-11T15:01:00Z,67.87392,-58.87859,65.0,,0.76
D00777,P055,2025-09-11T15:01:00Z,66.13014,-60.4795,44.0,271.0,0.93
D00778,P055,2025-09-11T15:01:00Z,67.40035,-59.19706,51.0,,0.22
D00779,P055,2025-09-11T15:01:00Z,70.50125,-63.30799,143.0,155.0,0.85
D00780,P055,2025-09-11T15:01:00Z,65.18511,-60.93301,60.0,,0.9
D00781,P055,2025-09-11T15:01:00Z,62.23201,-59.5926,23.0,,0.28
D00782,P055,2025-09-11T15:01:00Z,67.08438,-62.17921,46.0,,0.37
D00783,P055,2025-09-11T15:01:00Z,63.78472,-60.22052,88.0,,0.76
D00784,P055,2025-09-11T15:01:00Z,65.9287,-60.81016,60.0,124.0,0.93
D00785,P055,2025-09-11T15:01:00Z,69.89556,-64.43359,76.0,,0.62
D00786,P055,2025-09-11T15:01:00Z,69.94654,-56.61447,11.0,,0.32
D00787,P055,2025-09-11T15:01:00Z,66.89296,-58.96512,18.0,,0.22
D00788,P055,2025-09-11T15:01:00Z,66.51997,-60.51007,64.0,215.0,0.61
D00789,P055,2025-09-11T15:01:00Z,71.10048,-63.32581,31.0,,0.87
D00790,P055,2025-09-11T15:01:00Z,66.3611,-60.37921,74.0,,0.86
D00791,P055,2025-09-11T15:01:00Z,65.5986,-59.91471,43.0,,0.61
D00792,P055,2025-09-11T15:01:00Z,68.87552,-59.00252,76.0,,0.56
D00793,P055,2025-09-11T15:01:00Z,65.66313,-60.95101,54.0,241.0,0.72
D00794,P055,2025-09-11T15:01:00Z,69.95075,-56.59003,35.0,,0.35
D00795,P055,2025-09-11T15:01:00Z,69.05571,-62.11593,40.0,156.0,0.91
D00796,P055,2025-09-11T15:01:00Z,69.54311,-63.85414,51.0,345.0,0.76
D00797,P055,2025-09-11T15:01:00Z,63.16919,-58.80987,50.0,164.0,0.98
D00798,P055,2025-09-11T15:01:00Z,68.71518,-58.22144,20.0,,0.18
D00799,P055,2025-09-11T15:01:00Z,65.12813,-59.55748,177.0,155.0,0.97
D00800,P055,2025-09-11T15:01:00Z,67.22441,-57.20111,65.0,,0.6
D00801,P055,2025-09-11T15:01:00Z,66.38332,-59.26659,27.0,,0.29
D00802,P055,2025-09-11T15:01:00Z,66.81027,-61.10963,78.0,,0.64
D00803,P055,2025-09-11T15:01:00Z,63.4054,-58.66728,236.0,160.0,0.92
D00804,P055,2025-09-11T15:01:00Z,65.48851,-62.043,37.0,,0.33
D00805,P055,2025-09-11T15:01:00Z,70.35167,-58.58655,22.0,,0.3
D00806,P055,2025-09-11T15:01:00Z,69.88355,-62.77852,244.0,346.0,0.72
D00807,P055,2025-09-11T15:01:00Z,68.93911,-57.28638,57.0,,0.8
D00808,P055,2025-09-11T15:01:00Z,65.78264,-59.92914,96.0,341.0,0.83
D00809,P055,2025-09-11T15:01:00Z,70.51529,-60.83954,105.0,,0.83
D00810,P055,2025-09-11T15:01:00Z,69.9898,-61.32488,75.0,,0.77
D00811,P055,2025-09-11T15:01:00Z,68.73991,-64.46099,100.0,156.0,0.64
D00812,P055,2025-09-11T15:01:00Z,67.8341,-62.14533,39.0,,0.63
D00813,P055,2025-09-11T15:01:00Z,66.87814,-59.26123,84.0,25.0,0.91
D00814,P055,2025-09-11T15:01:00Z,65.82929,-59.74392,29.0,258.0,0.78
D00815,P055,2025-09-11T15:01:00Z,64.13514,-59.02966,142.0,356.0,0.91
D00816,P055,2025-09-11T15:01:00Z,64.9532,-58.58391,75.0,,0.49
D00817,P055,2025-09-11T15:01:00Z,69.59314,-63.89936,164.0,,0.73
D00818,P056,2025-09-11T15:21:00Z,68.54126,-97.58715,91.0,306.0,0.74
D00819,P056,2025-09-11T15:21:00Z,70.44396,-97.80541,45.0,,0.13
D00820,P056,2025-09-11T15:21:00Z,68.5928,-95.91293,18.0,,0.39
D00821,P056,2025-09-11T15:21:00Z,68.53448,-97.53029,24.0,292.0,0.62
D00822,P056,2025-09-11T15:21:00Z,68.5937,-95.90358,17.0,,0.81
D00823,P056,2025-09-11T15:21:00Z,68.58178,-95.45119,59.0,,0.32
D00824,P056,2025-09-11T15:21:00Z,72.36645,-95.8946,55.0,,0.49
D00825,P056,2025-09-11T15:21:00Z,74.61541,-94.72584,90.0,,0.86
D00826,P056,2025-09-11T15:21:00Z,74.61726,-94.72494,112.0,,0.84
D00827,P057,2025-09-11T18:52:00Z,68.27329,-96.20914,24.0,,0.31
D00828,P057,2025-09-11T18:52:00Z,68.47729,-95.94766,36.0,11.0,0.71
D00829,P058,2025-09-12T02:13:00Z,68.58762,-98.89878,37.0,,0.52
D00830,P058,2025-09-12T02:13:00Z,68.49596,-100.66255,34.0,262.0,0.61
D00831,P058,2025-09-12T02:13:00Z,68.48514,-103.40241,132.0,,0.75
D00832,P058,2025-09-12T02:13:00Z,68.58884,-98.773,39.0,87.0,0.89
D00833,P059,2025-09-12T08:04:00Z,69.50068,-132.99194,111.0,,0.83
D00834,P059,2025-09-12T08:04:00Z,73.36531,-127.7356,12.0,,0.16
D00835,P059,2025-09-12T08:04:00Z,69.50275,-132.99678,36.0,,0.55
D00836,P059,2025-09-12T08:04:00Z,75.16451,-127.36617,14.0,,0.55
D00837,P059,2025-09-12T08:04:00Z,70.98593,-129.9912,175.0,100.0,0.82
D00838,P060,2025-09-12T10:00:00Z,71.45003,-99.84004,58.0,,0.13
D00839,P060,2025-09-12T10:00:00Z,68.4312,-102.89767,33.0,,0.42
D00840,P060,2025-09-12T10:00:00Z,68.81126,-94.95073,15.0,353.0,0.98
D00841,P060,2025-09-12T10:00:00Z,68.4043,-96.85252,38.0,,0.44
D00842,P060,2025-09-12T10:00:00Z,68.5915,-95.90728,42.0,,0.48
D00843,P060,2025-09-12T10:00:00Z,68.3874,-96.71801,36.0,92.0,0.81
D00844,P061,2025-09-12T11:39:00Z,64.42368,-74.44277,39.0,,0.11
D00845,P061,2025-09-12T11:39:00Z,63.0277,-73.02956,192.0,151.0,0.79
D00846,P061,2025-09-12T11:39:00Z,62.01598,-71.64387,98.0,298.0,0.89
D00847,P062,2025-09-12T13:57:00Z,73.10847,-138.77979,43.0,,0.23
D00848,P062,2025-09-12T13:57:00Z,72.06241,-134.01687,40.0,,0.31
D00849,P062,2025-09-12T13:57:00Z,70.73462,-138.40149,50.0,,0.27
D00850,P063,2025-09-12T21:18:00Z,68.36784,-61.52466,19.0,,0.13
D00851,P063,2025-09-12T21:18:00Z,65.32191,-60.98778,48.0,72.0,0.73
D00852,P063,2025-09-12T21:18:00Z,67.04795,-61.09294,76.0,,0.61
D00853,P063,2025-09-12T21:18:00Z,66.21402,-60.47603,46.0,56.0,0.77
D00854,P063,2025-09-12T21:18:00Z,66.50348,-56.60224,20.0,,0.66
D00855,P063,2025-09-12T21:18:00Z,69.95,-63.01301,194.0,,0.44
D00856,P063,2025-09-12T21:18:00Z,65.11853,-59.55378,139.0,173.0,0.91
D00857,P063,2025-09-12T21:18:00Z,65.66388,-61.80805,53.0,,0.75
D00858,P063,2025-09-12T21:18:00Z,66.44403,-61.02092,53.0,107.0,0.36
D00859,P063,2025-09-12T21:18:00Z,65.32716,-59.86402,57.0,162.0,0.85
D00860,P063,2025-09-12T21:18:00Z,69.10562,-61.95056,48.0,,0.69
D00861,P063,2025-09-12T21:18:00Z,67.03145,-60.26118,48.0,354.0,0.85
D00862,P063,2025-09-12T21:18:00Z,71.88168,-59.27811,55.0,,0.82
D00863,P063,2025-09-12T21:18:00Z,66.12161,-59.42831,40.0,,0.6
D00864,P063,2025-09-12T21:18:00Z,67.98165,-61.32862,58.0,,0.56
D00865,P063,2025-09-12T21:18:00Z,65.43077,-60.1818,137.0,,0.83
D00866,P063,2025-09-12T21:18:00Z,68.02285,-61.35907,45.0,170.0,0.39
D00867,P063,2025-09-12T21:18:00Z,63.84482,-58.76236,69.0,,0.87
D00868,P063,2025-09-12T21:18:00Z,71.23832,-64.44701,104.0,347.0,0.78
D00869,P063,2025-09-12T21:18:00Z,69.67081,-61.7267,74.0,,0.59
D00870,P063,2025-09-12T21:18:00Z,71.5168,-60.31311,59.0,,0.83
D00871,P063,2025-09-12T21:18:00Z,64.58372,-56.22874,77.0,,0.58
D00872,P063,2025-09-12T21:18:00Z,69.73765,-59.12287,36.0,,0.36
D00873,P063,2025-09-12T21:18:00Z,65.70167,-60.90267,80.0,20.0,0.74
D00874,P063,2025-09-12T21:18:00Z,66.83033,-61.28329,58.0,319.0,0.93
D00875,P063,2025-09-12T21:18:00Z,68.45153,-59.35339,11.0,,0.19
D00876,P063,2025-09-12T21:18:00Z,68.54936,-62.3232,92.0,,0.52
D00877,P063,2025-09-12T21:18:00Z,67.38104,-62.27908,90.0,136.0,0.77
D00878,P063,2025-09-12T21:18:00Z,68.23233,-55.7115,58.0,,0.13
D00879,P063,2025-09-12T21:18:00Z,70.75114,-64.05861,39.0,170.0,0.68
D00880,P063,2025-09-12T21:18:00Z,69.8533,-61.05956,25.0,,0.66
D00881,P063,2025-09-12T21:18:00Z,62.8771,-59.76518,22.0,,0.31
D00882,P063,2025-09-12T21:18:00Z,66.23266,-60.56478,65.0,22.0,0.94
D00883,P063,2025-09-12T21:18:00Z,67.67988,-60.09936,70.0,17.0,0.83
D00884,P063,2025-09-12T21:18:00Z,70.03422,-61.89798,202.0,,0.23
D00885,P063,2025-09-12T21:18:00Z,70.81978,-63.71617,35.0,166.0,0.36
D00886,P063,2025-09-12T21:18:00Z,72.27937,-60.5564,25.0,,0.64
D00887,P063,2025-09-12T21:18:00Z,66.14363,-60.73674,48.0,168.0,0.84
D00888,P063,2025-09-12T21:18:00Z,65.19563,-59.60071,227.0,152.0,0.64
D00889,P063,2025-09-12T21:18:00Z,64.50339,-57.3567,131.0,,0.45
D00890,P063,2025-09-12T21:18:00Z,69.04434,-59.35041,69.0,,0.51
D00891,P063,2025-09-12T21:18:00Z,65.83431,-60.55658,21.0,,0.41
D00892,P063,2025-09-12T21:18:00Z,71.62284,-64.35629,77.0,348.0,0.43
D00893,P063,2025-09-12T21:18:00Z,69.56266,-63.08906,46.0,,0.44
D00894,P063,2025-09-12T21:18:00Z,65.46153,-60.9715,64.0,113.0,0.96
D00895,P063,2025-09-12T21:18:00Z,65.64929,-60.47287,57.0,336.0,0.72
D00896,P063,2025-09-12T21:18:00Z,63.95625,-56.6037,121.0,,0.63
D00897,P063,2025-09-12T21:18:00Z,66.03647,-60.35041,40.0,194.0,0.87
D00898,P063,2025-09-12T21:18:00Z,66.82855,-60.92727,36.0,172.0,0.58
D00899,P063,2025-09-12T21:18:00Z,65.76718,-59.36446,46.0,195.0,0.84
D00900,P063,2025-09-12T21:18:00Z,69.14774,-62.19118,106.0,351.0,0.83
D00901,P064,2025-09-12T21:48:00Z,72.30358,-70.51819,25.0,,0.33
D00902,P064,2025-09-12T21:48:00Z,74.91483,-67.58611,30.0,,0.48
D00903,P064,2025-09-12T21:48:00Z,73.35003,-66.653,70.0,,0.78
D00904,P064,2025-09-12T21:48:00Z,71.94683,-71.11687,47.0,,0.68
D00905,P064,2025-09-12T21:48:00Z,74.5622,-74.13422,75.0,,0.79
D00906,P064,2025-09-12T21:48:00Z,71.75043,-73.11655,21.0,,0.64
D00907,P064,2025-09-12T21:48:00Z,73.01852,-73.57181,57.0,,0.24
D00908,P064,2025-09-12T21:48:00Z,73.31784,-70.53548,92.0,,0.36
D00909,P064,2025-09-12T21:48:00Z,73.03616,-73.8963,127.0,67.0,0.78
D00910,P064,2025-09-12T21:48:00Z,68.367,-76.55434,228.0,,0.78
D00911,P064,2025-09-12T21:48:00Z,73.93106,-66.60346,52.0,,0.76
D00912,P064,2025-09-12T21:48:00Z,75.27714,-73.26891,111.0,,0.65
D00913,P064,2025-09-12T21:48:00Z,72.79265,-72.16825,23.0,,0.64
D00914,P064,2025-09-12T21:48:00Z,71.32039,-69.38658,106.0,,0.76
D00915,P064,2025-09-12T21:48:00Z,75.99997,-73.74832,41.0,,0.53
D00916,P064,2025-09-12T21:48:00Z,73.90004,-70.49946,164.0,,0.76
D00917,P064,2025-09-12T21:48:00Z,73.90219,-70.50442,56.0,,0.66
D00918,P064,2025-09-12T21:48:00Z,71.06244,-70.52987,30.0,,0.38
D00919,P064,2025-09-12T21:48:00Z,72.55383,-66.04206,150.0,113.0,0.96
D00920,P064,2025-09-12T21:48:00Z,72.02275,-69.06829,95.0,,0.41
D00921,P064,2025-09-12T21:48:00Z,72.05392,-70.84069,47.0,,0.5
D00922,P064,2025-09-12T21:48:00Z,74.26143,-75.1664,41.0,,0.8
D00923,P064,2025-09-12T21:48:00Z,74.52855,-71.40762,96.0,,0.29
D00924,P065,2025-09-12T23:13:00Z,59.85104,-86.83724,27.0,,0.27
D00925,P065,2025-09-12T23:13:00Z,62.4307,-85.76101,43.0,,0.36
D00926,P065,2025-09-12T23:13:00Z,62.78471,-90.94749,136.0,271.0,0.68
D00927,P065,2025-09-12T23:13:00Z,60.54307,-85.72162,58.0,,0.47
D00928,P065,2025-09-12T23:13:00Z,60.31922,-88.85837,26.0,,0.59
D00929,P065,2025-09-12T23:13:00Z,60.11156,-88.41582,20.0,,0.29
D00930,P065,2025-09-12T23:13:00Z,62.06507,-86.76943,77.0,269.0,0.84
D00931,P066,2025-09-13T00:26:00Z,67.24722,-81.01391,94.0,,0.54
D00932,P066,2025-09-13T00:26:00Z,62.97846,-89.71069,37.0,,0.19
D00933,P066,2025-09-13T00:26:00Z,69.18359,-80.80709,85.0,,0.3
D00934,P066,2025-09-13T00:26:00Z,63.70399,-87.24308,30.0,,0.12
D00935,P066,2025-09-13T00:26:00Z,68.4467,-79.91075,40.0,,0.44
D00936,P066,2025-09-13T00:26:00Z,66.75573,-80.46818,17.0,,0.16
D00937,P066,2025-09-13T00:26:00Z,62.21211,-86.83566,69.0,351.0,0.8
D00938,P066,2025-09-13T00:26:00Z,68.06347,-86.27656,24.0,,0.31
D00939,P067,2025-09-13T00:40:00Z,70.19565,-122.22036,68.0,112.0,0.66
D00940,P067,2025-09-13T00:40:00Z,70.6452,-125.12503,160.0,,0.95
D00941,P067,2025-09-13T00:40:00Z,70.66564,-126.37887,38.0,274.0,0.59
D00942,P067,2025-09-13T00:40:00Z,70.7342,-124.69134,82.0,167.0,0.78
D00943,P068,2025-09-13T00:59:00Z,73.08751,-66.77078,69.0,186.0,0.93
D00944,P068,2025-09-13T00:59:00Z,67.54176,-59.02433,81.0,,0.61
D00945,P068,2025-09-13T00:59:00Z,65.87928,-59.22218,54.0,19.0,0.94
D00946,P068,2025-09-13T00:59:00Z,69.75262,-62.67032,109.0,349.0,0.67
D00947,P068,2025-09-13T00:59:00Z,72.95273,-60.30394,127.0,,0.29
D00948,P068,2025-09-13T00:59:00Z,66.26624,-60.4906,73.0,209.0,0.65
D00949,P068,2025-09-13T00:59:00Z,63.74225,-56.93034,84.0,,0.56
D00950,P068,2025-09-13T00:59:00Z,68.93894,-63.79707,84.0,,0.83
D00951,P068,2025-09-13T00:59:00Z,65.96318,-60.72439,54.0,,0.75
D00952,P068,2025-09-13T00:59:00Z,68.76799,-61.81609,24.0,,0.7
D00953,P068,2025-09-13T00:59:00Z,72.67634,-56.76405,130.0,,0.62
D00954,P068,2025-09-13T00:59:00Z,72.73025,-56.57517,31.0,,0.89
D00955,P068,2025-09-13T00:59:00Z,65.36329,-60.63712,75.0,172.0,0.92
D00956,P068,2025-09-13T00:59:00Z,66.6613,-60.98135,51.0,306.0,0.76
D00957,P068,2025-09-13T00:59:00Z,66.93414,-61.56399,58.0,296.0,0.72
D00958,P068,2025-09-13T00:59:00Z,71.7037,-64.81542,80.0,,0.7
D00959,P068,2025-09-13T00:59:00Z,65.93175,-58.43811,22.0,,0.3
D00960,P068,2025-09-13T00:59:00Z,65.88164,-58.77152,18.0,,0.73
D00961,P068,2025-09-13T00:59:00Z,64.37666,-59.15457,255.0,,0.82
D00962,P068,2025-09-13T00:59:00Z,70.83853,-63.54137,78.0,,0.34
D00963,P068,2025-09-13T00:59:00Z,64.45954,-59.20181,168.0,178.0,0.51
D00964,P068,2025-09-13T00:59:00Z,69.63251,-63.06199,56.0,,0.15
D00965,P068,2025-09-13T00:59:00Z,67.13637,-59.89616,56.0,57.0,0.73
D00966,P068,2025-09-13T00:59:00Z,70.0162,-58.02106,52.0,,0.65
D00967,P068,2025-09-13T00:59:00Z,71.46668,-58.66993,35.0,,0.08
D00968,P068,2025-09-13T00:59:00Z,66.95892,-60.6478,73.0,161.0,0.7
D00969,P068,2025-09-13T00:59:00Z,66.1433,-60.54708,47.0,,0.79
D00970,P068,2025-09-13T00:59:00Z,66.87461,-59.02851,31.0,,0.78
D00971,P068,2025-09-13T00:59:00Z,72.04656,-65.27363,137.0,,0.77
D00972,P068,2025-09-13T00:59:00Z,66.15863,-60.79336,39.0,,0.72
D00973,P068,2025-09-13T00:59:00Z,71.92454,-65.14315,133.0,5.0,0.96
D00974,P068,2025-09-13T00:59:00Z,65.63838,-60.5887,83.0,113.0,0.89
D00975,P068,2025-09-13T00:59:00Z,63.46201,-56.83695,19.0,,0.64
D00976,P068,2025-09-13T00:59:00Z,66.73355,-60.86149,44.0,,0.85
D00977,P068,2025-09-13T00:59:00Z,68.11347,-60.83851,59.0,,0.77
D00978,P068,2025-09-13T00:59:00Z,69.75669,-57.12514,110.0,,0.47
D00979,P068,2025-09-13T00:59:00Z,66.45006,-60.83356,44.0,286.0,0.52
D00980,P068,2025-09-13T00:59:00Z,68.99954,-62.7189,35.0,165.0,0.49
D00981,P068,2025-09-13T00:59:00Z,68.28816,-59.90633,46.0,,0.86
D00982,P068,2025-09-13T00:59:00Z,67.77954,-61.90433,47.0,,0.75
D00983,P068,2025-09-13T00:59:00Z,72.16665,-65.84556,138.0,309.0,0.9
D00984,P068,2025-09-13T00:59:00Z,64.85275,-61.00881,99.0,211.0,0.83
D00985,P068,2025-09-13T00:59:00Z,69.06301,-60.35258,63.0,,0.83
D00986,P068,2025-09-13T00:59:00Z,68.57606,-61.75503,48.0,347.0,0.95
D00987,P068,2025-09-13T00:59:00Z,64.67943,-60.82181,58.0,,0.36
D00988,P068,2025-09-13T00:59:00Z,73.12328,-65.78052,60.0,,0.44
D00989,P068,2025-09-13T00:59:00Z,67.34064,-58.47347,36.0,,0.49
D00990,P068,2025-09-13T00:59:00Z,65.36414,-61.04035,83.0,232.0,0.86
D00991,P069,2025-09-13T01:35:00Z,63.86944,-59.59366,36.0,,0.67
D00992,P069,2025-09-13T01:35:00Z,61.30229,-55.53236,37.0,,0.45
D00993,P069,2025-09-13T01:35:00Z,61.83257,-60.02826,47.0,,0.2
D00994,P069,2025-09-13T01:35:00Z,63.71597,-55.58406,21.0,,0.5
D00995,P069,2025-09-13T01:35:00Z,65.90534,-59.19252,52.0,,0.78
D00996,P069,2025-09-13T01:35:00Z,65.47315,-58.79576,67.0,,0.76
D00997,P069,2025-09-13T01:35:00Z,67.143,-59.85854,35.0,,0.61
D00998,P069,2025-09-13T01:35:00Z,63.1772,-58.4937,66.0,166.0,0.76
D00999,P069,2025-09-13T01:35:00Z,64.34959,-59.14535,157.0,,0.93
D01000,P069,2025-09-13T01:35:00Z,64.24219,-59.086,321.0,172.0,0.64
D01001,P069,2025-09-13T01:35:00Z,64.66979,-59.49831,64.0,128.0,0.56
D01002,P069,2025-09-13T01:35:00Z,62.9015,-58.4256,32.0,145.0,0.51
D01003,P069,2025-09-13T01:35:00Z,61.88182,-56.56323,40.0,,0.47
D01004,P070,2025-09-13T02:58:00Z,62.1031,-71.26245,14.0,,0.06
D01005,P070,2025-09-13T02:58:00Z,62.27829,-73.14007,94.0,225.0,0.87
D01006,P070,2025-09-13T02:58:00Z,63.06596,-75.42298,121.0,82.0,0.79
D01007,P070,2025-09-13T02:58:00Z,63.18001,-74.0069,39.0,,0.79
D01008,P070,2025-09-13T02:58:00Z,62.43442,-73.4056,26.0,,0.11
D01009,P070,2025-09-13T02:58:00Z,62.94107,-76.14937,139.0,91.0,0.64
D01010,P071,2025-09-13T09:53:00Z,64.15538,-74.09176,34.0,,0.31
D01011,P071,2025-09-13T09:53:00Z,69.83787,-78.75071,63.0,,0.59
D01012,P071,2025-09-13T09:53:00Z,67.20633,-76.74858,63.0,,0.63
D01013,P071,2025-09-13T09:53:00Z,62.08416,-71.5992,101.0,263.0,0.89
D01014,P071,2025-09-13T09:53:00Z,62.27837,-73.13678,75.0,,0.38
D01015,P071,2025-09-13T09:53:00Z,67.16356,-74.04811,49.0,,0.52
D01016,P071,2025-09-13T09:53:00Z,63.94863,-73.49273,128.0,,0.37
D01017,P071,2025-09-13T09:53:00Z,67.52011,-74.80736,22.0,,0.68
D01018,P071,2025-09-13T09:53:00Z,62.74137,-73.10224,142.0,106.0,0.9
D01019,P071,2025-09-13T09:53:00Z,68.8033,-76.64965,82.0,,0.6
D01020,P071,2025-09-13T09:53:00Z,69.60563,-77.22433,28.0,,0.34
D01021,P071,2025-09-13T09:53:00Z,62.65282,-72.69061,116.0,111.0,0.92
D01022,P071,2025-09-13T09:53:00Z,68.83994,-78.37387,36.0,,0.29
D01023,P071,2025-09-13T09:53:00Z,61.90623,-68.26687,35.0,,0.24
D01024,P071,2025-09-13T09:53:00Z,66.64437,-75.51036,20.0,,0.5
D01025,P071,2025-09-13T09:53:00Z,66.75835,-76.92524,126.0,,0.45
D01026,P071,2025-09-13T09:53:00Z,67.78797,-74.71586,110.0,,0.39
D01027,P072,2025-09-13T10:35:00Z,62.27892,-73.14094,71.0,,0.82
D01028,P072,2025-09-13T10:35:00Z,62.03014,-71.85184,95.0,265.0,0.75
D01029,P072,2025-09-13T10:35:00Z,62.60775,-72.42122,123.0,108.0,0.8
D01030,P072,2025-09-13T10:35:00Z,62.30149,-71.57684,34.0,,0.29
D01031,P072,2025-09-13T10:35:00Z,62.69143,-72.79683,206.0,108.0,0.73
D01032,P073,2025-09-13T11:48:00Z,69.30124,-118.49666,156.0,,0.87
D01033,P073,2025-09-13T11:48:00Z,68.77535,-113.94737,116.0,329.0,0.89
D01034,P073,2025-09-13T11:48:00Z,69.30022,-118.50548,56.0,,0.72
D01035,P074,2025-09-13T13:15:00Z,69.29128,-58.62111,29.0,,0.27
D01036,P074,2025-09-13T13:15:00Z,70.02664,-65.24258,67.0,,0.63
D01037,P074,2025-09-13T13:15:00Z,73.34765,-70.37863,133.0,,0.84
D01038,P074,2025-09-13T13:15:00Z,68.4767,-59.70398,76.0,,0.47
D01039,P074,2025-09-13T13:15:00Z,66.79939,-61.26241,68.0,290.0,0.69
D01040,P074,2025-09-13T13:15:00Z,66.47573,-61.04811,51.0,,0.75
D01041,P074,2025-09-13T13:15:00Z,67.1207,-61.46063,51.0,188.0,0.76
D01042,P074,2025-09-13T13:15:00Z,67.50819,-63.7661,126.0,,0.88
D01043,P074,2025-09-13T13:15:00Z,69.25886,-63.95042,43.0,,0.52
D01044,P074,2025-09-13T13:15:00Z,69.65508,-60.82302,110.0,,0.55
D01045,P074,2025-09-13T13:15:00Z,69.9408,-63.25825,139.0,,0.65
D01046,P074,2025-09-13T13:15:00Z,72.83844,-68.09696,108.0,125.0,0.91
D01047,P074,2025-09-13T13:15:00Z,73.15363,-61.20064,47.0,,0.46
D01048,P074,2025-09-13T13:15:00Z,70.66022,-65.83671,18.0,,0.12
D01049,P074,2025-09-13T13:15:00Z,67.92822,-58.57561,31.0,,0.58
D01050,P074,2025-09-13T13:15:00Z,67.08996,-59.94469,61.0,91.0,0.82
D01051,P074,2025-09-13T13:15:00Z,67.89706,-63.94822,35.0,,0.8
D01052,P074,2025-09-13T13:15:00Z,68.62423,-66.0902,62.0,,0.23
D01053,P074,2025-09-13T13:15:00Z,71.61292,-64.56244,74.0,119.0,0.66
D01054,P074,2025-09-13T13:15:00Z,68.47414,-63.45342,60.0,,0.5
D01055,P074,2025-09-13T13:15:00Z,70.95905,-61.91884,53.0,,0.52
D01056,P074,2025-09-13T13:15:00Z,73.83354,-65.15252,29.0,,0.18
D01057,P074,2025-09-13T13:15:00Z,68.48487,-59.8653,71.0,,0.85
D01058,P074,2025-09-13T13:15:00Z,66.68465,-60.67302,46.0,,0.56
D01059,P074,2025-09-13T13:15:00Z,68.40539,-61.63174,29.0,188.0,0.94
D01060,P074,2025-09-13T13:15:00Z,70.84739,-59.19052,71.0,,0.91
D01061,P074,2025-09-13T13:15:00Z,67.97172,-61.79652,51.0,,0.42
D01062,P074,2025-09-13T13:15:00Z,72.01283,-67.76483,126.0,154.0,0.9
D01063,P074,2025-09-13T13:15:00Z,66.47258,-59.58411,58.0,,0.5
D01064,P074,2025-09-13T13:15:00Z,74.39613,-71.22122,219.0,,0.54
D01065,P074,2025-09-13T13:15:00Z,72.09458,-67.86565,49.0,157.0,0.91
D01066,P074,2025-09-13T13:15:00Z,74.92345,-63.73066,119.0,,0.69
D01067,P074,2025-09-13T13:15:00Z,70.54992,-63.34831,49.0,359.0,0.81
D01068,P075,2025-09-13T14:13:00Z,69.77365,-63.11472,138.0,146.0,0.83
D01069,P075,2025-09-13T14:13:00Z,73.0818,-67.39175,70.0,,0.63
D01070,P075,2025-09-13T14:13:00Z,73.23553,-67.6474,68.0,,0.74
D01071,P075,2025-09-13T14:13:00Z,69.74827,-64.94439,58.0,,0.12
D01072,P075,2025-09-13T14:13:00Z,71.60387,-64.3784,81.0,87.0,0.76
D01073,P075,2025-09-13T14:13:00Z,73.45209,-62.54525,74.0,,0.47
D01074,P075,2025-09-13T14:13:00Z,72.75712,-67.48697,76.0,,0.87
D01075,P075,2025-09-13T14:13:00Z,74.71662,-66.459,27.0,,0.4
D01076,P075,2025-09-13T14:13:00Z,70.46219,-67.16445,28.0,,0.43
D01077,P075,2025-09-13T14:13:00Z,70.70385,-63.4856,48.0,,0.7
D01078,P075,2025-09-13T14:13:00Z,68.16022,-62.27259,50.0,162.0,0.41
D01079,P075,2025-09-13T14:13:00Z,71.00241,-62.57048,12.0,,0.27
D01080,P075,2025-09-13T14:13:00Z,72.11689,-64.87527,110.0,162.0,0.69
D01081,P075,2025-09-13T14:13:00Z,73.20875,-59.76046,65.0,,0.49
D01082,P075,2025-09-13T14:13:00Z,74.38602,-66.27104,198.0,,0.13
D01083,P075,2025-09-13T14:13:00Z,71.84702,-67.55855,145.0,142.0,0.69
D01084,P075,2025-09-13T14:13:00Z,74.68869,-58.57566,47.0,,0.42
D01085,P075,2025-09-13T14:13:00Z,70.63784,-66.58203,38.0,,0.32
D01086,P075,2025-09-13T14:13:00Z,75.39403,-61.2914,44.0,,0.67
D01087,P075,2025-09-13T14:13:00Z,71.62278,-60.06365,43.0,,0.66
D01088,P075,2025-09-13T14:13:00Z,74.12884,-58.99538,59.0,,0.65
D01089,P075,2025-09-13T14:13:00Z,75.22942,-59.06092,110.0,,0.7
D01090,P075,2025-09-13T14:13:00Z,71.34615,-60.9648,32.0,,0.34
D01091,P075,2025-09-13T14:13:00Z,74.34822,-64.84145,29.0,,0.81
D01092,P075,2025-09-13T14:13:00Z,75.25078,-63.68552,40.0,,0.43
D01093,P075,2025-09-13T14:13:00Z,67.50677,-63.7651,79.0,,0.66
D01094,P075,2025-09-13T14:13:00Z,72.46185,-66.49978,37.0,,0.83
D01095,P075,2025-09-13T14:13:00Z,72.99178,-62.80764,23.0,,0.52
D01096,P075,2025-09-13T14:13:00Z,72.01531,-64.0564,21.0,,0.69
D01097,P075,2025-09-13T14:13:00Z,71.07515,-67.68263,88.0,,0.58
D01098,P076,2025-09-13T17:14:00Z,69.21276,-116.52415,154.0,,0.7
D01099,P076,2025-09-13T17:14:00Z,69.57343,-118.79304,49.0,338.0,0.81
D01100,P076,2025-09-13T17:14:00Z,67.95548,-114.79678,156.0,,0.87
D01101,P076,2025-09-13T17:14:00Z,69.69348,-118.92629,129.0,,0.87
D01102,P077,2025-09-13T18:53:00Z,73.70434,-87.8932,37.0,,0.31
D01103,P077,2025-09-13T18:53:00Z,74.20973,-82.01071,115.0,,0.66
D01104,P077,2025-09-13T18:53:00Z,71.9277,-80.84856,222.0,,0.77
D01105,P077,2025-09-13T18:53:00Z,76.33593,-86.53422,39.0,,0.25
D01106,P077,2025-09-13T18:53:00Z,73.06869,-85.20332,160.0,,0.8
D01107,P078,2025-09-13T18:53:00Z,62.26494,-64.97485,156.0,,0.88
D01108,P078,2025-09-13T18:53:00Z,62.04166,-69.25771,146.0,120.0,0.79
D01109,P078,2025-09-13T18:53:00Z,66.59069,-61.18897,42.0,,0.77
D01110,P078,2025-09-13T18:53:00Z,65.15942,-63.33914,54.0,,0.52
D01111,P078,2025-09-13T18:53:00Z,61.92875,-69.40227,114.0,121.0,0.91
D01112,P078,2025-09-13T18:53:00Z,61.90009,-70.82451,92.0,102.0,0.85
D01113,P079,2025-09-13T20:39:00Z,69.55803,-79.77548,67.0,,0.54
D01114,P079,2025-09-13T20:39:00Z,75.26715,-75.65593,55.0,,0.31
D01115,P079,2025-09-13T20:39:00Z,68.74983,-78.42675,29.0,,0.34
D01116,P079,2025-09-13T20:39:00Z,74.17961,-74.47879,109.0,,0.72
D01117,P079,2025-09-13T20:39:00Z,68.81296,-80.24253,74.0,,0.35
D01118,P079,2025-09-13T20:39:00Z,74.37888,-74.58863,44.0,,0.25
D01119,P079,2025-09-13T20:39:00Z,69.0053,-79.81887,30.0,,0.3
D01120,P079,2025-09-13T20:39:00Z,74.65669,-78.10455,101.0,,0.76
D01121,P079,2025-09-13T20:39:00Z,71.50116,-85.17331,45.0,,0.19
D01122,P079,2025-09-13T20:39:00Z,74.60741,-74.518,67.0,,0.65
D01123,P079,2025-09-13T20:39:00Z,74.06917,-78.70749,127.0,,0.4
D01124,P079,2025-09-13T20:39:00Z,73.29897,-75.03514,40.0,,0.6
D01125,P079,2025-09-13T20:39:00Z,74.01686,-77.55343,125.0,,0.83
D01126,P079,2025-09-13T20:39:00Z,74.20244,-82.05005,140.0,,0.85
D01127,P079,2025-09-13T20:39:00Z,72.52088,-79.14732,71.0,,0.51
D01128,P079,2025-09-13T20:39:00Z,73.73237,-76.38428,78.0,289.0,0.9
D01129,P079,2025-09-13T20:39:00Z,71.92817,-80.85217,218.0,,0.95
D01130,P079,2025-09-13T20:39:00Z,74.6016,-77.12037,101.0,,0.63
D01131,P079,2025-09-13T20:39:00Z,69.59989,-81.03512,74.0,,0.22
D01132,P079,2025-09-13T20:39:00Z,74.16001,-79.51346,13.0,,0.81
D01133,P079,2025-09-13T20:39:00Z,74.99548,-76.88837,24.0,,0.43
D01134,P079,2025-09-13T20:39:00Z,73.85399,-76.96283,122.0,,0.27
D01135,P079,2025-09-13T20:39:00Z,73.07111,-85.19915,100.0,,0.81
D01136,P079,2025-09-13T20:39:00Z,72.80796,-77.39857,149.0,,0.68
D01137,P079,2025-09-13T20:39:00Z,69.12988,-79.86248,32.0,,0.26
D01138,P079,2025-09-13T20:39:00Z,73.79597,-74.99684,44.0,,0.66
D01139,P079,2025-09-13T20:39:00Z,74.65877,-79.01196,83.0,,0.58
D01140,P079,2025-09-13T20:39:00Z,74.94377,-73.7768,27.0,,0.37
D01141,P079,2025-09-13T20:39:00Z,70.01558,-78.21985,31.0,,0.73
D01142,P079,2025-09-13T20:39:00Z,76.08501,-82.31555,16.0,,0.29
D01143,P079,2025-09-13T20:39:00Z,69.77579,-78.48856,26.0,,0.53
D01144,P079,2025-09-13T20:39:00Z,75.1426,-75.20999,62.0,,0.23
D01145,P079,2025-09-13T20:39:00Z,72.57648,-79.24722,52.0,,0.24
D01146,P079,2025-09-13T20:39:00Z,75.68721,-74.66728,21.0,,0.55
D01147,P079,2025-09-13T20:39:00Z,69.21523,-79.32745,77.0,,0.4
D01148,P079,2025-09-13T20:39:00Z,73.06961,-75.29374,38.0,,0.4
D01149,P079,2025-09-13T20:39:00Z,73.07131,-85.19617,183.0,,0.8
D01150,P079,2025-09-13T20:39:00Z,74.54442,-74.26277,52.0,,0.92
D01151,P079,2025-09-13T20:39:00Z,69.13258,-80.08877,69.0,,0.53
D01152,P080,2025-09-14T00:08:00Z,71.50627,-97.59454,20.0,,0.16
D01153,P080,2025-09-14T00:08:00Z,68.50415,-97.2904,48.0,287.0,0.75
D01154,P080,2025-09-14T00:08:00Z,70.3091,-98.37986,57.0,,0.25
D01155,P081,2025-09-14T04:18:00Z,73.66953,-63.40402,67.0,,0.34
D01156,P081,2025-09-14T04:18:00Z,67.86799,-64.92169,88.0,,0.36
D01157,P081,2025-09-14T04:18:00Z,72.09153,-69.1112,63.0,,0.69
D01158,P081,2025-09-14T04:18:00Z,72.09543,-63.27086,97.0,,0.56
D01159,P081,2025-09-14T04:18:00Z,73.85078,-72.31513,190.0,,0.45
D01160,P081,2025-09-14T04:18:00Z,70.57263,-68.2,52.0,,0.67
D01161,P081,2025-09-14T04:18:00Z,71.5696,-65.37125,87.0,,0.63
D01162,P081,2025-09-14T04:18:00Z,72.19902,-71.6623,38.0,,0.68
D01163,P081,2025-09-14T04:18:00Z,71.52373,-65.83971,224.0,,0.99
D01164,P081,2025-09-14T04:18:00Z,73.0067,-68.12075,54.0,270.0,0.91
D01165,P081,2025-09-14T04:18:00Z,72.64872,-67.25245,61.0,316.0,0.93
D01166,P081,2025-09-14T04:18:00Z,70.30597,-63.57729,89.0,145.0,0.93
D01167,P081,2025-09-14T04:18:00Z,65.48229,-65.5638,29.0,,0.59
D01168,P081,2025-09-14T04:18:00Z,73.26622,-72.20538,111.0,77.0,0.72
D01169,P081,2025-09-14T04:18:00Z,73.36756,-71.56638,45.0,,0.65
D01170,P081,2025-09-14T04:18:00Z,71.9649,-68.87611,196.0,118.0,0.8
D01171,P081,2025-09-14T04:18:00Z,72.51004,-66.64272,38.0,,0.06
D01172,P081,2025-09-14T04:18:00Z,73.38768,-70.93831,97.0,300.0,0.93
D01173,P081,2025-09-14T04:18:00Z,73.42117,-65.91736,30.0,,0.4
D01174,P081,2025-09-14T04:18:00Z,71.61805,-64.25852,61.0,,0.92
D01175,P081,2025-09-14T04:18:00Z,67.87426,-63.79514,32.0,,0.51
D01176,P081,2025-09-14T04:18:00Z,73.19129,-71.68257,77.0,,0.63
D01177,P081,2025-09-14T04:18:00Z,69.91729,-65.07987,35.0,,0.54
D01178,P081,2025-09-14T04:18:00Z,68.08662,-64.41681,56.0,,0.54
D01179,P081,2025-09-14T04:18:00Z,68.87925,-63.15801,85.0,,0.79
D01180,P082,2025-09-14T05:26:00Z,69.88526,-62.77768,52.0,,0.83
D01181,P082,2025-09-14T05:26:00Z,64.64253,-59.78906,40.0,,0.76
D01182,P082,2025-09-14T05:26:00Z,65.60208,-58.34799,77.0,,0.74
D01183,P082,2025-09-14T05:26:00Z,72.45282,-63.71424,37.0,,0.65
D01184,P082,2025-09-14T05:26:00Z,73.12593,-57.05774,28.0,,0.69
D01185,P082,2025-09-14T05:26:00Z,65.21702,-58.43805,27.0,,0.57
D01186,P082,2025-09-14T05:26:00Z,68.86438,-56.27211,48.0,,0.6
D01187,P082,2025-09-14T05:26:00Z,69.77314,-61.10281,34.0,,0.67
D01188,P082,2025-09-14T05:26:00Z,66.35767,-60.26688,158.0,188.0,0.93
D01189,P082,2025-09-14T05:26:00Z,67.80045,-58.11645,43.0,,0.39
D01190,P082,2025-09-14T05:26:00Z,69.90074,-60.69787,77.0,,0.33
D01191,P082,2025-09-14T05:26:00Z,66.85228,-61.37181,58.0,,0.81
D01192,P082,2025-09-14T05:26:00Z,69.66353,-61.59345,100.0,,0.26
D01193,P082,2025-09-14T05:26:00Z,66.42485,-61.14716,37.0,,0.76
D01194,P082,2025-09-14T05:26:00Z,65.26887,-61.01155,76.0,110.0,0.8
D01195,P082,2025-09-14T05:26:00Z,69.37797,-62.36664,101.0,157.0,0.73
D01196,P082,2025-09-14T05:26:00Z,67.1359,-61.14045,126.0,169.0,0.88
D01197,P082,2025-09-14T05:26:00Z,72.68921,-65.14691,71.0,,0.67
D01198,P082,2025-09-14T05:26:00Z,68.21701,-59.51613,14.0,,0.19
D01199,P082,2025-09-14T05:26:00Z,67.7896,-60.11243,49.0,,0.82
D01200,P082,2025-09-14T05:26:00Z,66.3955,-60.03007,54.0,172.0,0.59
D01201,P082,2025-09-14T05:26:00Z,65.26338,-57.87224,27.0,,0.49
D01202,P082,2025-09-14T05:26:00Z,71.40718,-65.09686,293.0,129.0,0.71
D01203,P082,2025-09-14T05:26:00Z,69.79873,-62.71352,142.0,161.0,0.47
D01204,P082,2025-09-14T05:26:00Z,64.09394,-58.25289,12.0,,0.28
D01205,P082,2025-09-14T05:26:00Z,65.16451,-60.5942,75.0,,0.58
D01206,P082,2025-09-14T05:26:00Z,66.4391,-59.15213,92.0,,0.45
D01207,P082,2025-09-14T05:26:00Z,65.7367,-59.96227,36.0,,0.35
D01208,P082,2025-09-14T05:26:00Z,71.04405,-62.21121,61.0,,0.81
D01209,P082,2025-09-14T05:26:00Z,68.38112,-59.11083,53.0,,0.77
D01210,P082,2025-09-14T05:26:00Z,71.62491,-64.43333,63.0,,0.76
D01211,P082,2025-09-14T05:26:00Z,68.21181,-59.26051,66.0,,0.66
D01212,P082,2025-09-14T05:26:00Z,65.91587,-60.05203,43.0,,0.86
D01213,P082,2025-09-14T05:26:00Z,63.62287,-59.05195,34.0,180.0,0.92
D01214,P082,2025-09-14T05:26:00Z,65.30996,-61.29858,57.0,158.0,0.8
D01215,P082,2025-09-14T05:26:00Z,69.39942,-63.39148,33.0,,0.56
D01216,P082,2025-09-14T05:26:00Z,70.08234,-63.38984,102.0,152.0,0.51
D01217,P082,2025-09-14T05:26:00Z,65.66907,-61.01746,59.0,316.0,0.87
D01218,P083,2025-09-14T09:56:00Z,61.70168,-66.00112,138.0,,0.95
D01219,P083,2025-09-14T09:56:00Z,60.6461,-67.5172,48.0,,0.22
D01220,P083,2025-09-14T09:56:00Z,63.69807,-68.4654,119.0,,0.95
D01221,P083,2025-09-14T09:56:00Z,61.69798,-65.99935,111.0,,0.89
D01222,P083,2025-09-14T09:56:00Z,63.10988,-64.55899,72.0,,0.47
D01223,P083,2025-09-14T09:56:00Z,61.72265,-68.40085,96.0,100.0,0.82
D01224,P083,2025-09-14T09:56:00Z,62.96785,-67.12106,103.0,320.0,0.6
D01225,P083,2025-09-14T09:56:00Z,62.32817,-64.60437,57.0,,0.61
D01226,P083,2025-09-14T09:56:00Z,60.94142,-65.39047,87.0,91.0,0.67
D01227,P084,2025-09-14T10:41:00Z,58.40715,-60.29625,35.0,,0.12
D01228,P084,2025-09-14T10:41:00Z,65.08932,-66.2748,53.0,,0.2
D01229,P084,2025-09-14T10:41:00Z,65.55459,-61.199,74.0,,0.74
D01230,P084,2025-09-14T10:41:00Z,65.25423,-61.4568,50.0,315.0,0.73
D01231,P084,2025-09-14T10:41:00Z,62.02365,-63.44836,29.0,,0.35
D01232,P084,2025-09-14T10:41:00Z,60.89217,-65.12421,99.0,77.0,0.92
D01233,P084,2025-09-14T10:41:00Z,61.69878,-66.00147,110.0,,0.83
D01234,P084,2025-09-14T10:41:00Z,61.70095,-66.00121,68.0,,0.81
D01235,P084,2025-09-14T10:41:00Z,61.89303,-62.30773,32.0,,0.53
D01236,P085,2025-09-14T12:28:00Z,61.52771,-67.49855,83.0,118.0,0.93
D01237,P085,2025-09-14T12:28:00Z,63.31923,-67.98598,117.0,314.0,0.93
D01238,P085,2025-09-14T12:28:00Z,63.69816,-68.46187,152.0,,0.65
D01239,P085,2025-09-14T12:28:00Z,61.70081,-66.00115,113.0,,0.96
D01240,P085,2025-09-14T12:28:00Z,61.70063,-66.00154,113.0,,0.88
D01241,P086,2025-09-14T13:10:00Z,64.91141,-64.84067,159.0,,0.39
D01242,P086,2025-09-14T13:10:00Z,61.69954,-66.00018,98.0,,0.73
D01243,P086,2025-09-14T13:10:00Z,63.69736,-68.46089,118.0,,0.89
D01244,P086,2025-09-14T13:10:00Z,61.70094,-66.00049,124.0,,0.85
D01245,P086,2025-09-14T13:10:00Z,61.47212,-67.25505,99.0,103.0,0.76
D01246,P086,2025-09-14T13:10:00Z,63.42912,-68.20484,141.0,350.0,0.8
D01247,P087,2025-09-14T17:06:00Z,72.49011,-78.74508,47.0,,0.53
D01248,P087,2025-09-14T17:06:00Z,74.26572,-83.95529,131.0,,0.65
D01249,P087,2025-09-14T17:06:00Z,74.13321,-82.77922,150.0,91.0,0.9
D01250,P087,2025-09-14T17:06:00Z,70.14292,-78.19148,42.0,,0.33
D01251,P087,2025-09-14T17:06:00Z,76.2051,-84.76921,43.0,,0.6
D01252,P087,2025-09-14T17:06:00Z,73.9122,-78.64569,151.0,,0.42
D01253,P087,2025-09-14T17:06:00Z,73.85703,-83.42171,84.0,,0.82
D01254,P087,2025-09-14T17:06:00Z,74.29526,-89.37691,92.0,84.0,0.62
D01255,P087,2025-09-14T17:06:00Z,71.92722,-80.85266,211.0,,0.59
D01256,P087,2025-09-14T17:06:00Z,74.07706,-78.33951,141.0,276.0,0.53
D01257,P088,2025-09-14T18:16:00Z,69.30835,-117.08951,96.0,116.0,0.91
D01258,P088,2025-09-14T18:16:00Z,69.3301,-117.23091,24.0,290.0,0.62
D01259,P089,2025-09-14T18:51:00Z,72.08836,-101.22917,20.0,,0.06
D01260,P089,2025-09-14T18:51:00Z,68.41333,-102.81641,33.0,295.0,0.57
D01261,P090,2025-09-14T23:13:00Z,73.88792,-78.34098,142.0,100.0,0.79
D01262,P090,2025-09-14T23:13:00Z,69.4288,-79.35714,53.0,,0.17
D01263,P090,2025-09-14T23:13:00Z,74.16351,-85.36509,75.0,94.0,0.84
D01264,P090,2025-09-14T23:13:00Z,74.25854,-84.00573,143.0,,0.73
D01265,P090,2025-09-14T23:13:00Z,73.85766,-87.73738,58.0,,0.09
D01266,P090,2025-09-14T23:13:00Z,73.93524,-78.97901,96.0,,0.94
D01267,P090,2025-09-14T23:13:00Z,72.79055,-77.99025,193.0,74.0,0.69
D01268,P090,2025-09-14T23:13:00Z,72.85095,-80.29408,54.0,,0.45
D01269,P090,2025-09-14T23:13:00Z,72.70637,-78.27074,51.0,,0.25
D01270,P090,2025-09-14T23:13:00Z,74.21806,-81.86221,93.0,,0.98
