mmsi,name,call_sign,ais_type_code,ais_type,flag,length_m,beam_m,draught_m,declared_destination
999026992,GLACIER SPIRIT,X1K2P,80,Tanker,CA,158.4,29.3,10.8,ARCTIC BAY
999042396,PACIFIC OWL,XP1PZ,80,Tanker,NO,121.2,21.2,6.7,IQALUIT
999053472,OCEAN PIONEER,XQBWM,0,Not available,CY,44.3,8.7,2.0,ARCTIC BAY
999061886,KAYAK TRADER,XTWBZ,58,Other (research),AG,82.9,13.9,5.4,TUK
999073261,RAVEN OWL,XN931,58,Other (research),CA,76.2,12.9,4.9,RANKIN
999077467,ATLANTIC STAR,X5E7V,37,Pleasure craft,CA,13.1,2.6,0.6,TUKTOYAKTUK
999083833,SILENT CURRENT,X3R17,30,Fishing,CA,44.4,7.3,2.9,FISHING GROUNDS
999084457,SEDNA EXPLORER,X54S0,70,Cargo,LR,133.0,20.3,7.3,CLYDE
999089364,CAPE EXPLORER,X8B96,30,Fishing,CA,73.8,12.3,4.4,FISHING GROUNDS
999097698,BOREAL VOYAGER,X3LHJ,70,Cargo,CA,116.0,22.4,4.7,CLYDE
999105001,SILENT HORIZON,XSK9E,70,Cargo,CA,204.9,38.5,8.9,MILNE INLET
999113698,GLACIER HOPE,XUJ6F,52,Tug,CA,34.9,5.9,1.7,KUGLUK
999128796,SILVER RUNNER,XUUFN,70,Cargo,CA,152.4,25.2,10.6,POND
999143369,BRIGHT FOX,XW34W,37,Pleasure craft,IS,16.9,3.3,1.1,NUUK
999148622,CAPE SPIRIT,XUANT,60,Passenger,FR,111.7,17.3,5.1,NUUK
999158095,BRIGHT DAWN,X3H85,37,Pleasure craft,CA,12.9,2.0,0.5,TUKTOYAKTUK
999160235,TUNDRA CURRENT,X0VRF,30,Fishing,CY,67.8,9.8,3.1,FISHING GROUNDS
999166361,BOREAL RIDGE,XWRCT,52,Tug,US,39.0,6.7,2.0,CAMB
999175428,POLAR PIONEER,X7NEE,55,Law enforcement,US,127.4,19.5,8.2,POND
999176439,ARCTIC PIONEER,XBGXP,30,Fishing,CA,91.9,16.7,4.0,QIKIQ
999176694,BAFFIN WIND,XE3C4,30,Fishing,GB,50.2,9.8,3.5,FISHING GROUNDS
999178173,GLACIER HORIZON,X2YUM,52,Tug,IS,26.9,4.3,1.4,KUGLUK
999186997,HARBOUR BEAR,XPDV9,60,Passenger,CA,123.2,19.5,7.7,TUKTOYAKTUK
999208481,PACIFIC SWAN,X72B5,70,Cargo,DE,112.7,16.1,5.4,RESOLUTE
999209121,TRUE RUNNER,XY5LK,70,Cargo,AG,121.9,18.9,7.1,IQALUIT
999215169,SILVER WIND,X8JQ5,30,Fishing,IS,42.1,6.0,2.8,FISHING GROUNDS
999229664,ICE STAR,XSX2N,70,Cargo,DE,106.4,20.1,7.2,ARCTIC BAY
999240332,CAPE RIDGE,XNK6Z,60,Passenger,US,135.1,22.0,6.8,TUKTOYAKTUK
999257764,ICE OWL,XN9S6,30,Fishing,MT,72.9,11.6,4.3,FISHING GROUNDS
999271054,ARCTIC ENDEAVOUR,XJ5R0,30,Fishing,NL,54.4,9.1,3.1,FISHING GROUNDS
999281414,BRIGHT STAR,XB4P7,80,Tanker,MH,151.7,27.5,6.6,RESOLUTE
999288900,SILVER VENTURE,X1XQL,30,Fishing,CA,52.6,10.1,3.1,FISHING GROUNDS
999290535,BOREAL CURRENT,XU8ZE,70,Cargo,MT,192.4,32.0,8.2,MILNE INLET
999300047,BRIGHT SWAN,X5W4G,80,Tanker,CA,173.7,25.3,8.1,IQALUIT
999302689,SILVER SWAN,XE6UY,70,Cargo,FO,229.4,37.5,10.9,MILNE INLET
999302966,ARCTIC RIDGE,XSQQW,70,Cargo,FO,96.8,16.1,5.3,CLYDE
999302990,PACIFIC STAR,X4FEG,80,Tanker,FR,120.4,19.3,7.6,KINNGAIT
999307068,SNOW SPIRIT,XUC55,70,Cargo,DK,142.2,21.0,9.9,ARCTIC BAY
999311068,TRUE WAY,X1DDN,70,Cargo,CA,108.0,16.3,6.5,QIKIQ
999318149,GLACIER OWL,X8JJA,70,Cargo,BS,142.0,23.9,9.9,KINNGAIT
999321755,SILENT WAY,XV6G0,30,Fishing,CA,61.8,10.8,3.3,FISHING GROUNDS
999344047,NORDIC SWAN,XQKV5,70,Cargo,CA,107.1,17.9,6.5,QIKIQ
999345681,BRIGHT POINT,XPHR6,58,Other (research),CA,70.9,13.6,4.5,RESOLUTE
999347486,BOREAL OWL,XPM9A,52,Tug,CA,30.2,4.5,1.4,KUGLUK
999354231,ARCTIC TERN,XTJDJ,80,Tanker,CA,163.8,25.3,9.5,IQALUIT
999356034,STEADY VENTURE,X8VZK,60,Passenger,NL,127.5,19.5,7.9,TUKTOYAKTUK
999357945,BOREAL ENDEAVOUR,XUXF3,80,Tanker,CA,114.1,20.1,7.6,IQALUIT
999362879,STEADY HOPE,XWE48,70,Cargo,CA,236.3,41.9,11.9,MILNE INLET
999363681,POLAR CREST,XBB0P,70,Cargo,US,103.6,15.4,6.8,CLYDE
999376390,STEADY WAY,XY726,70,Cargo,NL,98.3,14.2,5.7,IQALUIT
999388753,ATLANTIC HORIZON,X2KL9,70,Cargo,LR,111.3,17.9,5.0,RESOLUTE
999418214,NORDIC PIONEER,XPZLM,80,Tanker,FI,153.4,27.7,6.9,IQALUIT
999422099,NORTHERN DAWN,X703D,30,Fishing,US,49.6,7.3,3.2,RESOLUTE
999426175,PACIFIC HOPE,XTSYA,58,Other (research),GB,69.3,12.7,4.1,CLYDE
999444877,BOREAL BEAR,XUKU3,70,Cargo,CA,218.6,33.1,12.0,MILNE INLET
999447225,RAVEN BEAR,XSU3X,37,Pleasure craft,CA,21.8,3.2,1.3,NUUK
999462004,RAVEN WAY,XXMFB,30,Fishing,FO,67.5,12.4,4.5,FISHING GROUNDS
999464313,BRIGHT HORIZON,X1JJ2,37,Pleasure craft,CA,18.9,2.7,1.1,TUKTOYAKTUK
999465013,SILENT VOYAGER,X112U,30,Fishing,CA,40.4,6.1,1.8,FISHING GROUNDS
999469638,CAPE DAWN,XBGXP,70,Cargo,CY,91.9,16.7,4.0,POND
999500137,ICE BEAR,XR6BF,30,Fishing,US,46.9,8.1,2.9,FISHING GROUNDS
999507638,BAFFIN TERN,XDKC7,30,Fishing,CA,51.2,8.7,3.4,FISHING GROUNDS
999519104,KAYAK OWL,X4EDC,30,Fishing,US,43.6,6.3,2.6,FISHING GROUNDS
999536395,PACIFIC PIONEER,XV3H2,60,Passenger,CA,120.4,18.2,4.9,TUKTOYAKTUK
999537289,RAVEN PIONEER,XM85J,30,Fishing,CA,52.7,8.8,2.8,FISHING GROUNDS
999538056,BOREAL TERN,X4ECV,55,Law enforcement,CA,88.2,14.1,3.6,RESOLUTE
999538699,AURORA BEAR,X1G0R,70,Cargo,CA,130.3,19.5,7.5,QIKIQ
999542305,SILENT OWL,X2DRX,30,Fishing,CA,49.4,8.6,3.2,FISHING GROUNDS
999549908,AURORA POINT,X3GJN,30,Fishing,FO,63.4,12.3,2.6,FISHING GROUNDS
999558017,NARWHAL ENDEAVOUR,XK1DY,30,Fishing,CA,50.4,7.9,2.5,FISHING GROUNDS
999558350,NORTHERN RIDGE,X8Y33,60,Passenger,IS,114.3,19.2,6.5,TUKTOYAKTUK
999559563,SNOW DAWN,X9DYP,30,Fishing,CA,62.2,10.3,3.5,FISHING GROUNDS
999569901,CAPE TRADER,XURKN,70,Cargo,CA,156.6,25.8,7.7,IQALUIT
999602295,AURORA PIONEER,X32G0,70,Cargo,NO,192.4,31.1,8.0,MILNE INLET
999608808,TRUE VENTURE,XQBWM,30,Fishing,PA,44.3,8.7,2.0,FISHING GROUNDS
999625279,PACIFIC HUNTER,XGJEA,30,Fishing,CA,71.6,13.1,3.5,FISHING GROUNDS
999628354,SILENT VENTURE,XE0T0,37,Pleasure craft,CY,15.2,2.4,0.6,NUUK
999649385,ATLANTIC SWAN,XCNK0,70,Cargo,NL,131.1,21.9,5.4,CLYDE
999663062,BAFFIN WAY,XTU3X,52,Tug,FI,33.8,5.8,1.9,CAMB
999670870,BRIGHT PIONEER,X7FMP,30,Fishing,CA,59.4,9.4,3.5,FISHING GROUNDS
999691894,NORDIC WAY,XEXKF,70,Cargo,NO,131.3,24.7,6.5,QIKIQ
999700059,RAVEN SWAN,XECG6,70,Cargo,FI,126.7,21.7,7.3,RESOLUTE
999704072,NARWHAL TERN,XUJ8Y,52,Tug,LR,37.5,7.4,1.8,CAMB
999713672,PACIFIC RIDGE,XGLJZ,37,Pleasure craft,CA,17.9,3.3,0.9,TUKTOYAKTUK
999718486,KAYAK ENDEAVOUR,XQTQ7,30,Fishing,CA,70.4,13.3,3.5,FISHING GROUNDS
999734031,PACIFIC POINT,XU71H,30,Fishing,CY,54.2,8.1,3.3,FISHING GROUNDS
999735989,SNOW WIND,XXQJ5,58,Other (research),DK,74.9,13.1,3.5,CAMB
999749082,SEDNA VENTURE,XVRZ2,55,Law enforcement,DE,125.4,21.6,5.8,TUK
999752965,PACIFIC CREST,XBGYC,52,Tug,AG,35.4,5.0,1.6,KUGLUK
999765231,CAPE HOPE,XCL56,70,Cargo,CA,156.1,30.8,7.0,RESOLUTE
999784907,NORDIC FOX,XRMVB,30,Fishing,CY,40.7,6.8,2.2,FISHING GROUNDS
999793244,CAPE OWL,XN9S6,80,Tanker,FR,72.9,11.6,4.3,CLYDE
999800607,STEADY RUNNER,X25RG,58,Other (research),FO,84.6,16.7,3.9,RESOLUTE
999820594,POLAR CURRENT,XWD8L,70,Cargo,CA,235.4,38.4,11.4,MILNE INLET
999832785,GLACIER FOX,XQE0V,30,Fishing,MH,42.5,6.7,2.9,FISHING GROUNDS
999843857,ATLANTIC FOX,XNFUL,80,Tanker,CA,175.6,26.9,9.7,IQALUIT
999844741,GLACIER RUNNER,X3Y4M,52,Tug,PA,35.0,5.9,2.1,GJOA
999878243,HARBOUR STAR,X1BTH,55,Law enforcement,CY,94.3,16.4,5.2,IQALUIT
999896180,ICE CREST,X7W0M,30,Fishing,NL,47.7,9.0,2.2,CLYDE
999904294,SNOW CREST,XG5B3,55,Law enforcement,CA,124.4,23.7,7.1,CAMB
999904494,BRIGHT TERN,XH8NU,30,Fishing,MT,49.5,8.2,2.3,FISHING GROUNDS
999905493,HARBOUR POINT,XZ2FF,30,Fishing,CA,48.3,7.6,2.1,FISHING GROUNDS
999907414,BRIGHT HUNTER,X3S08,30,Fishing,MT,66.9,10.6,2.7,FISHING GROUNDS
999916441,CAPE CURRENT,X54ZL,37,Pleasure craft,FI,16.8,3.0,1.0,NUUK
999934473,NORDIC POINT,XNJ6B,70,Cargo,CY,90.9,14.1,4.6,KINNGAIT
999943350,ARCTIC STAR,XMST6,30,Fishing,LR,72.5,12.6,3.3,FISHING GROUNDS
999946530,OCEAN TRADER,XGVYF,30,Fishing,GB,44.7,8.1,2.6,FISHING GROUNDS
999953453,BAFFIN HOPE,X4TX5,30,Fishing,DK,43.1,7.3,1.9,FISHING GROUNDS
999957346,AURORA HOPE,X26QX,70,Cargo,CA,211.9,36.9,12.0,MILNE INLET
999969482,STEADY FOX,XURDE,70,Cargo,CA,219.1,36.7,12.0,MILNE INLET
999970815,KAYAK PIONEER,XQ9SC,30,Fishing,CA,62.3,10.1,3.9,FISHING GROUNDS
999999550,ATLANTIC RUNNER,X0RNF,30,Fishing,CA,58.7,10.4,2.7,FISHING GROUNDS
