community_id,p_24h,p_48h,p_72h
C001,0.0,0.0,0.0
C002,0.0,0.0,0.0
C003,0.0,0.0,0.0
C004,0.8154,0.8466,0.8467
C005,0.0,0.0,0.0
C006,0.0,0.0,0.0
C007,0.0,0.0,0.0
C008,0.0,0.0,0.0
C009,0.0,0.0,0.0
C010,0.0,0.0,0.0
C011,0.0,0.0,0.0
C012,0.0,0.0,0.0
C013,0.0,0.0,0.0
C014,0.0,0.0,0.0
C015,0.0,0.0,0.0
C016,0.0,0.0,0.0
C017,0.0,0.0,0.0
C018,0.8963,0.909,0.9099
C019,0.0,0.0,0.0
C020,0.0,0.0,0.0
C021,0.0,0.0,0.0
C022,0.0,0.0,0.0
C023,0.0,0.0,0.0
C024,0.0,0.0,0.0
C025,0.0,0.0,0.0
C026,0.0,0.0,0.0
C027,0.0,0.0,0.0
C028,0.0,0.0,0.0
C029,0.0,0.0,0.0
C030,0.0,0.0,0.0
C031,0.0,0.0,0.0
C032,0.0,0.0,0.0
C033,0.0,0.0,0.0
C034,0.0,0.0,0.0
C035,0.0,0.0,0.0
C036,0.0,0.0,0.0
C037,0.0,0.0,0.0
C038,0.0,0.0,0.0
C039,0.0,0.0,0.0
C040,0.0,0.0,0.0
C041,0.0,0.001,0.0014
C042,0.0,0.0,0.0
C043,0.0,0.0,0.0
C044,0.0,0.0014,0.0017
C045,0.0,0.0,0.0
C046,0.0,0.0,0.0
C047,0.0,0.0,0.0
C048,0.0,0.0,0.0
C049,0.0,0.0,0.0
C050,0.0,0.0,0.0
C051,0.0,0.0,0.0
C052,0.0,0.0,0.0
C053,0.0,0.0,0.0
C054,0.0,0.0,0.0
C055,0.0,0.0,0.0
C056,0.0,0.0,0.0
C057,0.0011,0.0092,0.0106
C058,0.0,0.0,0.0
C059,0.0,0.0,0.0
C060,0.0002,0.0005,0.0005
C061,0.0,0.0,0.0
C062,0.0,0.0,0.0
C063,0.0,0.0,0.0
C064,0.0,0.0,0.0
C065,0.0,0.0,0.0
C066,0.0,0.0,0.0
C067,0.0,0.0,0.0
C068,0.0,0.0,0.0
C069,0.0,0.0,0.0
C070,0.0,0.0,0.0
C071,0.0,0.0,0.0
C072,0.0,0.0,0.0
C073,0.0,0.0,0.0
C074,0.0,0.0,0.0
C075,0.0671,0.3005,0.3013
C076,0.0,0.0,0.0
C077,0.0,0.0,0.0
C078,0.0,0.0,0.0
C079,0.0001,0.011,0.0111
C080,0.362,0.6262,0.6268
C081,0.0,0.0,0.0
C082,0.0,0.0001,0.0001
C083,0.0,0.0,0.0
C084,0.0009,0.0222,0.0276
C085,0.0,0.0,0.0
C086,0.0,0.0,0.0
C087,0.0,0.0,0.0
C088,0.0,0.0,0.0
C089,0.0,0.0005,0.0006
C090,0.0,0.0,0.0
C091,0.0,0.0,0.0
C092,0.0,0.0,0.0
C093,0.0,0.0,0.0
C094,0.0,0.0,0.0
C095,0.0,0.0,0.0
C096,0.0,0.0,0.0
C097,0.0,0.0,0.0
C098,0.0,0.0,0.0
C099,0.0,0.0,0.0
C100,0.0015,0.0259,0.0317
C101,0.0,0.0012,0.0018
C102,0.0,0.0,0.0
C103,0.0,0.0,0.0
C104,0.0,0.0,0.0
C105,0.0,0.0,0.0
C106,0.0,0.0,0.0001
C107,0.0,0.0,0.0
C108,0.0,0.0,0.0
C109,0.0,0.0,0.0
C110,0.0,0.0,0.0
C111,0.0301,0.0937,0.098
C112,0.1308,0.2587,0.2655
C113,0.0,0.0,0.0
C114,0.0,0.0025,0.0031
