community_id,order_time,destination_host_id,share
C018,2030-05-07T06:30:00Z,H17,0.12346447
C018,2030-05-07T06:30:00Z,H26,0.09314259
C018,2030-05-07T06:30:00Z,H09,0.31083813
C018,2030-05-07T06:30:00Z,H13,0.23308972
C018,2030-05-07T06:30:00Z,H15,0.23946509
C004,2030-05-07T06:30:00Z,H25,0.17444615
C004,2030-05-07T06:30:00Z,H08,0.04000192
C004,2030-05-07T06:30:00Z,H05,0.02399475
C004,2030-05-07T06:30:00Z,H12,0.02399475
C004,2030-05-07T06:30:00Z,H10,0.0287969
C004,2030-05-07T06:30:00Z,H14,0.0191926
C004,2030-05-07T06:30:00Z,H11,0.04800551
C004,2030-05-07T06:30:00Z,H02,0.06401268
C004,2030-05-07T06:30:00Z,H01,0.57755474
C112,2030-05-07T06:30:00Z,H18,1.0
