vehicle_id,depart_time,pickup_community_id,dropoff_host_id
BUS-SLK-01,2030-05-07T06:30:00Z,C018,H17
BUS-SLK-02,2030-05-07T06:30:00Z,C018,H17
BUS-SLK-03,2030-05-07T06:30:00Z,C018,H17
BUS-SLK-01,2030-05-07T08:31:13Z,C018,H17
BUS-SLK-02,2030-05-07T08:31:13Z,C018,H17
BUS-SLK-03,2030-05-07T08:31:13Z,C018,H17
BUS-SLK-01,2030-05-07T11:58:39Z,C018,H17
BUS-SLK-02,2030-05-07T11:58:39Z,C018,H17
BUS-SLK-03,2030-05-07T11:58:39Z,C018,H17
BUS-FMM-01,2030-05-07T06:30:00Z,C004,H25
BUS-FMM-02,2030-05-07T06:30:00Z,C004,H25
BUS-FMM-03,2030-05-07T06:30:00Z,C004,H25
BUS-FMM-04,2030-05-07T06:30:00Z,C004,H25
BUS-FMM-05,2030-05-07T06:30:00Z,C004,H25
BUS-FMM-06,2030-05-07T06:30:00Z,C004,H25
BUS-FMM-07,2030-05-07T06:30:00Z,C004,H25
BUS-FMM-08,2030-05-07T06:30:00Z,C004,H25
BUS-FMM-09,2030-05-07T06:30:00Z,C004,H25
BUS-FMM-10,2030-05-07T06:30:00Z,C004,H25
BUS-FMM-11,2030-05-07T06:30:00Z,C004,H25
BUS-FMM-12,2030-05-07T06:30:00Z,C004,H25
BUS-FMM-13,2030-05-07T06:30:00Z,C004,H25
BUS-FMM-14,2030-05-07T06:30:00Z,C004,H25
BUS-FMM-15,2030-05-07T06:30:00Z,C004,H25
BUS-FMM-16,2030-05-07T06:30:00Z,C004,H25
BUS-FMM-17,2030-05-07T06:30:00Z,C004,H25
BUS-FMM-18,2030-05-07T06:30:00Z,C004,H25
BUS-FMM-01,2030-05-07T07:45:30Z,C004,H25
BUS-FMM-02,2030-05-07T07:45:30Z,C004,H25
BUS-FMM-03,2030-05-07T07:45:30Z,C004,H25
BUS-FMM-04,2030-05-07T07:45:30Z,C004,H25
BUS-FMM-05,2030-05-07T07:45:30Z,C004,H25
BUS-FMM-06,2030-05-07T07:45:30Z,C004,H25
BUS-FMM-07,2030-05-07T07:45:30Z,C004,H25
BUS-FMM-08,2030-05-07T07:45:30Z,C004,H25
BUS-FMM-09,2030-05-07T07:45:30Z,C004,H25
BUS-FMM-10,2030-05-07T07:45:30Z,C004,H25
BUS-FMM-11,2030-05-07T07:45:30Z,C004,H25
BUS-FMM-12,2030-05-07T07:45:30Z,C004,H25
BUS-FMM-13,2030-05-07T07:45:30Z,C004,H25
BUS-FMM-14,2030-05-07T07:45:30Z,C004,H25
BUS-FMM-15,2030-05-07T07:45:30Z,C004,H25
BUS-FMM-16,2030-05-07T07:45:30Z,C004,H25
BUS-FMM-17,2030-05-07T07:45:30Z,C004,H25
BUS-FMM-18,2030-05-07T07:45:30Z,C004,H25
BUS-FMM-01,2030-05-07T09:41:32Z,C004,H25
BUS-FMM-02,2030-05-07T09:41:32Z,C004,H25
BUS-FMM-03,2030-05-07T09:41:32Z,C004,H25
BUS-FMM-04,2030-05-07T09:41:32Z,C004,H25
BUS-FMM-05,2030-05-07T09:41:32Z,C004,H25
BUS-FMM-06,2030-05-07T09:41:32Z,C004,H25
BUS-FMM-07,2030-05-07T09:41:32Z,C004,H25
BUS-FMM-08,2030-05-07T09:41:32Z,C004,H25
BUS-FMM-09,2030-05-07T09:41:32Z,C004,H25
BUS-FMM-10,2030-05-07T09:41:32Z,C004,H25
BUS-FMM-11,2030-05-07T09:41:32Z,C004,H25
BUS-FMM-12,2030-05-07T09:41:32Z,C004,H25
BUS-FMM-13,2030-05-07T09:41:32Z,C004,H25
BUS-FMM-14,2030-05-07T09:41:32Z,C004,H25
BUS-FMM-15,2030-05-07T09:41:32Z,C004,H25
BUS-FMM-16,2030-05-07T09:41:32Z,C004,H25
BUS-FMM-17,2030-05-07T09:41:32Z,C004,H25
BUS-FMM-18,2030-05-07T09:41:32Z,C004,H25
BUS-FMM-01,2030-05-07T11:37:33Z,C004,H25
BUS-FMM-02,2030-05-07T11:37:33Z,C004,H25
BUS-FMM-03,2030-05-07T11:37:33Z,C004,H25
BUS-FMM-04,2030-05-07T11:37:33Z,C004,H25
BUS-FMM-05,2030-05-07T11:37:33Z,C004,H25
BUS-FMM-06,2030-05-07T11:37:33Z,C004,H25
BUS-FMM-07,2030-05-07T11:37:33Z,C004,H25
BUS-FMM-08,2030-05-07T11:37:33Z,C004,H25
BUS-FMM-09,2030-05-07T11:37:33Z,C004,H25
BUS-FMM-10,2030-05-07T11:37:33Z,C004,H25
BUS-FMM-11,2030-05-07T11:37:33Z,C004,H25
BUS-FMM-12,2030-05-07T11:37:33Z,C004,H25
BUS-FMM-13,2030-05-07T11:37:33Z,C004,H25
BUS-FMM-14,2030-05-07T11:37:33Z,C004,H25
BUS-FMM-15,2030-05-07T11:37:33Z,C004,H25
BUS-FMM-16,2030-05-07T11:37:33Z,C004,H25
BUS-FMM-17,2030-05-07T11:37:33Z,C004,H25
BUS-FMM-18,2030-05-07T11:37:33Z,C004,H25
BUS-FMM-01,2030-05-07T13:33:35Z,C004,H25
BUS-FMM-02,2030-05-07T13:33:35Z,C004,H25
BUS-FMM-03,2030-05-07T13:33:35Z,C004,H25
BUS-FMM-04,2030-05-07T13:33:35Z,C004,H25
BUS-FMM-05,2030-05-07T13:33:35Z,C004,H25
BUS-FMM-06,2030-05-07T13:33:35Z,C004,H25
BUS-FMM-07,2030-05-07T13:33:35Z,C004,H25
BUS-FMM-08,2030-05-07T13:33:35Z,C004,H25
BUS-FMM-09,2030-05-07T13:33:35Z,C004,H25
BUS-FMM-10,2030-05-07T13:33:35Z,C004,H25
BUS-FMM-11,2030-05-07T13:33:35Z,C004,H25
BUS-FMM-12,2030-05-07T13:33:35Z,C004,H25
BUS-FMM-13,2030-05-07T13:33:35Z,C004,H25
BUS-FMM-14,2030-05-07T13:33:35Z,C004,H25
BUS-SLK-04,2030-05-07T06:30:00Z,C112,H18
