event_type,mmsi,start,end
ais_gap_intentional,999160235,2025-09-09T16:31:08Z,2025-09-11T21:00:11Z
protected_area_entry,999160235,2025-09-09T16:31:08Z,2025-09-11T21:00:11Z
identity_change,999257764;999793244,2025-09-10T13:09:45Z,2025-09-10T14:00:00Z
position_spoofing,999538699,2025-09-10T17:14:33Z,2025-09-11T03:58:35Z
protected_area_entry,999734031,2025-09-12T07:01:41Z,2025-09-14T20:10:17Z
ais_gap_intentional,999734031,2025-09-12T07:01:41Z,2025-09-14T20:10:17Z
ais_gap_intentional,999209121,2025-09-12T11:51:07Z,2025-09-13T07:53:44Z
mmsi_clone,999542305,2025-09-12T13:07:12Z,2025-09-13T05:13:26Z
rendezvous,999422099;999765231,2025-09-12T21:00:00Z,2025-09-13T00:00:00Z
loitering,999281414,2025-09-13T04:25:12Z,2025-09-13T21:35:30Z
ais_gap_intentional,999128796,2025-09-13T08:55:50Z,2025-09-13T20:18:51Z
position_spoofing,999318149,2025-09-13T17:55:39Z,2025-09-13T23:29:18Z
ais_gap_intentional,999344047,2025-09-14T04:29:20Z,2025-09-14T17:50:40Z
loitering,999388753,2025-09-14T07:04:27Z,2025-09-14T21:53:54Z
