detection_id,label
D00653,ais_vessel
D00654,not_vessel
D00655,not_vessel
D00656,ais_vessel
D00657,ais_vessel
D00658,dark_vessel
D00659,ais_vessel
D00660,ais_vessel
D00661,not_vessel
D00662,not_vessel
D00663,not_vessel
D00664,not_vessel
D00665,ais_vessel
D00666,ais_vessel
D00667,ais_vessel
D00668,ais_vessel
D00669,ais_vessel
D00670,not_vessel
D00671,not_vessel
D00672,ais_vessel
D00673,ais_vessel
D00674,ais_vessel
D00675,not_vessel
D00676,ais_vessel
D00677,not_vessel
D00678,ais_vessel
D00679,ais_vessel
D00680,not_vessel
D00681,ais_vessel
D00682,ais_vessel
D00683,ais_vessel
D00684,not_vessel
D00685,not_vessel
D00686,ais_vessel
D00687,ais_vessel
D00688,ais_vessel
D00689,not_vessel
D00690,dark_vessel
D00691,ais_vessel
D00692,ais_vessel
D00693,ais_vessel
D00694,not_vessel
D00695,ais_vessel
D00696,not_vessel
D00697,ais_vessel
D00698,not_vessel
D00699,not_vessel
D00700,ais_vessel
D00701,not_vessel
D00702,not_vessel
D00703,ais_vessel
D00704,ais_vessel
D00705,not_vessel
D00706,ais_vessel
D00707,ais_vessel
D00708,not_vessel
D00709,not_vessel
D00710,ais_vessel
D00711,not_vessel
D00712,not_vessel
D00713,ais_vessel
D00714,ais_vessel
D00715,not_vessel
D00716,ais_vessel
D00717,ais_vessel
D00718,ais_vessel
D00719,not_vessel
D00720,not_vessel
D00721,not_vessel
D00722,ais_vessel
D00723,not_vessel
D00724,not_vessel
D00725,ais_vessel
D00726,not_vessel
D00727,ais_vessel
D00728,not_vessel
D00729,not_vessel
D00730,ais_vessel
D00731,not_vessel
D00732,not_vessel
D00733,not_vessel
D00734,not_vessel
D00735,not_vessel
D00736,not_vessel
D00737,not_vessel
D00738,ais_vessel
D00739,ais_vessel
D00740,not_vessel
D00741,not_vessel
D00742,ais_vessel
D00743,not_vessel
D00744,ais_vessel
D00745,not_vessel
D00746,ais_vessel
D00747,not_vessel
D00748,ais_vessel
D00749,not_vessel
D00750,ais_vessel
D00751,ais_vessel
D00752,not_vessel
D00753,ais_vessel
D00754,ais_vessel
D00755,not_vessel
D00756,not_vessel
D00757,ais_vessel
D00758,ais_vessel
D00759,not_vessel
D00760,ais_vessel
D00761,not_vessel
D00762,ais_vessel
D00763,ais_vessel
D00764,ais_vessel
D00765,not_vessel
D00766,ais_vessel
D00767,ais_vessel
D00768,not_vessel
D00769,ais_vessel
D00770,not_vessel
D00771,ais_vessel
D00772,not_vessel
D00773,ais_vessel
D00774,ais_vessel
D00775,ais_vessel
D00776,not_vessel
D00777,ais_vessel
D00778,not_vessel
D00779,ais_vessel
D00780,ais_vessel
D00781,not_vessel
D00782,not_vessel
D00783,not_vessel
D00784,ais_vessel
D00785,not_vessel
D00786,not_vessel
D00787,not_vessel
D00788,ais_vessel
D00789,not_vessel
D00790,ais_vessel
D00791,ais_vessel
D00792,not_vessel
D00793,ais_vessel
D00794,not_vessel
D00795,dark_vessel
D00796,ais_vessel
D00797,ais_vessel
D00798,not_vessel
D00799,ais_vessel
D00800,not_vessel
D00801,not_vessel
D00802,ais_vessel
D00803,ais_vessel
D00804,not_vessel
D00805,not_vessel
D00806,ais_vessel
D00807,not_vessel
D00808,ais_vessel
D00809,not_vessel
D00810,not_vessel
D00811,ais_vessel
D00812,not_vessel
D00813,ais_vessel
D00814,ais_vessel
D00815,ais_vessel
D00816,not_vessel
D00817,ais_vessel
D00818,ais_vessel
D00819,not_vessel
D00820,ais_vessel
D00821,ais_vessel
D00822,ais_vessel
D00823,not_vessel
D00824,not_vessel
D00825,ais_vessel
D00826,ais_vessel
D00827,not_vessel
D00828,ais_vessel
D00829,ais_vessel
D00830,ais_vessel
D00831,ais_vessel
D00832,ais_vessel
D00833,ais_vessel
D00834,not_vessel
D00835,ais_vessel
D00836,not_vessel
D00837,ais_vessel
D00838,not_vessel
D00839,ais_vessel
D00840,ais_vessel
D00841,ais_vessel
D00842,ais_vessel
D00843,ais_vessel
D00844,not_vessel
D00845,ais_vessel
D00846,dark_vessel
D00847,not_vessel
D00848,not_vessel
D00849,not_vessel
D00850,not_vessel
D00851,ais_vessel
D00852,not_vessel
D00853,ais_vessel
D00854,not_vessel
D00855,not_vessel
D00856,ais_vessel
D00857,not_vessel
D00858,ais_vessel
D00859,ais_vessel
D00860,not_vessel
D00861,ais_vessel
D00862,not_vessel
D00863,not_vessel
D00864,ais_vessel
D00865,ais_vessel
D00866,ais_vessel
D00867,ais_vessel
D00868,ais_vessel
D00869,not_vessel
D00870,not_vessel
D00871,not_vessel
D00872,not_vessel
D00873,ais_vessel
D00874,ais_vessel
D00875,not_vessel
D00876,not_vessel
D00877,ais_vessel
D00878,not_vessel
D00879,ais_vessel
D00880,not_vessel
D00881,not_vessel
D00882,ais_vessel
D00883,dark_vessel
D00884,not_vessel
D00885,ais_vessel
D00886,not_vessel
D00887,ais_vessel
D00888,ais_vessel
D00889,not_vessel
D00890,not_vessel
D00891,not_vessel
D00892,ais_vessel
D00893,ais_vessel
D00894,ais_vessel
D00895,ais_vessel
D00896,not_vessel
D00897,ais_vessel
D00898,ais_vessel
D00899,ais_vessel
D00900,dark_vessel
D00901,not_vessel
D00902,not_vessel
D00903,ais_vessel
D00904,not_vessel
D00905,not_vessel
D00906,not_vessel
D00907,not_vessel
D00908,not_vessel
D00909,ais_vessel
D00910,not_vessel
D00911,not_vessel
D00912,not_vessel
D00913,not_vessel
D00914,not_vessel
D00915,not_vessel
D00916,ais_vessel
D00917,ais_vessel
D00918,not_vessel
D00919,ais_vessel
D00920,not_vessel
D00921,not_vessel
D00922,not_vessel
D00923,not_vessel
D00924,not_vessel
D00925,not_vessel
D00926,ais_vessel
D00927,not_vessel
D00928,not_vessel
D00929,not_vessel
D00930,ais_vessel
D00931,not_vessel
D00932,not_vessel
D00933,not_vessel
D00934,not_vessel
D00935,not_vessel
D00936,not_vessel
D00937,ais_vessel
D00938,not_vessel
D00939,dark_vessel
D00940,ais_vessel
D00941,ais_vessel
D00942,ais_vessel
D00943,ais_vessel
D00944,not_vessel
D00945,ais_vessel
D00946,dark_vessel
D00947,not_vessel
D00948,ais_vessel
D00949,not_vessel
D00950,not_vessel
D00951,ais_vessel
D00952,not_vessel
D00953,not_vessel
D00954,not_vessel
D00955,ais_vessel
D00956,ais_vessel
D00957,ais_vessel
D00958,ais_vessel
D00959,not_vessel
D00960,not_vessel
D00961,ais_vessel
D00962,not_vessel
D00963,ais_vessel
D00964,not_vessel
D00965,ais_vessel
D00966,not_vessel
D00967,not_vessel
D00968,ais_vessel
D00969,ais_vessel
D00970,not_vessel
D00971,ais_vessel
D00972,ais_vessel
D00973,ais_vessel
D00974,ais_vessel
D00975,not_vessel
D00976,ais_vessel
D00977,not_vessel
D00978,not_vessel
D00979,ais_vessel
D00980,ais_vessel
D00981,not_vessel
D00982,not_vessel
D00983,ais_vessel
D00984,ais_vessel
D00985,not_vessel
D00986,dark_vessel
D00987,not_vessel
D00988,not_vessel
D00989,not_vessel
D00990,ais_vessel
D00991,not_vessel
D00992,not_vessel
D00993,not_vessel
D00994,not_vessel
D00995,ais_vessel
D00996,not_vessel
D00997,ais_vessel
D00998,ais_vessel
D00999,ais_vessel
D01000,ais_vessel
D01001,ais_vessel
D01002,not_vessel
D01003,not_vessel
D01004,not_vessel
D01005,dark_vessel
D01006,dark_vessel
D01007,not_vessel
D01008,not_vessel
D01009,ais_vessel
D01010,not_vessel
D01011,not_vessel
D01012,not_vessel
D01013,ais_vessel
D01014,not_vessel
D01015,not_vessel
D01016,not_vessel
D01017,not_vessel
D01018,ais_vessel
D01019,not_vessel
D01020,not_vessel
D01021,ais_vessel
D01022,not_vessel
D01023,not_vessel
D01024,not_vessel
D01025,not_vessel
D01026,not_vessel
D01027,dark_vessel
D01028,ais_vessel
D01029,ais_vessel
D01030,not_vessel
D01031,ais_vessel
D01032,dark_vessel
D01033,ais_vessel
D01034,dark_vessel
D01035,not_vessel
D01036,not_vessel
D01037,not_vessel
D01038,not_vessel
D01039,ais_vessel
D01040,not_vessel
D01041,ais_vessel
D01042,ais_vessel
D01043,not_vessel
D01044,not_vessel
D01045,ais_vessel
D01046,ais_vessel
D01047,not_vessel
D01048,not_vessel
D01049,not_vessel
D01050,ais_vessel
D01051,not_vessel
D01052,not_vessel
D01053,ais_vessel
D01054,not_vessel
D01055,not_vessel
D01056,not_vessel
D01057,not_vessel
D01058,ais_vessel
D01059,ais_vessel
D01060,not_vessel
D01061,not_vessel
D01062,ais_vessel
D01063,not_vessel
D01064,not_vessel
D01065,ais_vessel
D01066,not_vessel
D01067,dark_vessel
D01068,ais_vessel
D01069,ais_vessel
D01070,not_vessel
D01071,not_vessel
D01072,ais_vessel
D01073,not_vessel
D01074,ais_vessel
D01075,not_vessel
D01076,not_vessel
D01077,not_vessel
D01078,ais_vessel
D01079,not_vessel
D01080,ais_vessel
D01081,not_vessel
D01082,not_vessel
D01083,ais_vessel
D01084,not_vessel
D01085,not_vessel
D01086,not_vessel
D01087,not_vessel
D01088,not_vessel
D01089,not_vessel
D01090,not_vessel
D01091,not_vessel
D01092,not_vessel
D01093,ais_vessel
D01094,not_vessel
D01095,not_vessel
D01096,not_vessel
D01097,not_vessel
D01098,ais_vessel
D01099,dark_vessel
D01100,ais_vessel
D01101,dark_vessel
D01102,not_vessel
D01103,ais_vessel
D01104,ais_vessel
D01105,not_vessel
D01106,ais_vessel
D01107,ais_vessel
D01108,dark_vessel
D01109,ais_vessel
D01110,not_vessel
D01111,ais_vessel
D01112,dark_vessel
D01113,not_vessel
D01114,not_vessel
D01115,not_vessel
D01116,not_vessel
D01117,not_vessel
D01118,not_vessel
D01119,not_vessel
D01120,not_vessel
D01121,not_vessel
D01122,not_vessel
D01123,not_vessel
D01124,not_vessel
D01125,ais_vessel
D01126,ais_vessel
D01127,not_vessel
D01128,ais_vessel
D01129,ais_vessel
D01130,not_vessel
D01131,not_vessel
D01132,ais_vessel
D01133,not_vessel
D01134,not_vessel
D01135,ais_vessel
D01136,ais_vessel
D01137,not_vessel
D01138,not_vessel
D01139,not_vessel
D01140,not_vessel
D01141,not_vessel
D01142,not_vessel
D01143,not_vessel
D01144,not_vessel
D01145,not_vessel
D01146,not_vessel
D01147,not_vessel
D01148,not_vessel
D01149,ais_vessel
D01150,not_vessel
D01151,not_vessel
D01152,not_vessel
D01153,ais_vessel
D01154,not_vessel
D01155,not_vessel
D01156,not_vessel
D01157,not_vessel
D01158,not_vessel
D01159,not_vessel
D01160,not_vessel
D01161,not_vessel
D01162,not_vessel
D01163,ais_vessel
D01164,ais_vessel
D01165,dark_vessel
D01166,ais_vessel
D01167,not_vessel
D01168,ais_vessel
D01169,not_vessel
D01170,ais_vessel
D01171,not_vessel
D01172,dark_vessel
D01173,not_vessel
D01174,ais_vessel
D01175,not_vessel
D01176,not_vessel
D01177,not_vessel
D01178,not_vessel
D01179,not_vessel
D01180,ais_vessel
D01181,ais_vessel
D01182,not_vessel
D01183,not_vessel
D01184,not_vessel
D01185,not_vessel
D01186,not_vessel
D01187,not_vessel
D01188,ais_vessel
D01189,not_vessel
D01190,not_vessel
D01191,ais_vessel
D01192,not_vessel
D01193,ais_vessel
D01194,ais_vessel
D01195,ais_vessel
D01196,ais_vessel
D01197,not_vessel
D01198,not_vessel
D01199,not_vessel
D01200,ais_vessel
D01201,not_vessel
D01202,ais_vessel
D01203,ais_vessel
D01204,not_vessel
D01205,not_vessel
D01206,not_vessel
D01207,ais_vessel
D01208,not_vessel
D01209,not_vessel
D01210,ais_vessel
D01211,not_vessel
D01212,ais_vessel
D01213,ais_vessel
D01214,ais_vessel
D01215,not_vessel
D01216,ais_vessel
D01217,ais_vessel
D01218,dark_vessel
D01219,not_vessel
D01220,ais_vessel
D01221,dark_vessel
D01222,not_vessel
D01223,ais_vessel
D01224,ais_vessel
D01225,not_vessel
D01226,dark_vessel
D01227,not_vessel
D01228,not_vessel
D01229,ais_vessel
D01230,ais_vessel
D01231,not_vessel
D01232,dark_vessel
D01233,dark_vessel
D01234,not_vessel
D01235,not_vessel
D01236,ais_vessel
D01237,ais_vessel
D01238,ais_vessel
D01239,dark_vessel
D01240,dark_vessel
D01241,not_vessel
D01242,dark_vessel
D01243,ais_vessel
D01244,dark_vessel
D01245,ais_vessel
D01246,ais_vessel
D01247,not_vessel
D01248,ais_vessel
D01249,ais_vessel
D01250,not_vessel
D01251,not_vessel
D01252,ais_vessel
D01253,ais_vessel
D01254,ais_vessel
D01255,ais_vessel
D01256,dark_vessel
D01257,ais_vessel
D01258,ais_vessel
D01259,not_vessel
D01260,ais_vessel
D01261,ais_vessel
D01262,not_vessel
D01263,ais_vessel
D01264,ais_vessel
D01265,not_vessel
D01266,ais_vessel
D01267,ais_vessel
D01268,not_vessel
D01269,not_vessel
D01270,dark_vessel
