detection_id,label,truth_class,truth_mmsi
D00001,not_vessel,clutter,
D00002,not_vessel,clutter,
D00003,not_vessel,clutter,
D00004,ais_vessel,vessel_ais_on,999240332
D00005,not_vessel,clutter,
D00006,not_vessel,clutter,
D00007,ais_vessel,vessel_ais_on,999113698
D00008,ais_vessel,vessel_ais_on,999097698
D00009,dark_vessel,vessel_ais_off,
D00010,not_vessel,clutter,
D00011,ais_vessel,vessel_ais_on,999061886
D00012,ais_vessel,vessel_ais_on,999113698
D00013,ais_vessel,vessel_ais_on,999097698
D00014,dark_vessel,vessel_ais_off,
D00015,ais_vessel,vessel_ais_on,999904294
D00016,not_vessel,clutter,
D00017,ais_vessel,vessel_ais_on,999113698
D00018,not_vessel,clutter,
D00019,not_vessel,clutter,
D00020,dark_vessel,vessel_ais_off,
D00021,ais_vessel,vessel_ais_on,999749082
D00022,dark_vessel,vessel_ais_off,999097698
D00023,ais_vessel,vessel_ais_on,999999550
D00024,not_vessel,iceberg,
D00025,not_vessel,iceberg,
D00026,ais_vessel,vessel_ais_on,999083833
D00027,ais_vessel,vessel_ais_on,999549908
D00028,ais_vessel,vessel_ais_on,999311068
D00029,not_vessel,iceberg,
D00030,ais_vessel,vessel_ais_on,999537289
D00031,ais_vessel,vessel_ais_on,999464313
D00032,not_vessel,iceberg,
D00033,not_vessel,iceberg,
D00034,not_vessel,iceberg,
D00035,ais_vessel,vessel_ais_on,999700059
D00036,not_vessel,iceberg,
D00037,not_vessel,iceberg,
D00038,not_vessel,iceberg,
D00039,not_vessel,clutter,
D00040,ais_vessel,vessel_ais_on,999558350
D00041,ais_vessel,vessel_ais_on,999907414
D00042,not_vessel,iceberg,
D00043,ais_vessel,vessel_ais_on,999271054
D00044,ais_vessel,vessel_ais_on,999026992
D00045,ais_vessel,vessel_ais_on,999569901
D00046,ais_vessel,vessel_ais_on,999089364
D00047,ais_vessel,vessel_ais_on,999905493
D00048,ais_vessel,vessel_ais_on,999507638
D00049,not_vessel,iceberg,
D00050,dark_vessel,vessel_ais_off,
D00051,ais_vessel,vessel_ais_on,999061886
D00052,ais_vessel,vessel_ais_on,999749082
D00053,dark_vessel,vessel_ais_off,
D00054,not_vessel,clutter,
D00055,dark_vessel,vessel_ais_off,999097698
D00056,dark_vessel,vessel_ais_off,999097698
D00057,dark_vessel,vessel_ais_off,
D00058,ais_vessel,vessel_ais_on,999061886
D00059,not_vessel,clutter,
D00060,ais_vessel,vessel_ais_on,999113698
D00061,not_vessel,clutter,
D00062,ais_vessel,vessel_ais_on,999073261
D00063,not_vessel,clutter,
D00064,ais_vessel,vessel_ais_on,999904294
D00065,ais_vessel,vessel_ais_on,999240332
D00066,ais_vessel,vessel_ais_on,999447225
D00067,not_vessel,clutter,
D00068,not_vessel,clutter,
D00069,not_vessel,clutter,
D00070,ais_vessel,vessel_ais_on,999097698
D00071,dark_vessel,vessel_ais_off,
D00072,ais_vessel,vessel_ais_on,999628354
D00073,not_vessel,clutter,
D00074,not_vessel,clutter,
D00075,not_vessel,iceberg,
D00076,not_vessel,clutter,
D00077,ais_vessel,vessel_ais_on,999083833
D00078,ais_vessel,vessel_ais_on,999970815
D00079,ais_vessel,vessel_ais_on,999558350
D00080,ais_vessel,vessel_ais_on,999288900
D00081,not_vessel,iceberg,
D00082,ais_vessel,vessel_ais_on,999943350
D00083,not_vessel,iceberg,
D00084,ais_vessel,vessel_ais_on,999311068
D00085,ais_vessel,vessel_ais_on,999089364
D00086,not_vessel,iceberg,
D00087,ais_vessel,vessel_ais_on,999559563
D00088,not_vessel,iceberg,
D00089,ais_vessel,vessel_ais_on,999549908
D00090,ais_vessel,vessel_ais_on,999426175
D00091,not_vessel,iceberg,
D00092,ais_vessel,vessel_ais_on,999500137
D00093,ais_vessel,vessel_ais_on,999026992
D00094,ais_vessel,vessel_ais_on,999215169
D00095,ais_vessel,vessel_ais_on,999465013
D00096,ais_vessel,vessel_ais_on,999537289
D00097,not_vessel,iceberg,
D00098,ais_vessel,vessel_ais_on,999904494
D00099,not_vessel,clutter,
D00100,not_vessel,iceberg,
D00101,not_vessel,iceberg,
D00102,not_vessel,iceberg,
D00103,not_vessel,iceberg,
D00104,not_vessel,iceberg,
D00105,ais_vessel,vessel_ais_on,999905493
D00106,ais_vessel,vessel_ais_on,999257764
D00107,not_vessel,iceberg,
D00108,ais_vessel,vessel_ais_on,999542305
D00109,ais_vessel,vessel_ais_on,999946530
D00110,ais_vessel,vessel_ais_on,999999550
D00111,ais_vessel,vessel_ais_on,999464313
D00112,ais_vessel,vessel_ais_on,999625279
D00113,not_vessel,iceberg,
D00114,ais_vessel,vessel_ais_on,999271054
D00115,ais_vessel,vessel_ais_on,999691894
D00116,ais_vessel,vessel_ais_on,999907414
D00117,ais_vessel,vessel_ais_on,999832785
D00118,dark_vessel,vessel_ais_off,999507638
D00119,not_vessel,clutter,
D00120,ais_vessel,vessel_ais_on,999670870
D00121,not_vessel,iceberg,
D00122,not_vessel,iceberg,
D00123,ais_vessel,vessel_ais_on,999904294
D00124,not_vessel,clutter,
D00125,ais_vessel,vessel_ais_on,999538056
D00126,not_vessel,iceberg,
D00127,ais_vessel,vessel_ais_on,999800607
D00128,not_vessel,iceberg,
D00129,not_vessel,iceberg,
D00130,not_vessel,iceberg,
D00131,not_vessel,clutter,
D00132,not_vessel,iceberg,
D00133,not_vessel,iceberg,
D00134,not_vessel,iceberg,
D00135,not_vessel,iceberg,
D00136,ais_vessel,vessel_ais_on,999537289
D00137,not_vessel,iceberg,
D00138,not_vessel,iceberg,
D00139,not_vessel,clutter,
D00140,not_vessel,iceberg,
D00141,not_vessel,iceberg,
D00142,ais_vessel,vessel_ais_on,999042396
D00143,not_vessel,iceberg,
D00144,dark_vessel,vessel_ais_off,
D00145,not_vessel,iceberg,
D00146,not_vessel,iceberg,
D00147,not_vessel,iceberg,
D00148,not_vessel,iceberg,
D00149,not_vessel,iceberg,
D00150,ais_vessel,vessel_ais_on,999878243
D00151,not_vessel,clutter,
D00152,dark_vessel,vessel_ais_off,
D00153,ais_vessel,vessel_ais_on,999311068
D00154,dark_vessel,vessel_ais_off,
D00155,ais_vessel,vessel_ais_on,999311068
D00156,ais_vessel,vessel_ais_on,999878243
D00157,ais_vessel,vessel_ais_on,999084457
D00158,ais_vessel,vessel_ais_on,999800607
D00159,ais_vessel,vessel_ais_on,999026992
D00160,dark_vessel,vessel_ais_off,
D00161,ais_vessel,vessel_ais_on,999229664
D00162,ais_vessel,vessel_ais_on,999302966
D00163,ais_vessel,vessel_ais_on,999229664
D00164,dark_vessel,vessel_ais_off,
D00165,ais_vessel,vessel_ais_on,999302966
D00166,ais_vessel,vessel_ais_on,999084457
D00167,ais_vessel,vessel_ais_on,999800607
D00168,ais_vessel,vessel_ais_on,999175428
D00169,ais_vessel,vessel_ais_on,999026992
D00170,not_vessel,iceberg,
D00171,not_vessel,iceberg,
D00172,ais_vessel,vessel_ais_on,999026992
D00173,not_vessel,iceberg,
D00174,ais_vessel,vessel_ais_on,999800607
D00175,not_vessel,iceberg,
D00176,ais_vessel,vessel_ais_on,999302966
D00177,ais_vessel,vessel_ais_on,999084457
D00178,not_vessel,iceberg,
D00179,not_vessel,iceberg,
D00180,not_vessel,iceberg,
D00181,not_vessel,iceberg,
D00182,dark_vessel,vessel_ais_off,
D00183,not_vessel,iceberg,
D00184,not_vessel,iceberg,
D00185,ais_vessel,vessel_ais_on,999558350
D00186,ais_vessel,vessel_ais_on,999569901
D00187,ais_vessel,vessel_ais_on,999229664
D00188,not_vessel,iceberg,
D00189,not_vessel,iceberg,
D00190,not_vessel,iceberg,
D00191,ais_vessel,vessel_ais_on,999175428
D00192,ais_vessel,vessel_ais_on,999735989
D00193,not_vessel,clutter,
D00194,ais_vessel,vessel_ais_on,999209121
D00195,ais_vessel,vessel_ais_on,999878243
D00196,dark_vessel,vessel_ais_off,
D00197,ais_vessel,vessel_ais_on,999311068
D00198,not_vessel,clutter,
D00199,ais_vessel,vessel_ais_on,999735989
D00200,ais_vessel,vessel_ais_on,999800607
D00201,not_vessel,clutter,
D00202,not_vessel,iceberg,
D00203,not_vessel,clutter,
D00204,not_vessel,clutter,
D00205,dark_vessel,vessel_ais_off,
D00206,ais_vessel,vessel_ais_on,999113698
D00207,ais_vessel,vessel_ais_on,999347486
D00208,not_vessel,clutter,
D00209,not_vessel,iceberg,
D00210,not_vessel,iceberg,
D00211,ais_vessel,vessel_ais_on,999569901
D00212,ais_vessel,vessel_ais_on,999345681
D00213,not_vessel,iceberg,
D00214,not_vessel,iceberg,
D00215,not_vessel,clutter,
D00216,not_vessel,iceberg,
D00217,not_vessel,iceberg,
D00218,ais_vessel,vessel_ais_on,999843857
D00219,ais_vessel,vessel_ais_on,999084457
D00220,ais_vessel,vessel_ais_on,999175428
D00221,not_vessel,iceberg,
D00222,dark_vessel,vessel_ais_off,
D00223,not_vessel,iceberg,
D00224,not_vessel,iceberg,
D00225,not_vessel,iceberg,
D00226,not_vessel,iceberg,
D00227,ais_vessel,vessel_ais_on,999302966
D00228,not_vessel,iceberg,
D00229,not_vessel,iceberg,
D00230,not_vessel,iceberg,
D00231,not_vessel,iceberg,
D00232,not_vessel,iceberg,
D00233,not_vessel,iceberg,
D00234,ais_vessel,vessel_ais_on,999356034
D00235,not_vessel,iceberg,
D00236,ais_vessel,vessel_ais_on,999418214
D00237,ais_vessel,vessel_ais_on,999026992
D00238,ais_vessel,vessel_ais_on,999538056
D00239,ais_vessel,vessel_ais_on,999843857
D00240,ais_vessel,vessel_ais_on,999569901
D00241,not_vessel,iceberg,
D00242,ais_vessel,vessel_ais_on,999345681
D00243,not_vessel,iceberg,
D00244,ais_vessel,vessel_ais_on,999418214
D00245,not_vessel,iceberg,
D00246,ais_vessel,vessel_ais_on,999538056
D00247,not_vessel,iceberg,
D00248,not_vessel,iceberg,
D00249,not_vessel,iceberg,
D00250,not_vessel,iceberg,
D00251,ais_vessel,vessel_ais_on,999026992
D00252,not_vessel,iceberg,
D00253,not_vessel,iceberg,
D00254,ais_vessel,vessel_ais_on,999569901
D00255,ais_vessel,vessel_ais_on,999084457
D00256,ais_vessel,vessel_ais_on,999356034
D00257,ais_vessel,vessel_ais_on,999843857
D00258,not_vessel,clutter,
D00259,not_vessel,iceberg,
D00260,not_vessel,iceberg,
D00261,ais_vessel,vessel_ais_on,999559563
D00262,not_vessel,clutter,
D00263,ais_vessel,vessel_ais_on,999907414
D00264,not_vessel,iceberg,
D00265,not_vessel,iceberg,
D00266,ais_vessel,vessel_ais_on,999257764
D00267,ais_vessel,vessel_ais_on,999271054
D00268,not_vessel,iceberg,
D00269,ais_vessel,vessel_ais_on,999462004
D00270,not_vessel,iceberg,
D00271,not_vessel,iceberg,
D00272,ais_vessel,vessel_ais_on,999957346
D00273,not_vessel,iceberg,
D00274,ais_vessel,vessel_ais_on,999500137
D00275,not_vessel,iceberg,
D00276,ais_vessel,vessel_ais_on,999542305
D00277,not_vessel,iceberg,
D00278,ais_vessel,vessel_ais_on,999537289
D00279,ais_vessel,vessel_ais_on,999186997
D00280,ais_vessel,vessel_ais_on,999215169
D00281,not_vessel,clutter,
D00282,ais_vessel,vessel_ais_on,999507638
D00283,ais_vessel,vessel_ais_on,999970815
D00284,ais_vessel,vessel_ais_on,999176694
D00285,ais_vessel,vessel_ais_on,999608808
D00286,ais_vessel,vessel_ais_on,999718486
D00287,not_vessel,clutter,
D00288,ais_vessel,vessel_ais_on,999670870
D00289,ais_vessel,vessel_ais_on,999625279
D00290,ais_vessel,vessel_ais_on,999229664
D00291,ais_vessel,vessel_ais_on,999558017
D00292,ais_vessel,vessel_ais_on,999832785
D00293,ais_vessel,vessel_ais_on,999302966
D00294,ais_vessel,vessel_ais_on,999943350
D00295,not_vessel,clutter,
D00296,not_vessel,iceberg,
D00297,ais_vessel,vessel_ais_on,999089364
D00298,ais_vessel,vessel_ais_on,999549908
D00299,ais_vessel,vessel_ais_on,999426175
D00300,not_vessel,iceberg,
D00301,ais_vessel,vessel_ais_on,999999550
D00302,ais_vessel,vessel_ais_on,999946530
D00303,ais_vessel,vessel_ais_on,999026992
D00304,ais_vessel,vessel_ais_on,999843857
D00305,ais_vessel,vessel_ais_on,999345681
D00306,ais_vessel,vessel_ais_on,999569901
D00307,ais_vessel,vessel_ais_on,999376390
D00308,ais_vessel,vessel_ais_on,999209121
D00309,not_vessel,clutter,
D00310,ais_vessel,vessel_ais_on,999300047
D00311,not_vessel,clutter,
D00312,ais_vessel,vessel_ais_on,999073261
D00313,ais_vessel,vessel_ais_on,999357945
D00314,ais_vessel,vessel_ais_on,999300047
D00315,not_vessel,iceberg,
D00316,not_vessel,iceberg,
D00317,dark_vessel,vessel_ais_off,
D00318,ais_vessel,vessel_ais_on,999691894
D00319,ais_vessel,vessel_ais_on,999465013
D00320,ais_vessel,vessel_ais_on,999186997
D00321,not_vessel,iceberg,
D00322,ais_vessel,vessel_ais_on,999175428
D00323,not_vessel,clutter,
D00324,not_vessel,iceberg,
D00325,not_vessel,iceberg,
D00326,not_vessel,iceberg,
D00327,not_vessel,iceberg,
D00328,ais_vessel,vessel_ais_on,999832785
D00329,ais_vessel,vessel_ais_on,999426175
D00330,not_vessel,iceberg,
D00331,not_vessel,iceberg,
D00332,ais_vessel,vessel_ais_on,999376390
D00333,not_vessel,iceberg,
D00334,not_vessel,clutter,
D00335,not_vessel,iceberg,
D00336,ais_vessel,vessel_ais_on,999354231
D00337,not_vessel,iceberg,
D00338,not_vessel,iceberg,
D00339,ais_vessel,vessel_ais_on,999718486
D00340,not_vessel,iceberg,
D00341,ais_vessel,vessel_ais_on,999542305
D00342,dark_vessel,vessel_ais_off,
D00343,not_vessel,iceberg,
D00344,not_vessel,iceberg,
D00345,dark_vessel,vessel_ais_off,
D00346,ais_vessel,vessel_ais_on,999713672
D00347,ais_vessel,vessel_ais_on,999158095
D00348,ais_vessel,vessel_ais_on,999558350
D00349,ais_vessel,vessel_ais_on,999663062
D00350,ais_vessel,vessel_ais_on,999735989
D00351,ais_vessel,vessel_ais_on,999148622
D00352,ais_vessel,vessel_ais_on,999537289
D00353,ais_vessel,vessel_ais_on,999999550
D00354,not_vessel,iceberg,
D00355,dark_vessel,vessel_ais_off,
D00356,ais_vessel,vessel_ais_on,999229664
D00357,ais_vessel,vessel_ais_on,999608808
D00358,ais_vessel,vessel_ais_on,999208481
D00359,ais_vessel,vessel_ais_on,999089364
D00360,not_vessel,iceberg,
D00361,ais_vessel,vessel_ais_on,999500137
D00362,not_vessel,iceberg,
D00363,ais_vessel,vessel_ais_on,999943350
D00364,ais_vessel,vessel_ais_on,999832785
D00365,ais_vessel,vessel_ais_on,999559563
D00366,ais_vessel,vessel_ais_on,999469638
D00367,not_vessel,iceberg,
D00368,ais_vessel,vessel_ais_on,999363681
D00369,ais_vessel,vessel_ais_on,999670870
D00370,ais_vessel,vessel_ais_on,999907414
D00371,ais_vessel,vessel_ais_on,999160235
D00372,not_vessel,clutter,
D00373,ais_vessel,vessel_ais_on,999444877
D00374,not_vessel,iceberg,
D00375,not_vessel,clutter,
D00376,ais_vessel,vessel_ais_on,999215169
D00377,not_vessel,clutter,
D00378,ais_vessel,vessel_ais_on,999302966
D00379,ais_vessel,vessel_ais_on,999691894
D00380,not_vessel,iceberg,
D00381,not_vessel,iceberg,
D00382,not_vessel,iceberg,
D00383,ais_vessel,vessel_ais_on,999625279
D00384,not_vessel,iceberg,
D00385,ais_vessel,vessel_ais_on,999542305
D00386,ais_vessel,vessel_ais_on,999549908
D00387,ais_vessel,vessel_ais_on,999970815
D00388,ais_vessel,vessel_ais_on,999784907
D00389,ais_vessel,vessel_ais_on,999507638
D00390,not_vessel,clutter,
D00391,ais_vessel,vessel_ais_on,999257764
D00392,ais_vessel,vessel_ais_on,999307068
D00393,ais_vessel,vessel_ais_on,999288900
D00394,not_vessel,iceberg,
D00395,ais_vessel,vessel_ais_on,999953453
D00396,not_vessel,clutter,
D00397,not_vessel,iceberg,
D00398,ais_vessel,vessel_ais_on,999176694
D00399,ais_vessel,vessel_ais_on,999558017
D00400,ais_vessel,vessel_ais_on,999905493
D00401,ais_vessel,vessel_ais_on,999462004
D00402,ais_vessel,vessel_ais_on,999519104
D00403,ais_vessel,vessel_ais_on,999718486
D00404,not_vessel,iceberg,
D00405,ais_vessel,vessel_ais_on,999271054
D00406,ais_vessel,vessel_ais_on,999288900
D00407,ais_vessel,vessel_ais_on,999907414
D00408,ais_vessel,vessel_ais_on,999558017
D00409,not_vessel,clutter,
D00410,ais_vessel,vessel_ais_on,999307068
D00411,ais_vessel,vessel_ais_on,999549908
D00412,not_vessel,iceberg,
D00413,not_vessel,iceberg,
D00414,ais_vessel,vessel_ais_on,999691894
D00415,not_vessel,iceberg,
D00416,ais_vessel,vessel_ais_on,999507638
D00417,not_vessel,iceberg,
D00418,ais_vessel,vessel_ais_on,999734031
D00419,ais_vessel,vessel_ais_on,999670870
D00420,ais_vessel,vessel_ais_on,999542305
D00421,not_vessel,iceberg,
D00422,ais_vessel,vessel_ais_on,999625279
D00423,ais_vessel,vessel_ais_on,999953453
D00424,ais_vessel,vessel_ais_on,999215169
D00425,not_vessel,iceberg,
D00426,ais_vessel,vessel_ais_on,999649385
D00427,ais_vessel,vessel_ais_on,999257764
D00428,not_vessel,clutter,
D00429,not_vessel,iceberg,
D00430,ais_vessel,vessel_ais_on,999469638
D00431,not_vessel,iceberg,
D00432,ais_vessel,vessel_ais_on,999176694
D00433,ais_vessel,vessel_ais_on,999229664
D00434,not_vessel,iceberg,
D00435,ais_vessel,vessel_ais_on,999084457
D00436,ais_vessel,vessel_ais_on,999784907
D00437,ais_vessel,vessel_ais_on,999444877
D00438,ais_vessel,vessel_ais_on,999089364
D00439,ais_vessel,vessel_ais_on,999970815
D00440,ais_vessel,vessel_ais_on,999462004
D00441,dark_vessel,vessel_ais_off,
D00442,not_vessel,iceberg,
D00443,ais_vessel,vessel_ais_on,999208481
D00444,not_vessel,iceberg,
D00445,ais_vessel,vessel_ais_on,999302966
D00446,ais_vessel,vessel_ais_on,999608808
D00447,ais_vessel,vessel_ais_on,999500137
D00448,ais_vessel,vessel_ais_on,999559563
D00449,not_vessel,clutter,
D00450,ais_vessel,vessel_ais_on,999718486
D00451,ais_vessel,vessel_ais_on,999943350
D00452,ais_vessel,vessel_ais_on,999519104
D00453,ais_vessel,vessel_ais_on,999537289
D00454,ais_vessel,vessel_ais_on,999832785
D00455,ais_vessel,vessel_ais_on,999363681
D00456,dark_vessel,vessel_ais_off,999904494
D00457,not_vessel,iceberg,
D00458,ais_vessel,vessel_ais_on,999026992
D00459,ais_vessel,vessel_ais_on,999209121
D00460,not_vessel,clutter,
D00461,not_vessel,clutter,
D00462,not_vessel,iceberg,
D00463,not_vessel,clutter,
D00464,not_vessel,iceberg,
D00465,ais_vessel,vessel_ais_on,999357945
D00466,not_vessel,clutter,
D00467,not_vessel,iceberg,
D00468,not_vessel,clutter,
D00469,ais_vessel,vessel_ais_on,999934473
D00470,ais_vessel,vessel_ais_on,999318149
D00471,not_vessel,clutter,
D00472,not_vessel,clutter,
D00473,not_vessel,iceberg,
D00474,not_vessel,clutter,
D00475,ais_vessel,vessel_ais_on,999878243
D00476,not_vessel,iceberg,
D00477,ais_vessel,vessel_ais_on,999357945
D00478,not_vessel,clutter,
D00479,not_vessel,clutter,
D00480,ais_vessel,vessel_ais_on,999356034
D00481,ais_vessel,vessel_ais_on,999904294
D00482,ais_vessel,vessel_ais_on,999113698
D00483,ais_vessel,vessel_ais_on,999148622
D00484,ais_vessel,vessel_ais_on,999376390
D00485,not_vessel,iceberg,
D00486,not_vessel,iceberg,
D00487,ais_vessel,vessel_ais_on,999300047
D00488,not_vessel,iceberg,
D00489,not_vessel,clutter,
D00490,not_vessel,iceberg,
D00491,not_vessel,iceberg,
D00492,ais_vessel,vessel_ais_on,999549908
D00493,ais_vessel,vessel_ais_on,999953453
D00494,not_vessel,iceberg,
D00495,ais_vessel,vessel_ais_on,999288900
D00496,ais_vessel,vessel_ais_on,999946530
D00497,ais_vessel,vessel_ais_on,999559563
D00498,ais_vessel,vessel_ais_on,999160235
D00499,ais_vessel,vessel_ais_on,999691894
D00500,ais_vessel,vessel_ais_on,999176694
D00501,not_vessel,iceberg,
D00502,ais_vessel,vessel_ais_on,999558017
D00503,not_vessel,iceberg,
D00504,not_vessel,iceberg,
D00505,not_vessel,iceberg,
D00506,not_vessel,iceberg,
D00507,not_vessel,clutter,
D00508,ais_vessel,vessel_ais_on,999271054
D00509,not_vessel,iceberg,
D00510,not_vessel,iceberg,
D00511,ais_vessel,vessel_ais_on,999321755
D00512,ais_vessel,vessel_ais_on,999083833
D00513,ais_vessel,vessel_ais_on,999215169
D00514,not_vessel,iceberg,
D00515,ais_vessel,vessel_ais_on,999907414
D00516,not_vessel,clutter,
D00517,ais_vessel,vessel_ais_on,999999550
D00518,not_vessel,iceberg,
D00519,ais_vessel,vessel_ais_on,999462004
D00520,not_vessel,clutter,
D00521,ais_vessel,vessel_ais_on,999969482
D00522,ais_vessel,vessel_ais_on,999784907
D00523,ais_vessel,vessel_ais_on,999970815
D00524,not_vessel,iceberg,
D00525,ais_vessel,vessel_ais_on,999649385
D00526,not_vessel,iceberg,
D00527,ais_vessel,vessel_ais_on,999905493
D00528,ais_vessel,vessel_ais_on,999734031
D00529,not_vessel,clutter,
D00530,ais_vessel,vessel_ais_on,999820594
D00531,not_vessel,iceberg,
D00532,ais_vessel,vessel_ais_on,999084457
D00533,ais_vessel,vessel_ais_on,999537289
D00534,ais_vessel,vessel_ais_on,999538699
D00535,ais_vessel,vessel_ais_on,999608808
D00536,ais_vessel,vessel_ais_on,999257764
D00537,ais_vessel,vessel_ais_on,999089364
D00538,not_vessel,iceberg,
D00539,ais_vessel,vessel_ais_on,999625279
D00540,ais_vessel,vessel_ais_on,999307068
D00541,not_vessel,iceberg,
D00542,not_vessel,iceberg,
D00543,not_vessel,iceberg,
D00544,ais_vessel,vessel_ais_on,999444877
D00545,ais_vessel,vessel_ais_on,999569901
D00546,not_vessel,iceberg,
D00547,not_vessel,iceberg,
D00548,not_vessel,iceberg,
D00549,not_vessel,iceberg,
D00550,not_vessel,iceberg,
D00551,not_vessel,iceberg,
D00552,not_vessel,iceberg,
D00553,not_vessel,iceberg,
D00554,ais_vessel,vessel_ais_on,999362879
D00555,not_vessel,iceberg,
D00556,ais_vessel,vessel_ais_on,999957346
D00557,not_vessel,iceberg,
D00558,not_vessel,iceberg,
D00559,not_vessel,iceberg,
D00560,not_vessel,iceberg,
D00561,ais_vessel,vessel_ais_on,999186997
D00562,ais_vessel,vessel_ais_on,999175428
D00563,not_vessel,iceberg,
D00564,ais_vessel,vessel_ais_on,999559563
D00565,not_vessel,iceberg,
D00566,not_vessel,iceberg,
D00567,not_vessel,iceberg,
D00568,ais_vessel,vessel_ais_on,999649385
D00569,ais_vessel,vessel_ais_on,999288900
D00570,ais_vessel,vessel_ais_on,999953453
D00571,not_vessel,iceberg,
D00572,ais_vessel,vessel_ais_on,999176694
D00573,ais_vessel,vessel_ais_on,999376390
D00574,not_vessel,iceberg,
D00575,not_vessel,clutter,
D00576,ais_vessel,vessel_ais_on,999625279
D00577,ais_vessel,vessel_ais_on,999905493
D00578,not_vessel,iceberg,
D00579,ais_vessel,vessel_ais_on,999321755
D00580,ais_vessel,vessel_ais_on,999904494
D00581,not_vessel,iceberg,
D00582,not_vessel,iceberg,
D00583,not_vessel,iceberg,
D00584,ais_vessel,vessel_ais_on,999969482
D00585,ais_vessel,vessel_ais_on,999257764
D00586,ais_vessel,vessel_ais_on,999089364
D00587,not_vessel,iceberg,
D00588,ais_vessel,vessel_ais_on,999608808
D00589,ais_vessel,vessel_ais_on,999215169
D00590,not_vessel,iceberg,
D00591,not_vessel,iceberg,
D00592,not_vessel,iceberg,
D00593,ais_vessel,vessel_ais_on,999084457
D00594,ais_vessel,vessel_ais_on,999160235
D00595,not_vessel,iceberg,
D00596,not_vessel,iceberg,
D00597,not_vessel,clutter,
D00598,ais_vessel,vessel_ais_on,999734031
D00599,not_vessel,iceberg,
D00600,not_vessel,iceberg,
D00601,dark_vessel,vessel_ais_off,999519104
D00602,ais_vessel,vessel_ais_on,999271054
D00603,ais_vessel,vessel_ais_on,999820594
D00604,ais_vessel,vessel_ais_on,999300047
D00605,ais_vessel,vessel_ais_on,999907414
D00606,ais_vessel,vessel_ais_on,999558017
D00607,ais_vessel,vessel_ais_on,999083833
D00608,ais_vessel,vessel_ais_on,999784907
D00609,not_vessel,iceberg,
D00610,not_vessel,iceberg,
D00611,not_vessel,iceberg,
D00612,not_vessel,iceberg,
D00613,ais_vessel,vessel_ais_on,999026992
D00614,ais_vessel,vessel_ais_on,999345681
D00615,not_vessel,iceberg,
D00616,ais_vessel,vessel_ais_on,999537289
D00617,ais_vessel,vessel_ais_on,999462004
D00618,ais_vessel,vessel_ais_on,999970815
D00619,not_vessel,iceberg,
D00620,ais_vessel,vessel_ais_on,999538699
D00621,not_vessel,iceberg,
D00622,not_vessel,iceberg,
D00623,not_vessel,iceberg,
D00624,not_vessel,clutter,
D00625,not_vessel,iceberg,
D00626,not_vessel,iceberg,
D00627,not_vessel,iceberg,
D00628,not_vessel,iceberg,
D00629,ais_vessel,vessel_ais_on,999318149
D00630,not_vessel,iceberg,
D00631,not_vessel,iceberg,
D00632,not_vessel,iceberg,
D00633,not_vessel,iceberg,
D00634,not_vessel,iceberg,
D00635,ais_vessel,vessel_ais_on,999302990
D00636,not_vessel,iceberg,
D00637,not_vessel,clutter,
D00638,not_vessel,clutter,
D00639,ais_vessel,vessel_ais_on,999878243
D00640,not_vessel,iceberg,
D00641,not_vessel,clutter,
D00642,ais_vessel,vessel_ais_on,999357945
D00643,not_vessel,iceberg,
D00644,not_vessel,clutter,
D00645,ais_vessel,vessel_ais_on,999418214
D00646,not_vessel,iceberg,
D00647,ais_vessel,vessel_ais_on,999042396
D00648,not_vessel,clutter,
D00649,ais_vessel,vessel_ais_on,999347486
D00650,not_vessel,clutter,
D00651,ais_vessel,vessel_ais_on,999749082
D00652,not_vessel,clutter,
