community_id,name,fire_id,t_within_15km_h,t_within_5km_h,t_impact_h
C001,Edmonton,,,,
C002,Sherwood Park,,,,
C003,Grande Prairie,,,,
C004,Fort McMurray,PRC-002,22.0,49.8,74.63
C005,St. Albert,,,,
C006,Spruce Grove,,,,
C007,Lloydminster,,,,
C008,Stony Plain,,,,
C009,Leduc,,,,
C010,Fort Saskatchewan,,,,
C011,Cold Lake,,,,
C012,Hinton,,,,
C013,Morinville,,,,
C014,Whitecourt,,,,
C015,Edson,,,,
C016,Beaumont,,,,
C017,Peace River,,,,
C018,Slave Lake,PRC-001,4.0,50.45,77.05
C019,Devon,,,,
C020,Bonnyville,,,,
C021,St. Paul,,,,
C022,Vegreville,,,,
C023,Westlock,,,,
C024,Barrhead,,,,
C025,Vermilion,,,,
C026,Grande Cache,,,,
C027,High Level,,,,
C028,Fairview,,,,
C029,Athabasca,,,,
C030,La Crête,,,,
C031,High Prairie,,,,
C032,Clairmont,,,,
C033,Gibbons,,,,
C034,Grimshaw,,,,
C035,Sexsmith,,,,
C036,Fox Creek,,,,
C037,Lac La Biche,,,,
C038,Beaverlodge,,,,
C039,Calmar,,,,
C040,Tofield,,,,
C041,Swan Hills,,,,
C042,Valleyview,,,,
C043,Lamont,,,,
C044,Wabasca-Desmarais,,,,
C045,Bon Accord,,,,
C046,Wembley,,,,
C047,Elk Point,,,,
C048,Westlake,,,,
C049,Manning,,,,
C050,Two Hills,,,,
C051,Mayerthorpe,,,,
C052,Ardrossan,,,,
C053,Spirit River,,,,
C054,Smoky Lake,,,,
C055,Falher,,,,
C056,Plamondon,,,,
C057,Kinuso,,,,
C058,Hythe,,,,
C059,Mannville,,,,
C060,Fort MacKay,,,,
C061,Wandering River,,,,
C062,Fort Chipewyan,,,,
C063,Fox Lake,,,,
C064,Fort Vermilion,,,,
C065,Wedgewood,,,,
C066,Sandy Lake,,,,
C067,Joussard,,,,
C068,Little Buffalo,,,,
C069,Garden Creek,,,,
C070,Chateh,,,,
C071,McLennan,,,,
C072,Worsley,,,,
C073,Frog Lake,,,,
C074,Berwyn,,,,
C075,Saprae Creek,PRC-002,79.88,,
C076,Cadotte Lake,,,,
C077,Rycroft,,,,
C078,Paddle Prairie,,,,
C079,Anzac,,,,
C080,Draper,PRC-002,47.03,113.28,
C081,Rainbow Lake,,,,
C082,Atikameg,,,,
C083,Goodfish Lake,,,,
C084,Hondo,,,,
C085,Calling Lake,,,,
C086,Grassland,,,,
C087,Keg River,,,,
C088,Hines Creek,,,,
C089,Faust,,,,
C090,Chard,,,,
C091,John D'Or Prairie,,,,
C092,Kikino,,,,
C093,Entwistle,,,,
C094,Kehewin Cree Nation,,,,
C095,Boyle,,,,
C096,Meander River,,,,
C097,Assumption,,,,
C098,Nampa,,,,
C099,Donnelly,,,,
C100,Smith,,,,
C101,Flatbush,,,,
C102,Grouard,,,,
C103,Girouxville,,,,
C104,Eaglesham,,,,
C105,St. Isidore,,,,
C106,Driftpile,,,,
C107,La Glace,,,,
C108,Fort Assiniboine,,,,
C109,Radway,,,,
C110,Conklin,,,,
C111,Loon Lake,,,,
C112,Red Earth,PRC-003,74.14,,
C113,Gift Lake,,,,
C114,Wabasca,,,,
