edge_id,route,road_name,closed_from_h,reopened_h
E01365,2,2 Highway,75.72,
E00069,2,2 Highway,75.76,
E00262,2,,75.76,
E00255,2,2 Highway,75.76,
E00263,2,2 Highway,75.76,
E00256,88,88 Highway,75.76,
E01558,2,2 Highway,76.05,
E01559,2,2 Highway,76.05,
E01611,2,,76.05,
E01612,2,,76.05,
E01613,2,2 Highway,76.05,
E01610,2,2 Highway,76.05,
E01622,2,,76.05,
E01691,2,3 Avenue,76.05,
E01641,2,2 Highway,76.05,
E01640,2,2 Highway,76.05,
E00070,2,Mitsue Industrial Access,76.65,
E00071,2,2 Highway,76.65,
E00264,88,88 Highway,76.95,
E02841,,,98.45,
E04360,63,Sakitawaw Trail,100.75,
E02537,63,Sakitawaw Trail,100.75,
E02726,63,Memorial Drive,101.81,
E04339,,,101.81,
E02842,63,Sakitawaw Trail,101.81,
E04344,63,Sakitawaw Trail,101.81,
E04341,63,,101.81,
E04340,63,,101.81,
E04359,63,Sakitawaw Trail,101.81,
E04345,63,,106.13,
E04706,63,,106.13,
E04346,63,Sakitawaw Trail,106.13,
E04707,63,,106.13,
E04708,63,Sakitawaw Trail,107.39,
E02535,63,,110.07,
E02536,63,Sakitawaw Trail,110.07,
E02540,69,Airport Road,110.07,
E02539,63,Sakitawaw Trail,110.07,
E02544,69,Saprae Creek Trail,110.07,
E02570,63,,110.07,
E02566,63,63 Highway,110.07,
E02551,63,,110.07,
E02541,69,Airport Road,125.11,
E02485,63,63 Highway,125.11,
E02569,,Airport Road,125.11,
E02567,63,63 Highway,125.11,
E02574,,Airport Road,125.11,
E02573,,Airport Road,125.11,
