track_id,category,alert,operator_lat,operator_lon
GEN-00001,drone,1,53.347479,-114.280958
GEN-00002,other,0,,
GEN-00004,bird,0,,
GEN-00006,bird,0,,
GEN-00007,bird,0,,
GEN-00011,other,0,,
GEN-00019,drone,1,53.344698,-114.281553
GEN-00020,other,0,,
GEN-00023,other,0,,
GEN-00029,other,0,,
GEN-00032,other,0,,
GEN-00035,drone,0,,
GEN-00038,other,0,,
GEN-00045,drone,0,,
GEN-00057,drone,0,,
GEN-00070,bird,0,,
GEN-00072,other,0,,
GEN-00075,bird,0,,
GEN-00085,other,0,,
GEN-00090,other,0,,
GEN-00091,bird,0,,
GEN-00092,other,0,,
GEN-00094,other,0,,
GEN-00097,bird,0,,
GEN-00100,bird,0,,
GEN-00108,other,0,,
GEN-00111,other,0,,
GEN-00112,bird,0,,
GEN-00113,bird,0,,
GEN-00114,other,0,,
GEN-00121,other,0,,
GEN-00125,bird,0,,
GEN-00126,other,0,,
GEN-00132,bird,0,,
GEN-00147,bird,0,,
GEN-00150,bird,0,,
GEN-00152,bird,0,,
GEN-00154,bird,0,,
GEN-00162,other,0,,
GEN-00164,other,0,,
GEN-00166,bird,0,,
GEN-00170,other,0,,
GEN-00174,drone,1,53.333183,-114.297389
GEN-00176,other,0,,
GEN-00179,other,0,,
GEN-00180,other,0,,
GEN-00182,bird,0,,
GEN-00186,other,0,,
GEN-00189,other,0,,
GEN-00196,bird,0,,
GEN-00200,bird,0,,
GEN-00201,drone,1,53.332057,-114.309758
GEN-00204,other,0,,
GEN-00207,other,0,,
GEN-00208,other,0,,
GEN-00209,other,0,,
GEN-00214,bird,0,,
GEN-00217,other,0,,
GEN-00220,bird,0,,
GEN-00229,other,0,,
GEN-00232,drone,0,53.344317,-114.308105
GEN-00235,other,0,,
GEN-00238,bird,0,,
GEN-00245,other,0,,
GEN-00252,bird,0,,
GEN-00253,other,0,,
GEN-00263,other,0,,
GEN-00265,other,0,,
GEN-00269,other,0,,
GEN-00274,drone,0,53.362827,-114.314331
GEN-00275,bird,0,,
GEN-00276,other,0,,
GEN-00277,bird,0,,
GEN-00279,other,0,,
GEN-00281,other,0,,
GEN-00284,other,0,,
GEN-00287,other,0,,
GEN-00289,other,0,,
GEN-00291,bird,0,,
GEN-00293,bird,0,,
GEN-00296,other,0,,
GEN-00301,bird,0,,
GEN-00303,other,0,,
GEN-00306,bird,0,,
GEN-00310,bird,0,,
GEN-00312,bird,0,,
GEN-00314,other,0,,
GEN-00316,other,0,,
GEN-00317,bird,0,,
GEN-00328,bird,0,,
GEN-00329,bird,0,,
GEN-00330,bird,0,,
GEN-00336,bird,0,,
GEN-00338,other,0,,
GEN-00339,other,0,,
GEN-00342,drone,1,53.324481,-114.313446
GEN-00344,other,0,,
GEN-00345,bird,0,,
GEN-00347,bird,0,,
GEN-00351,bird,0,,
GEN-00352,bird,0,,
RAH-00005,bird,0,,
RAH-00009,manned,0,,
RAH-00012,other,0,,
RAH-00014,other,0,,
RAH-00015,bird,0,,
RAH-00016,bird,0,,
RAH-00019,manned,0,,
RAH-00020,other,0,,
RAH-00022,bird,0,,
RAH-00024,bird,0,,
RAH-00029,bird,0,,
RAH-00030,other,0,,
RAH-00031,drone,0,,
RAH-00038,bird,0,,
RAH-00039,bird,0,,
RAH-00051,bird,0,,
RAH-00054,other,0,,
RAH-00057,manned,0,,
RAH-00062,drone,0,53.564621,-113.518135
RAH-00063,other,0,,
RAH-00068,other,0,,
RAH-00073,bird,0,,
RAH-00075,bird,0,,
RAH-00077,bird,0,,
RAH-00082,bird,0,,
RAH-00085,other,0,,
RAH-00086,other,0,,
RAH-00087,drone,1,,
RAH-00088,bird,0,,
RAH-00090,manned,0,,
RAH-00092,other,0,,
RAH-00094,other,0,,
RAH-00096,bird,0,,
RAH-00100,bird,0,,
RAH-00114,bird,0,,
RAH-00122,bird,0,,
RAH-00124,other,0,,
RAH-00131,bird,0,,
RAH-00136,other,0,,
RAH-00137,other,0,,
RAH-00139,other,0,,
RAH-00144,other,0,,
RAH-00156,bird,0,,
RAH-00159,bird,0,,
RAH-00160,bird,0,,
RAH-00163,other,0,,
RAH-00181,manned,0,,
RAH-00185,other,0,,
RAH-00186,manned,0,,
RAH-00190,other,0,,
RAH-00193,manned,0,,
RAH-00194,bird,0,,
RAH-00195,other,0,,
RAH-00198,drone,0,53.558002,-113.520228
RAH-00206,bird,0,,
RAH-00207,other,0,,
RAH-00209,other,0,,
RAH-00210,bird,0,,
RAH-00214,bird,0,,
RAH-00217,drone,1,53.5369,-113.499283
RAH-00221,bird,0,,
RAH-00225,bird,0,,
RAH-00226,other,0,,
RAH-00231,other,0,,
RAH-00236,bird,0,,
RAH-00237,bird,0,,
RAH-00243,drone,1,53.552479,-113.47313
RAH-00250,drone,1,53.546016,-113.470559
RAH-00251,other,0,,
RAH-00257,drone,1,53.54152,-113.505951
RAH-00260,other,0,,
RAH-00272,bird,0,,
RAH-00278,bird,0,,
RAH-00281,bird,0,,
RAH-00285,bird,0,,
RAH-00289,other,0,,
RAH-00293,drone,1,53.573152,-113.495986
RAH-00296,other,0,,
RAH-00305,bird,0,,
RAH-00306,bird,0,,
RAH-00309,bird,0,,
RAH-00310,manned,0,,
RAH-00311,manned,0,,
RAH-00313,bird,0,,
RAH-00321,drone,0,53.556057,-113.489255
RAH-00322,bird,0,,
RAH-00323,other,0,,
RAH-00327,other,0,,
RAH-00329,bird,0,,
RAH-00334,manned,0,,
RAH-00335,bird,0,,
RAH-00338,manned,0,,
RAH-00344,drone,0,53.553603,-113.516674
YEG-00002,manned,0,,
YEG-00005,bird,0,,
YEG-00006,bird,0,,
YEG-00007,other,0,,
YEG-00008,drone,0,53.326578,-113.617759
YEG-00010,bird,0,,
YEG-00018,bird,0,,
YEG-00019,other,0,,
YEG-00023,other,0,,
YEG-00027,bird,0,,
YEG-00035,other,0,,
YEG-00036,other,0,,
YEG-00038,other,0,,
YEG-00039,manned,0,,
YEG-00044,manned,0,,
YEG-00049,manned,0,,
YEG-00055,bird,0,,
YEG-00059,manned,0,,
YEG-00060,manned,0,,
YEG-00061,bird,0,,
YEG-00062,other,0,,
YEG-00064,drone,0,53.33043,-113.631633
YEG-00067,manned,0,,
YEG-00068,manned,0,,
YEG-00071,bird,0,,
YEG-00078,manned,0,,
YEG-00083,bird,0,,
YEG-00089,other,0,,
YEG-00090,manned,0,,
YEG-00093,other,0,,
YEG-00094,drone,0,53.316708,-113.627395
YEG-00095,bird,0,,
YEG-00102,other,0,,
YEG-00103,manned,0,,
YEG-00104,other,0,,
YEG-00107,manned,0,,
YEG-00114,manned,0,,
YEG-00123,manned,0,,
YEG-00126,manned,0,,
YEG-00133,bird,0,,
YEG-00139,bird,0,,
YEG-00140,other,0,,
YEG-00144,other,0,,
YEG-00145,other,0,,
YEG-00146,drone,0,53.32188,-113.514491
YEG-00152,bird,0,,
YEG-00157,other,0,,
YEG-00159,manned,0,,
YEG-00162,manned,0,,
YEG-00164,manned,0,,
YEG-00165,other,0,,
YEG-00166,bird,0,,
YEG-00168,bird,0,,
YEG-00169,bird,0,,
YEG-00171,bird,0,,
YEG-00172,other,0,,
YEG-00173,drone,0,53.322072,-113.521268
YEG-00176,manned,0,,
YEG-00178,other,0,,
YEG-00183,bird,0,,
YEG-00186,bird,0,,
YEG-00189,manned,0,,
YEG-00190,manned,0,,
YEG-00192,manned,0,,
YEG-00194,bird,0,,
YEG-00199,manned,0,,
YEG-00200,manned,0,,
YEG-00201,other,0,,
YEG-00208,other,0,,
YEG-00211,other,0,,
YEG-00213,other,0,,
YEG-00220,bird,0,,
YEG-00221,other,0,,
YEG-00222,manned,0,,
YEG-00223,other,0,,
YEG-00240,manned,0,,
YEG-00241,bird,0,,
YEG-00250,bird,0,,
YEG-00251,manned,0,,
YEG-00255,other,0,,
YEG-00256,manned,0,,
YEG-00258,bird,0,,
YEG-00260,bird,0,,
YEG-00262,manned,0,,
YEG-00263,other,0,,
YEG-00269,other,0,,
YEG-00273,bird,0,,
YEG-00274,bird,0,,
YEG-00279,manned,0,,
YEG-00284,other,0,,
YEG-00288,other,0,,
YEG-00293,manned,0,,
YEG-00306,drone,1,53.321559,-113.520214
YEG-00307,manned,0,,
YEG-00319,drone,0,53.323665,-113.494425
YEG-00323,bird,0,,
YEG-00325,other,0,,
YEG-00331,drone,0,53.327948,-113.617775
YEG-00332,manned,0,,
YEG-00337,manned,0,,
YEG-00338,drone,0,,
YEG-00341,drone,0,53.321536,-113.52726
YEG-00344,other,0,,
YEG-00345,manned,0,,
YEG-00347,drone,0,,
YEG-00348,manned,0,,
YEG-00353,manned,0,,
YEG-00357,manned,0,,
YEG-00359,manned,0,,
YEG-00360,other,0,,
YEG-00370,bird,0,,
YEG-00377,other,0,,
YEG-00378,bird,0,,
YEG-00382,bird,0,,
YEG-00384,manned,0,,
YEG-00386,bird,0,,
YEG-00393,bird,0,,
YEG-00394,manned,0,,
YEG-00395,drone,0,53.314222,-113.618576
YEG-00405,manned,0,,
YEG-00407,manned,0,,
YEG-00410,bird,0,,
YEG-00415,other,0,,
YEG-00418,other,0,,
YEG-00422,manned,0,,
YEG-00423,other,0,,
YEG-00425,manned,0,,
YEG-00426,manned,0,,
YEG-00429,drone,0,53.320343,-113.685316
YEG-00431,other,0,,
YEG-00435,other,0,,
YEG-00437,drone,1,53.32132,-113.520608
YEG-00440,bird,0,,
YEG-00442,other,0,,
YEG-00446,manned,0,,
YEG-00452,manned,0,,
YEG-00453,manned,0,,
YEG-00457,bird,0,,
YEG-00467,other,0,,
YEG-00468,bird,0,,
YEG-00471,bird,0,,
YEG-00475,other,0,,
YEG-00479,manned,0,,
YEG-00480,other,0,,
YEG-00482,manned,0,,
YEG-00487,other,0,,
YEG-00490,bird,0,,
YEG-00493,other,0,,
YEG-00494,bird,0,,
YEG-00495,manned,0,,
YEG-00497,manned,0,,
YEG-00498,manned,0,,
YEG-00515,bird,0,,
YEG-00517,other,0,,
YEG-00524,bird,0,,
YEG-00528,drone,0,53.313047,-113.578485
YEG-00533,manned,0,,
YEG-00535,bird,0,,
YEG-00540,manned,0,,
YEG-00544,bird,0,,
YEG-00547,other,0,,
YEG-00548,other,0,,
YEG-00550,manned,0,,
YEG-00551,manned,0,,
YEG-00552,manned,0,,
YEG-00554,manned,0,,
YEG-00557,drone,0,,
YEG-00560,other,0,,
YEG-00562,drone,0,,
YEG-00565,other,0,,
YEG-00568,bird,0,,
YEG-00570,other,0,,
YEG-00575,other,0,,
YEG-00576,bird,0,,
YEG-00580,other,0,,
YEG-00581,other,0,,
YEG-00582,other,0,,
YEG-00585,drone,0,53.318853,-113.654911
YEG-00595,manned,0,,
YEG-00597,other,0,,
YEG-00600,bird,0,,
YEG-00603,manned,0,,
YEG-00608,manned,0,,
YEG-00609,bird,0,,
YEG-00614,bird,0,,
YEG-00616,manned,0,,
YEG-00618,manned,0,,
YEG-00621,other,0,,
YEG-00626,other,0,,
YEG-00627,manned,0,,
YEG-00634,drone,0,53.319508,-113.626874
YEG-00635,manned,0,,
YEG-00638,other,0,,
YEG-00641,other,0,,
YEG-00647,manned,0,,
YEG-00649,bird,0,,
YEG-00650,other,0,,
YEG-00651,manned,0,,
YEG-00653,other,0,,
YEG-00654,other,0,,
YEG-00664,bird,0,,
YEG-00667,manned,0,,
YEG-00672,other,0,,
YEG-00673,bird,0,,
YEG-00675,manned,0,,
YEG-00677,bird,0,,
YEG-00686,drone,1,53.330461,-113.630013
YEG-00689,manned,0,,
YEG-00690,drone,0,,
YEG-00694,bird,0,,
YEG-00696,other,0,,
YEG-00697,drone,1,53.328554,-113.628215
YEG-00698,manned,0,,
YEG-00711,manned,0,,
YEG-00713,manned,0,,
YEG-00718,drone,0,,
YEG-00723,bird,0,,
YEG-00725,other,0,,
YEG-00727,manned,0,,
YEG-00729,other,0,,
YEG-00731,other,0,,
YEG-00733,bird,0,,
YEG-00736,other,0,,
YEG-00741,bird,0,,
YEG-00742,manned,0,,
