receiver_id,type,home,lat,lon
FIX01,fixed,Edmonton,53.5501,-113.4687
FIX02,fixed,Leduc,53.2668,-113.552
FIX03,fixed,Red Deer,52.2668,-113.802
FIX04,fixed,Calgary,51.0501,-114.0853
FIX05,fixed,Wetaskiwin,52.9668,-113.3687
FIX06,fixed,Camrose,53.0168,-112.8353
FIX07,fixed,St. Albert,53.6334,-113.6353
FIX08,fixed,Spruce Grove,53.5334,-113.9187
FIX09,fixed,Fort Saskatchewan,53.6981,-113.2138
FIX10,fixed,Lacombe,52.4668,-113.7353
FIX11,fixed,Airdrie,51.3001,-114.0353
FIX12,fixed,Stony Plain,53.5334,-114.0021
VEH01,vehicle,,,
VEH02,vehicle,,,
VEH03,vehicle,,,
VEH04,vehicle,,,
VEH05,vehicle,,,
VEH06,vehicle,,,
VEH07,vehicle,,,
VEH08,vehicle,,,
VEH09,vehicle,,,
VEH10,vehicle,,,
VEH11,vehicle,,,
VEH12,vehicle,,,
VEH13,vehicle,,,
VEH14,vehicle,,,
VEH15,vehicle,,,
VEH16,vehicle,,,
VEH17,vehicle,,,
VEH18,vehicle,,,
VEH19,vehicle,,,
VEH20,vehicle,,,
AC001,aircraft,CYEG,,
AC002,aircraft,CYEG,,
AC003,aircraft,CYEG,,
AC004,aircraft,CYEG,,
AC005,aircraft,CYEG,,
AC006,aircraft,CYEG,,
AC007,aircraft,CYEG,,
AC008,aircraft,CYEG,,
AC009,aircraft,CYEG,,
AC010,aircraft,CYEG,,
AC011,aircraft,CYEG,,
AC012,aircraft,CYEG,,
AC013,aircraft,CYEG,,
AC014,aircraft,CYEG,,
AC015,aircraft,CYEG,,
AC016,aircraft,CYEG,,
AC017,aircraft,CYEG,,
AC018,aircraft,CYEG,,
AC019,aircraft,CYEG,,
AC020,aircraft,CYEG,,
AC021,aircraft,CYEG,,
AC022,aircraft,CYEG,,
AC023,aircraft,CYEG,,
AC024,aircraft,CYEG,,
AC025,aircraft,CYEG,,
AC026,aircraft,CYEG,,
AC027,aircraft,CYEG,,
AC028,aircraft,CYEG,,
AC029,aircraft,CYEG,,
AC030,aircraft,CYEG,,
AC031,aircraft,CYEG,,
AC032,aircraft,CYEG,,
AC033,aircraft,CYEG,,
AC034,aircraft,CYEG,,
AC035,aircraft,CYEG,,
AC036,aircraft,CYEG,,
AC037,aircraft,CYEG,,
AC038,aircraft,CYEG,,
AC039,aircraft,CYEG,,
AC040,aircraft,CYEG,,
AC041,aircraft,CYEG,,
AC042,aircraft,CYEG,,
AC043,aircraft,CYEG,,
AC044,aircraft,CYEG,,
AC045,aircraft,CYEG,,
AC046,aircraft,CYEG,,
AC047,aircraft,CYEG,,
AC048,aircraft,CYEG,,
AC049,aircraft,CYEG,,
AC050,aircraft,CYEG,,
AC051,aircraft,CYEG,,
AC052,aircraft,CYEG,,
AC053,aircraft,CYEG,,
AC054,aircraft,CYEG,,
AC055,aircraft,CYEG,,
AC056,aircraft,CYEG,,
