ident,name,type,frequency_khz,latitude_deg,longitude_deg,elevation_ft,associated_airport
1A,Williams Harbour,NDB,373,52.55889892578125,-55.78219985961914,70.0,CCA6
1B,Sable Island,NDB,277,43.93059921264648,-60.02289962768555,,
1CD,Nanaimo,DME,111450,49.05720138549805,-123.87200164794922,83.0,CYCD
1D,Charlottetown,NDB,346,52.775001525878906,-56.124000549316406,209.0,CCH4
1E,Black Tickle,NDB,349,53.46670150756836,-55.78739929199219,,CCE4
1F,Manta,NDB,363,47.63059997558594,-65.74469757080078,193.0,CZBF
1K,Zama Lake,NDB,227,59.02330017089844,-118.84300231933594,,CA-1043
1S,North Of Sixty,NDB,350,60.31890106201172,-103.12899780273438,,CKV4
1T,Lloydminster,DME,110700,53.31330108642578,-110.08000183105467,2210.0,CYLL
1U,Masset,NDB,278,54.031700134277344,-132.1269989013672,25.0,CZMT
1W,Sandy Bay,NDB,412,55.54330062866211,-102.2760009765625,1000.0,CJY4
2A,South Indian Lake,NDB,300,56.79389953613281,-98.904296875,974.0,CZSN
2B,Springdale,NDB,364,49.4900016784668,-56.18470001220703,250.0,CCD2
2F,Bathurst,DME,114400,47.63140106201172,-65.74440002441406,191.0,CZBF
2H,Lebel-sur-Quevillon,NDB,261,49.0372009277,-77.0207977295,,CSH4
2J,Grand Forks,NDB-DME,250,49.01750183105469,-118.42400360107422,1720.0,CZGF
2K,Camrose,NDB,405,53.03219985961914,-112.81300354003906,2426.0,CEQ3
2K,Camrose,DME,108200,53.03279876708984,-112.81400299072266,2449.0,CEQ3
2M,Opapimiskan Lake,NDB,393,52.60309982299805,-90.37439727783205,934.0,CKM8
2Q,Mont-Laurier,NDB,373,46.602500915527344,-75.47059631347656,,CSD4
2S,High Prairie,NDB-DME,406,55.395599365234375,-116.48400115966795,2005.0,CZHP
2T,Pokemouche,NDB,329,47.71500015258789,-64.88580322265625,68.0,CDA4
2U,Mackenzie Bc,NDB-DME,284,55.3036003112793,-123.13700103759766,2303.0,CYZY
2Z,Diavik,NDB,382,64.51000213623047,-110.30699920654295,,CDK2
2Z,Diavik,DME,111250,64.50830078125,-110.30699920654295,1413.0,CDK2
3D,Cumberland House,NDB,398,53.95719909667969,-102.2969970703125,877.0,CJT4
3F,Ile-A-La-Crosse,NDB,384,55.4838981628418,-107.93099975585938,1394.0,CJF3
3H,Consort,NDB,276,52.02280044555664,-110.74600219726562,2499.0,CFG3
3I,Mobil Sierra,NDB,397,58.798301696777344,-121.34500122070312,,
3M,Drayton Valley Industrial,NDB-DME,385,53.26639938354492,-114.95500183105467,2785.0,CER3
3N,Weyburn,NDB,298,49.6963996887207,-103.8040008544922,1963.0,CJE3
3P,Muddy Lake,NDB,242,58.23690032958984,-132.1959991455078,,
3R,Postville,NDB,366,54.907501220703125,-59.79690170288086,193.0,CCD4
3X,Cluff Lake,NDB,243,58.36029815673828,-109.5250015258789,,CJS3
3Y,Donnelly,NDB-DME,234,55.71060180664063,-117.0999984741211,1949.0,CFM4
3Z,Russell,NDB,263,50.764198303222656,-101.2959976196289,1825.0,CJW5
3Z,Taber,NDB-DME,388,49.825801849365234,-112.1780014038086,2648.0,CED5
4A,Koala,NDB-DME,350,64.6980972290039,-110.60900115966795,1540.0,CYOA
4B,Little Grand Rapids,NDB,280,52.0442008972168,-95.46189880371094,1005.0,CZGR
4D,Helmet,NDB,364,59.4213981628418,-120.78900146484376,2025.0,CBH2
4G,Cross Lake,NDB,353,54.610801696777344,-97.7664031982422,709.0,CYCR
4H,Points North Landing,NDB,368,58.26919937133789,-104.08000183105467,1620.0,CYNL
4J,Knee Lake,NDB,314,54.88330078125,-94.8000030517578,,CJT3
4K,St Theresa Point,NDB,362,53.845001220703125,-94.84940338134766,773.0,CYST
4L,Chatham,NDB,236,42.31230163574219,-82.07769775390625,650.0,CYCK
4M,Red Sucker Lake,NDB,399,54.16889953613281,-93.56320190429688,729.0,CYRS
4N,Oxford House,NDB,386,54.9286003112793,-95.28250122070312,688.0,CYOH
4O,Swan Hills,NDB,251,54.67499923706055,-115.42400360107422,3473.0,CEM5
4Q,Brochet,NDB,347,57.88610076904297,-101.677001953125,1136.0,CYBT
4T,Shamattawa,NDB,280,55.85929870605469,-92.08599853515624,289.0,CZTM
4V,Lac Brochet,NDB,371,58.61830139160156,-101.47000122070312,1257.0,CZWH
4W,Kelsey,NDB,391,56.03749847412109,-96.51280212402344,600.0,CZEE
4X,Lac Du Bonnet,NDB,386,50.29029846191406,-96.01419830322266,850.0,CYAX
4Y,Key Lake,NDB,376,57.25419998168945,-105.62200164794922,1670.0,CYKJ
5B,Summerside,NDB,254,46.39690017700195,-63.88169860839844,,CYSU
5F,Fox Creek,NDB-DME,353,54.37939834594727,-116.76000213623048,2841.0,CED4
5J,Coronation,NDB,328,52.07440185546875,-111.447998046875,2595.0,CYCT
5L,Donaldson,NDB,233,61.66469955444336,-73.29190063476562,1888.0,CTP9
5M,Sparwood,NDB,200,49.8372001648,-114.884002686,3800.0,CYSW
5O,Gods River,NDB,350,54.84189987182617,-94.06909942626952,676.0,CJT3
5Q,Fontanges,NDB,239,54.560001373291016,-71.17109680175781,1552.0,CTU2
5U,Fort Vermilion,NDB-DME,261,58.40250015258789,-115.95099639892578,836.0,CEZ4
5V,Drumheller,NDB-DME,395,51.50249862670898,-112.7509994506836,2625.0,CEG4
5W,Leaf Rapids,NDB,226,56.51169967651367,-99.98390197753906,959.0,CYLR
5Y,Trenton,NDB,361,45.61180114746094,-62.625099182128906,317.0,CYTN
6E,Grand Manan,NDB,387,44.715599060058594,-66.80220031738281,238.0,CCN2
6F,Port Hope Simpson,NDB,367,52.520301818847656,-56.29520034790039,347.0,CCP4
6G,Red Deer,DME,111600,52.18119812011719,-113.88300323486328,2985.0,CYQF
6K,Vernon Bc,NDB,302,50.34999847412109,-119.26000213623048,,CYVK
6M,Belleville,NDB,283,44.19499969482422,-77.30829620361328,320.0,CNU4
6Q,Cigar Lake,NDB,222,58.06969833374024,-104.53900146484376,,CJW7
6X,York Landing,NDB,339,56.08829879760742,-96.0969009399414,609.0,CZAC
6Z,La Loche,NDB,410,56.47829818725586,-109.4010009765625,1500.0,CJL4
7B,St Thomas,NDB,375,42.77090072631836,-81.10569763183594,776.0,CYQS
7C,Fogo,NDB,237,49.661598205566406,-54.24509811401367,97.0,CDY3
7D,Hudson Bay,NDB,337,52.847801208496094,-102.18699645996094,,CYHB
7F,Collins Bay,NDB,400,58.22829818725586,-103.68299865722656,1340.0,CYKC
7H,Marystown,NDB,234,47.138301849365234,-55.32500076293945,96.0,CCC2
7J,Forestburg,NDB,261,52.57640075683594,-112.08599853515624,2352.0,CA-1023
7L,La Sarre,NDB,405,48.91059875488281,-79.17890167236328,1048.0,CSR8
7P,Iroquois Falls,NDB,382,48.70840072631836,-80.73590087890625,,CNE4
7V,Jasper-Hinton,NDB,233,53.32109832763672,-117.75499725341795,4026.0,CEC4
8A,Carlyle,NDB,310,49.645599365234375,-102.28099822998048,2074.0,CJQ3
8C,Fairview,NDB-DME,295,56.07559967041016,-118.44100189208984,2190.0,CEB5
8F,Debert,NDB,239,45.422000885009766,-63.459598541259766,142.0,CCQ3
8G,Stettler,NDB-DME,286,52.30830001831055,-112.75399780273438,2700.0,CEJ3
8H,St Paul,NDB,375,53.99190139770508,-111.39099884033205,2147.0,CEW3
8J,Provost,NDB,208,52.332801818847656,-110.27300262451172,2216.0,CEH6
8J,Provost,DME,109000,52.33359909057617,-110.27300262451172,2216.0,CEH6
8K,Valleyview,NDB,229,55.034400939941406,-117.28900146484376,2450.0,CEL5
8M,Elk Point,NDB-DME,414,53.89030075073242,-110.76799774169922,1999.0,CEJ6
8N,Edson,NDB-DME,393,53.5807991027832,-116.45500183105467,3066.0,CYET
9A,Hanna,NDB,221,51.62779998779297,-111.9010009765625,2738.0,CEL4
9G,Sundre,NDB,405,51.77999877929688,-114.68299865722656,3656.0,CFN7
9H,La Grande 3,NDB,235,53.57379913330078,-76.20079803466797,774.0,CYAD
9Q,Amos,NDB,291,48.55759811401367,-78.24310302734375,1068.0,CYEY
9S,Powell River Bc,DME,109300,49.83560180664063,-124.4990005493164,425.0,CYPW
9X,Brooks,NDB-DME,227,50.63219833374024,-111.9219970703125,2499.0,CYBP
9Y,Pincher Creek,NDB,311,49.52330017089844,-113.9990005493164,,CZPC
9Z,Westlock,NDB-DME,236,54.14310073852539,-113.7480010986328,2230.0,CES4
A1,Taltheilei Narrows,NDB,264,62.59469985961914,-111.5189971923828,570.0,CFA7
A5,Chinchaga,NDB,317,57.54499816894531,-119.11100006103516,2280.0,CA-1022
A9,Liverpool,NDB,330,44.22700119018555,-64.8584976196289,314.0,CYAU
AC,Pleasant Lake,NDB,230,43.86090087890625,-66.0436019897461,141.0,CYQI
AP,Active Pass,NDB,378,48.8739013671875,-123.29000091552734,,
AY,St Anthony,NDB,356,51.38639831542969,-56.09659957885742,92.0,CYAY
B5,Gunisao Lake,NDB,254,53.52220153808594,-96.37529754638672,886.0,CJK2
BC,Baie Comeau,NDB,414,49.117801666259766,-68.32610321044922,,CYBC
BD,Baildon,NDB,375,50.29169845581055,-105.44200134277344,,CYMJ
BK,Baker Lake,NDB,224,64.314697265625,-96.064697265625,140.0,CYBK
BM,Balmoral,NDB,375,50.13719940185547,-97.30970001220705,,
BR,Brandon,NDB,233,49.90779876708984,-100.072998046875,,CYBR
BV,Champlain,NDB,336,46.87120056152344,-71.28140258789062,,CYQB
BX,Blanc Sablon,NDB,220,51.4213981628418,-57.20309829711914,213.0,CYBX
BY,Beechy,NDB,212,50.84189987182617,-107.45999908447266,,CA-1053
C7,Geraldton,NDB,362,49.77230072021485,-86.97139739990234,1144.0,CYGQ
CA,Cartwright,NDB,281,53.71060180664063,-57.01789855957031,,CYCA
CB,Cambridge Bay,NDB,245,69.11360168457031,-105.01499938964844,,CYCB
CG,Castlegar,NDB,227,49.44720077514648,-117.5749969482422,,CYCG
CL,Charlo,NDB,207,48.0088996887207,-66.43689727783203,,CYCL
D1,Great Bear Lake,NDB,367,66.70890045166016,-119.6719970703125,562.0,CFF4
D3,Ponoka Indus,NDB,363,52.68330001831055,-113.6060028076172,,CEH3
D4,Rocanville,NDB,304,50.46500015258789,-101.552001953125,1585.0,CKH2
D5,Melfort,NDB,391,52.87139892578125,-104.80599975585938,,CJZ3
D5,Mcarthur River,NDB,405,57.76919937133789,-105.0199966430664,,CKQ8
D6,Fairmont Hot Springs,NDB-DME,261,50.32690048217773,-115.8769989013672,2661.0,CYCZ
D7,Kincardine,NDB,350,44.203399658203125,-81.60320281982422,768.0,CYKM
D8,Dolbeau,NDB,386,48.78369903564453,-72.46790313720703,,CYDO
DA,Dawson City,NDB,214,64.02890014648438,-139.16799926757812,1214.0,CYDA
DC,Princeton,NDB,326,49.46939849853516,-120.51699829101562,2298.0,CYDC
DN,Dauphin,NDB,224,51.09809875488281,-100.06199645996094,999.0,CYDN
E2,Tisdale,NDB,295,52.798099517822266,-104.03900146484376,,CJY3
E3,Wabasca,NDB-DME,361,55.963600158691406,-113.8239974975586,1840.0,CEE5
EF,Champion,NDB,206,49.25609970092773,-117.63500213623048,,CYCG
EV,Inuvik,NDB,254,68.32610321044922,-133.59300231933594,,CYEV
EX,Rutland,NDB,374,49.939701080322266,-119.3759994506836,1409.0,CYLW
F4,Little Cornwallis Island,NDB,402,75.39409637451172,-96.9459991455078,234.0,
F6,Chetwynd,NDB,210,55.69440078735352,-121.53700256347656,,CYCQ
F7,Georgian Bay,NDB,353,45.26890182495117,-79.83670043945312,832.0,CNK4
F8,Victoriaville,NDB,384,46.110599517822266,-71.9271011352539,486.0,CSR3
F9,Miramichi,NDB,520,47.0099983215332,-65.46749877929688,110.0,CYCH
F9,Miramichi,DME,110900,47.0093994140625,-65.46690368652344,110.0,CYCH
FC,Fredericton,NDB,326,45.91730117797852,-66.59970092773438,67.0,CYFC
FD,Brantford,NDB,207,43.07339859008789,-80.41619873046875,,CYFD
FE,Forestville,NDB,239,48.72999954223633,-69.16329956054688,,CYFE
FK,Junction,NDB,335,49.26309967041016,-57.308101654052734,,CYDF
FO,Flin Flon,NDB,250,54.67530059814453,-101.66899871826172,1126.0,CYFO
FR,Fort Resolution,NDB,274,61.15420150756836,-113.63899993896484,,CYFR
FS,Fort Simpson,NDB,375,61.78580093383789,-121.26100158691406,,CYFS
G6,La Biche River,NDB,391,60.12860107421875,-124.0510025024414,1356.0,CFP6
GD,Goderich,NDB,261,43.74639892578125,-81.73069763183594,,CYGD
GF,Aylesford,NDB,341,45.02389907836914,-64.810302734375,,CYZX
GH,Fort Good Hope,NDB,266,66.26249694824219,-128.62100219726562,268.0,CYGH
GL,La Grande Riviere,NDB,201,53.630401611328125,-77.70390319824219,638.0,CYGL
GP,Gaspe,NDB,232,48.76810073852539,-64.38520050048828,,CYGP
GR,Grindstone,NDB,370,47.375,-61.90719985961914,,CYGR
GW,Jarpik,NDB,371,55.28459930419922,-77.75140380859375,60.0,CYGW
GX,Gillam,DME,114400,56.35749816894531,-94.7039031982422,511.0,
H7,Manitoulin,NDB,388,45.841400146484375,-81.85279846191406,,CYEM
HE,Hope,NDB,245,49.38639831542969,-121.42400360107422,,CYHE
HI,Holman,NDB,361,70.76219940185547,-117.79000091552734,,CYHI
HM,Hamilton,NDB,221,43.12120056152344,-80.00679779052734,,CYHM
I6R,Bromont,DME,110700,45.29779815673828,-72.73320007324219,374.0,CZBM
IB,Atikokan,NDB,209,48.82529830932617,-91.57759857177734,,CYIB
IBL,Campbell River,DME,109100,49.95249938964844,-125.2760009765625,347.0,CYBL
IBX,Lourdes-De-Blanc-Sablon,DME,109100,51.44919967651367,-57.18159866333008,121.0,CYBX
IDC,Fredericton,DME,111300,45.86309814453125,-66.54779815673828,79.0,CYFC
IEV,Inuvik,DME,110300,68.30280303955078,-133.4530029296875,245.0,CYEV
IFB,Iqualuit,DME,109900,63.75,-68.54419708251953,116.0,CYFB
IGV,Havre St Pierre,DME,109300,50.28689956665039,-63.596099853515625,124.0,CYGV
IHD,Dryden Regional,DME,109700,49.834999084472656,-92.74970245361328,1354.0,CYHD
IHR,Chevery,DME,109700,50.474700927734375,-59.62580108642578,39.0,CYHR
IHZ,Halifax,DME,109100,44.892799377441406,-63.51309967041016,495.0,CYHZ
IIF,St-Augustin,DME,108700,51.19940185546875,-58.65470123291016,33.0,CYIF
IJS,Toronto,DME,109100,43.66310119628906,-79.61859893798828,588.0,CYYZ
IKZ,Buttonville,DME,111100,43.85580062866211,-79.36329650878906,650.0,CA-1108
IMK,Vancouver,DME,111100,49.19670104980469,-123.1999969482422,16.0,CYVR
INV,Toronto,DME,109300,43.67559814453125,-79.59940338134766,565.0,CYYZ
IOA,Montreal Dorval Intl,DME,110500,45.45920181274414,-73.73750305175781,117.0,CYUL
IOO,Oshawa,DME,111350,43.91859817504883,-78.88580322265625,456.0,CYOO
IOW,Ottawa,DME,109500,45.31380081176758,-75.66680145263672,374.0,CYOW
IPR,Prince Rupert,DME,109700,54.29059982299805,-130.4510040283203,91.0,CYPR
IQH,Watson Lake,DME,110300,60.11920166015625,-128.82899475097656,2297.0,
IQX,Gander,DME,109500,48.95059967041016,-54.56029891967773,496.0,CYQX
IRD,Vancouver,DME,111900,49.20199966430664,-123.16400146484376,28.0,CYVR
IRJ,Roberval,DME,110300,48.52690124511719,-72.27420043945312,610.0,CYRJ
ITF,Alma,DME,110700,48.505001068115234,-71.6322021484375,445.0,CYTF
ITO,Toronto,DME,110950,43.6702995300293,-79.6343994140625,565.0,CYYZ
ITZ,City Centre,DME,110150,43.627201080322266,-79.39939880371094,286.0,CYTZ
IUL,Montreal,DME,109300,45.46419906616211,-73.76329803466797,117.0,CYUL
IUY,Rouyn,DME,109900,48.21110153198242,-78.81829833984375,1004.0,CYUY
IV,Island Lake,DME,116000,53.85340118408203,-94.6532974243164,806.0,CYIV
IVR,Vancouver,DME,109500,49.1880989074707,-123.2020034790039,14.0,CYVR
IXC,Cranbrook,DME,110300,49.61640167236328,-115.78299713134766,3082.0,CYXC
IXD,Edmonton Muni,DME,109500,53.56890106201172,-113.51100158691406,2200.0,CA-1110
IXT,Terrace,DME,110100,54.46080017089844,-128.58799743652344,713.0,
IYC,Calgary,DME,111500,51.09920120239258,-114.02300262451172,3551.0,CEQ3
J7,One Hunderd Eight Mile,NDB-DME,285,51.74330139160156,-121.33699798583984,3164.0,CZML
JB,Laberge,NDB,236,60.94889831542969,-135.13800048828125,,CYXY
JT,Stephenville,NDB,390,48.54389953613281,-58.75479888916016,,CYJT
JW,Pigeon,NDB,388,51.04499816894531,-114.62999725341795,,
K2,Olds-Didsbury,NDB,376,51.71030044555664,-114.10900115966795,3360.0,CEA3
K5,Maple Creek,NDB,238,49.89690017700195,-109.48400115966795,2517.0,CJQ4
K7,Ste-Anne-Des-Monts,NDB,211,49.12860107421875,-66.55000305175781,,CYSZ
K8,Nemiscau,NDB,214,51.68889999389648,-76.13420104980469,804.0,CYHH
KL,Schefferville,NDB,203,54.84939956665039,-66.86219787597656,,CYKL
KR,Squaw,NDB,323,54.79869842529297,-66.80480194091797,1713.0,CYKL
KZ,Buttonville,NDB,248,43.93370056152344,-79.3292007446289,,CA-1108
L4,Nipawin,NDB,402,53.33470153808594,-104.00900268554688,1220.0,CYBU
L7,Estevan,NDB,395,49.209999084472656,-102.86000061035156,,CYEN
LF,La Salle,NDB,336,49.64250183105469,-97.3000030517578,,
LT,Alert,NDB,305,82.52580261230469,-62.21139907836914,100.0,CYLT
LU,Cultus,NDB,214,49.02109909057617,-122.0500030517578,,
LW,Kelowna,NDB,257,50.06079864501953,-119.41600036621094,,CYLW
M3,Kindersley,NDB,402,51.5171012878418,-109.1780014038086,2277.0,CYKY
M4,Gimli Indus Park,NDB,296,50.63410186767578,-97.043701171875,755.0,CYGM
M5,Manning,NDB-DME,307,56.94860076904297,-117.62799835205078,1620.0,CFX4
M9,Kathlyn,NDB,240,54.82469940185547,-127.18000030517578,1712.0,CYYD
MA,Mayo,NDB,365,63.62860107421875,-135.89300537109375,,CYMA
MB,Mill Bay,NDB,293,48.67169952392578,-123.53500366210938,,CYYJ
ME,Matane,NDB,216,48.83330154418945,-67.54940032958984,,CYME
ML,Charlevoix,NDB,392,47.62329864501953,-70.32440185546875,,CYML
MM,Fort Mcmurray,NDB,388,56.653900146484375,-111.33599853515624,,CYMM
MO,Moosonee,NDB,224,51.28229904174805,-80.62789916992188,,CYMO
MS,Mcinnes Island,NDB,388,52.26139831542969,-128.72300720214844,,
MT,Chiboo,NDB,209,49.79970169067383,-74.49559783935547,,CYMT
N4,Swan River,NDB,350,52.11529922485352,-101.23500061035156,1100.0,CZJN
N9,Tumbler,NDB,346,55.026100158691406,-120.93599700927734,3075.0,CBX7
,Natash,NDB,385,50.222198486328125,-61.84170150756836,,CYNA
NE,Norway House,DME,115100,53.97200012207031,-97.8416976928711,791.0,CYNE
NI,Assiniboia,NDB,278,49.72829818725586,-105.9489974975586,2370.0,CJN4
NM,Matagami,NDB,278,49.723899841308594,-77.74169921875,923.0,CYNM
NY,Enderby,NDB,350,50.650001525878906,-118.9260025024414,,
OO,Oshawa,NDB,391,43.9208984375,-78.90029907226562,459.0,CYOO
OU,Ste-Foy,NDB,329,46.77780151367188,-71.28980255126953,,CYQB
OW,Ottawa,NDB,236,45.36000061035156,-75.56109619140625,,CYOW
P2,Wetaskiwin,NDB-DME,334,52.96689987182617,-113.41200256347656,2540.0,CEX3
PA,Prince Albert,NDB,347,53.21810150146485,-105.79499816894533,,CYPA
PEC,Jasper-Hinton,DME,111900,53.32109832763672,-117.75499725341795,4026.0,CEC4
PG,Portage,NDB,353,49.84180068969727,-98.17960357666016,975.0,CYPG
PH,Inukjuak,NDB,396,58.46780014038086,-78.07330322265625,180.0,CYPH
PJ,Robinson,NDB,329,60.43939971923828,-134.86099243164062,,CYXY
PL,Pickle Lake,DME,113700,51.44309997558594,-90.22360229492188,1261.0,CYPL
PN,Port Menier,NDB,360,49.83760070800781,-64.38629913330078,,CYPN
PR,Prince Rupert,NDB,218,54.263301849365234,-130.4239959716797,,CYPR
PY,Fort Chipewyan,NDB,207,58.76169967651367,-111.10900115966795,761.0,CYPY
Q1,Tadoule Lake,NDB,389,58.70980072021485,-98.50499725341795,929.0,CYBQ
Q5,Grande Cache,NDB,300,53.91809844970703,-118.86799621582033,4117.0,CA-1029
Q5,Grande Cache,DME,110800,53.91749954223633,-118.88099670410156,4145.0,CA-1029
QB,Quebec,NDB,230,46.74980163574219,-71.46260070800781,243.0,CYQB
QD,The Pas,NDB,284,53.97859954833984,-101.08100128173828,889.0,CYQD
QG,Windsor,NDB,353,42.312801361083984,-82.86849975585938,,CYQG
QH,Watson Lake,NDB,248,60.17689895629883,-128.8459930419922,,CYQH
QI,Yarmouth,NDB,206,43.793399810791016,-66.1260986328125,141.0,CYQI
QL,Lethbridge,NDB,248,49.60530090332031,-112.8939971923828,,CYQL
QM,Moncton,NDB,224,46.11000061035156,-64.58180236816406,,CYQM
QN,Nakina,NDB,233,50.18009948730469,-86.62920379638672,,CYQN
QQ,Comox,NDB,400,49.75389862060547,-124.95800018310548,,CYQQ
QR,Regina,NDB,290,50.36970138549805,-104.572998046875,,CYQR
QT,Thunder Bay,NDB,332,48.34669876098633,-89.43370056152344,,CYQT
QU,Grande Prairie,NDB,221,55.13779830932617,-118.81400299072266,,CYQU
QW,North Battleford,NDB,302,52.80390167236328,-108.33499908447266,,CYQW
QX,Gander,NDB,280,48.96440124511719,-54.6682014465332,496.0,CYQX
QY,Sydney,NDB,263,46.21149826049805,-59.97560119628906,,CYQY
R1,Thetford Mines,NDB,275,46.04560089111328,-71.26789855957031,1408.0,CSM3
R5,Pukatawagan,NDB,367,55.74919891357422,-101.26100158691406,958.0,CZFG
RB,Resolute Bay,NDB,350,74.74690246582031,-94.99500274658205,,CYRB
RI,Riviere Du Loup,NDB,201,47.76369857788086,-69.5781021118164,427.0,CYRI
RJ,Roberval,NDB,378,48.5447998046875,-72.29460144042969,586.0,CYRJ
RL,Red Lake,NDB,218,51.06079864501953,-93.78489685058594,1280.0,CYRL
RT,Rankin Inlet,NDB,284,62.82529830932617,-92.1093978881836,102.0,CYRT
RU,Cape Martyr,NDB,391,74.67530059814453,-94.9302978515625,,CYRB
S7,Hanover,NDB,268,44.16230010986328,-81.0604019165039,939.0,CYHS
SB,Sudbury,NDB,362,46.64810180664063,-80.92279815673828,,CYSB
SJ,Saint John,NDB,212,45.391700744628906,-65.81880187988281,,CYSJ
SM,Fort Smith,NDB,254,59.97140121459961,-111.85700225830078,,CYSM
SN,St. Catharines,NDB,408,43.1469993591,-79.25479888919999,,CYSN
SX,Skookum,NDB,368,49.95500183105469,-115.79199981689452,2830.0,
T8,St-Frédéric,NDB,257,46.33359909057617,-70.96420288085938,1000.0,CSZ4
TB,Skeena,NDB,254,54.4827995300293,-128.59100341796875,713.0,CYXT
TH,Thompson,NDB,244,55.79449844360352,-97.8542022705078,729.0,CYTH
TS,Timmins,NDB,212,48.56529998779297,-81.45249938964844,,CYTS
TV,Turner Valley,NDB,299,50.75,-114.36900329589844,,CFY6
TZ,Gibraltar Point,NDB,257,43.61280059814453,-79.3855972290039,,CYTZ
U6,Creston,NDB,360,49.04309844970703,-116.4800033569336,2070.0,CAJ3
UAU,Mckay,TACAN,112500,48.37360000610352,-89.3290023803711,682.0,CYQT
UAW,Shearwater,TACAN,110100,44.63809967041016,-63.49649810791016,146.0,CYAW
UB,Tuktoyaktuk,NDB,380,69.434403,-133.016998,15.0,CYUB
UDE,Delta,NDB,269,50.16640090942383,-98.30729675292967,,
UFX,St-Felix-de-Valois,NDB,260,46.19229888916016,-73.41909790039062,,CSE3
UHA,Quaqtaq,NDB,285,61.042701721191406,-69.6272964477539,104.0,CYHA
UL,Montreal,NDB,248,45.459999084472656,-73.84829711914062,117.0,CYUL
ULT,Alert,TACAN,110700,82.51730346679688,-62.31169891357422,72.0,CYLT
UM,Churchill Falls,NDB,233,53.590599060058594,-64.23560333251953,,CZUM
UNT,Naramata,NDB,312,49.597198486328125,-119.60299682617188,,CYYF
UOD,Cold Lake,TACAN,113500,54.408599853515625,-110.2959976196289,1806.0,CYOD
UQQ,Comox,TACAN,110400,49.712501525878906,-124.8939971923828,80.0,CYQQ
UTR,Trenton,TACAN,109700,44.12120056152344,-77.52890014648438,285.0,CYTR
UX,Hall Beach,NDB,378,68.76719665527344,-81.25640106201172,,CYUX
UYR,Goose,TACAN,110300,53.31969833374024,-60.416500091552734,200.0,CYYR
UYT,St.John's,TACAN,108600,47.6272010803,-52.7481994629,491.0,CYYT
UZV,Sept Iles,TACAN,114500,50.223899841308594,-66.26609802246094,169.0,CYZV
UZX,Greenwood,TACAN,117600,44.98040008544922,-64.92769622802734,117.0,CYZX
V1,Moose Jaw Muni,NDB,272,50.43330001831055,-105.38700103759766,1896.0,CJS4
V2,Humboldt,NDB,277,52.174198150634766,-105.1240005493164,1865.0,CJU4
V4,Bonnyville,NDB,296,54.305301666259766,-110.74400329589844,1836.0,CYBF
V6,Salmon Arm,NDB-DME,208,50.68610000610352,-119.23300170898438,1730.0,CZAM
VBI,Sioux Narrows,VORTAC,115200,49.47669982910156,-94.04669952392578,1312.0,CYQK
VBS,Saguenay,VOR-DME,114200,48.0172004699707,-71.26930236816406,2918.0,
VC,La Ronge,NDB,317,55.08610153198242,-105.31800079345705,,CYVC
VIE,Coehill,VOR-DME,115100,44.6609001159668,-77.88809967041016,902.0,
VLN,Lumsden,VORTAC,114200,50.66699981689453,-104.88999938964844,1895.0,CKH8
VLR,Langruth,VORTAC,112200,50.42219924926758,-98.72370147705078,935.0,
VLV,Beauce,VOR-DME,117200,45.92499923706055,-70.84609985351562,1584.0,CYSG
VO,Val-d'Or,NDB,239,48.0567016602,-77.793296814,1106.0,CYVO
VQ,Norman Wells,NDB,326,65.25279998779297,-126.66999816894533,,CYVQ
VR,Vancouver,NDB,266,49.17279815673828,-123.05699920654295,,CYVR
VX,Dafoe,NDB,368,51.87310028076172,-104.56999969482422,,
W2,Kirby,NDB,283,55.35559844970703,-110.62999725341795,2245.0,
W4,Jenpeg,NDB,323,54.52000045776367,-98.04340362548828,730.0,CZJG
W6,Creston North,NDB,233,49.17639923095703,-116.6050033569336,,
W7,Pabok (Du Rocher-Perce),NDB,219,48.38169860839844,-64.56390380859375,87.0,CTG3
WC,White Rock,NDB,332,49.003299713134766,-122.75,,CYVR
WG,Winnipeg,NDB,248,49.899200439453125,-97.34919738769533,,CYWG
WK,Wabush,NDB,218,52.86180114746094,-66.83489990234375,,CYWK
X2,Athabasca,NDB-DME,329,54.73749923706055,-113.1999969482422,1990.0,CYWM
X7,Donaldson,VOR-DME,114500,61.66059875488281,-73.31719970703125,1906.0,CTP9
XBG,Bagotville,TACAN,111800,48.329498291015625,-70.99569702148438,531.0,CYBG
XC,Cranbrook,NDB,242,49.682498931884766,-115.78299713134766,,CYXC
XCG,Castlegar,DME,110100,49.252201080322266,-117.66300201416016,1695.0,CYCG
XD,Edmonton,NDB,266,53.64360046386719,-113.51300048828124,,CA-1110
XE,Saskatoon,NDB,257,52.189701080322266,-106.81400299072266,,CYXE
XG,Lakeshore,NDB,338,60.11280059814453,-128.7989959716797,2262.0,CYQH
XH,Medicine Hat,NDB,332,50.01309967041016,-110.79900360107422,,CYXH
XJ,Fort St.jJhn,NDB,326,56.284400939941406,-120.84500122070312,,CYXJ
XL,Sioux Lookout,DME,113100,50.117801666259766,-91.89859771728516,1337.0,CYXL
XPP,Kamloops,DME,109900,50.70610046386719,-120.45999908447266,1129.0,CYKA
XS,Prince George,NDB,272,53.82830047607422,-122.65399932861328,,CYXS
XT,Terrace,NDB,332,54.3739013671875,-128.58299255371094,,CYXT
XX,Abbotsford,NDB,344,49.01559829711914,-122.48799896240234,124.0,CYXX
XY,Whitehorse,NDB,302,60.77280044555664,-135.10499572753906,,CYXY
XYF,Penticton,DME,110300,49.45249938964844,-119.60399627685548,1114.0,CYYF
XZ,Wawa,NDB,205,48.02170181274414,-84.74720001220703,,CYXZ
Y3,Bonnyville,DME,109800,54.306400299072266,-110.74400329589844,1864.0,CYBF
Y5,Slave Lake,DME,111000,55.29439926147461,-114.7760009765625,1935.0,CYZH
Y8,Drummondville,NDB,401,45.84749984741211,-72.3989028930664,365.0,CSC3
Y9,Digby,NDB,220,44.54759979248047,-65.78910064697266,499.0,CYID
YAG,Fort Frances,NDB,376,48.689701080322266,-93.53910064697266,,CYAG
YAN,Ameson,VOR-DME,112400,49.778099060058594,-84.59110260009766,870.0,
YAQ,Kasabonika,NDB,200,53.5275993347168,-88.62920379638672,621.0,CYAQ
YAS,Kangirsuk,NDB,221,60.02569961547852,-70.00469970703125,383.0,CYAS
YAT,Wapisk,NDB,260,52.93040084838867,-82.43350219726562,31.0,CYAT
YAY,St.aAthony nNld,VOR-DME,113700,51.39390182495117,-56.08390045166016,114.0,CYAY
YAZ,Tofino,NDB,359,49.04679870605469,-125.7040023803711,,CYAZ
YBC,Baie-Comeau,VOR-DME,117700,49.13399887084961,-68.22219848632812,71.0,CYBC
YBE,Uranium City,NDB,379,59.55500030517578,-108.51799774169922,,CYBE
YBG,Bagotville,NDB,356,48.33390045166016,-71.1458969116211,521.0,CYBG
YBK,Baker Lake,VOR-DME,114500,64.31809997558594,-96.10469818115234,400.0,CYBK
YBL,Campbell River,NDB,203,50.00640106201172,-125.35700225830078,,CYBL
YBR,Brandon,VORTAC,113800,49.90999984741211,-99.9457015991211,1381.0,CYBR
YBV,Berens River,NDB,370,52.35419845581055,-97.02449798583984,728.0,CYBV
YC,Calgary,NDB,344,51.0807991027832,-113.90899658203124,,CYYC
YCB,Cambridge Bay,VOR-DME,112700,69.1177978515625,-105.1729965209961,90.0,CYCB
YCD,Nanaimo,NDB,251,49.12779998779297,-123.87200164794922,,CYCD
YCF,Campbellford,DME,113500,44.333099365234,-77.702796936035,620.0,
YCO,Coppermine,NDB,372,67.82109832763672,-115.0979995727539,,CYCO
YCS,Chesterfield Inlet,NDB,341,63.33829879760742,-90.7300033569336,,CYCS
YCY,Clyde River,NDB,256,70.48529815673828,-68.52670288085938,255.0,CYCY
YDC,Princeton,VORTAC,113900,49.38169860839844,-120.3740005493164,5329.0,CYDC
YDF,Deer Lake,VOR-DME,113300,49.23249816894531,-57.21329879760742,470.0,CYDF
YDL,Dease Lake,NDB,200,58.45389938354492,-129.99600219726562,,CYDL
YDM,Ross River,NDB,218,61.97330093383789,-132.427001953125,2314.0,CYDM
YDN,Dauphin,VOR-DME,116100,51.10499954223633,-100.052001953125,1022.0,CYDN
YDP,Nain,NDB,247,56.53369903564453,-61.69179916381836,,CYDP
YDR,Broadview,VORTAC,117500,50.36330032348633,-102.54000091552734,2016.0,
YE,Fort Nelson,NDB,382,58.79579925537109,-122.7229995727539,,CYYE
YEA,Empress,VORTAC,115900,50.92639923095703,-109.98899841308594,2436.0,CYEA
YEE,Midland,VOR-DME,112800,44.58169937133789,-79.79309844970703,800.0,CYEE
YEG,Edmonton,VORTAC,117600,53.18560028076172,-113.86699676513672,2557.0,CYEG
YEK,Arviat,NDB,329,61.09920120239258,-94.06890106201172,32.0,CYEK
YEL,Elliot Lake,NDB,276,46.371700286865234,-82.6281967163086,,CYEL
YER,Fort Severn,NDB,334,55.99319839477539,-87.63919830322266,,CYER
YEU,Eureka,NDB,205,79.99079895019531,-85.89830017089844,,CYEU
YEV,Inuvik,VOR-DME,112500,68.30809783935547,-133.54800415039062,264.0,CYEV
YFA,Fort Albany,NDB,216,52.206199645996094,-81.6946029663086,35.0,CYFA
YFB,Frobay,VOR,117400,63.74169921875,-68.47329711914062,15.0,CYFB
YFC,Fredericton,VORTAC,113000,45.895301818847656,-66.41889953613281,52.0,CYFC
YFM,Lg 4,NDB,332,53.71179962158203,-73.7029037475586,,CYAH
YFS,Fort Simpson,VOR-DME,117900,61.77389907836914,-121.29900360107422,574.0,CYFS
YFY,Frobay,NDB,204,63.73329925537109,-68.54810333251953,,CYFB
YG,Charlottetown,NDB,347,46.19229888916016,-63.14820098876953,,CYYG
YGH,Fort Good Hope,VOR-DME,112300,66.23609924316406,-128.6230010986328,303.0,CYGH
YGK,Kingston,NDB,263,44.29669952392578,-76.60559844970703,,CYGK
YGL,La Grande Riviere,VOR-DME,112200,53.6255989074707,-77.71640014648438,624.0,CYGL
YGP,Gaspe,VOR-DME,115400,48.76309967041016,-64.40470123291016,108.0,CYGP
YGQ,Geraldton,VOR-DME,114200,49.769798278808594,-86.9844970703125,1100.0,CYGQ
YGR,Grindstone,VOR-DME,112000,47.430301666259766,-61.77410125732422,63.0,CYGR
YGV,Havre St Pierre,NDB,344,50.26480102539063,-63.66510009765625,,CYGV
YGX,Gillam,NDB,212,56.35329818725586,-94.6999969482422,476.0,CYGX
YHD,Dryden Regional,NDB,413,49.86449813842773,-92.8490982055664,,CYHD
YHK,Gjoa Haven,NDB,236,68.6260986328125,-95.8582992553711,152.0,CYHK
YHR,Chevery,NDB,276,50.46469879150391,-59.6343994140625,39.0,CYHR
YHY,Hay River,VOR-DME,113900,60.83610153198242,-115.8030014038086,573.0,CYHY
YHZ,Halifax,VOR-DME,115100,44.923099517822266,-63.401798248291016,604.0,CYHZ
YIF,St Augustin,NDB,201,51.18889999389648,-58.65190124511719,,CYIF
YIK,Ivujivik,NDB,225,62.413700103759766,-77.9271011352539,139.0,CYIK
YIO,Pond Inlet,NDB,214,72.69309997558594,-77.95079803466797,181.0,CYIO
YIV,Island Lake,NDB,300,53.85390090942383,-94.6532974243164,776.0,CYIV
YJ,Victoria,NDB,200,48.64419937133789,-123.39900207519533,63.0,CYYJ
YJI,Broughton,NDB,237,67.56189727783203,-64.01750183105469,21.0,CYVM
YJN,St-Jean,VORTAC,115800,45.25579833984375,-73.32129669189453,200.0,CYJN
YJQ,Bella Bella,NDB,325,52.18529891967773,-128.11399841308594,,CYJQ
YJT,Stephenville,VORTAC,113100,48.58250045776367,-58.6692008972168,1184.0,CYJT
YK,Brilliant,NDB,269,49.32529830932617,-117.63500213623048,,CYCG
YKA,Kamloops,NDB,223,50.68360137939453,-120.33499908447266,,CYKA
YKG,Kangiqsujuaq,NDB,358,61.5906982421875,-71.92859649658203,511.0,CYKG
YKL,Schefferville,VOR-DME,112700,54.81460189819336,-66.75479888916016,1990.0,CYKL
YKQ,Waskaganish,NDB,351,51.48699951171875,-78.74479675292969,79.0,CYKQ
YKX,Kirkland Lake,NDB,201,48.22700119018555,-79.86979675292969,,CYKX
YL,Lynn Lake,NDB,395,56.8307991027832,-101.06999969482422,,CYYL
YLA,Aupaluk,NDB,248,59.3031005859375,-69.60079956054688,117.0,CYLA
YLD,Chapleau,NDB,335,47.75590133666992,-83.4126968383789,1470.0,CYLD
YLL,Lloydminster,NDB,241,53.3130989074707,-110.08200073242188,2194.0,CYLL
YLQ,La Tuque,NDB,289,47.41609954833984,-72.7863998413086,548.0,CYLQ
YMH,Mary'S Harbour,NDB,250,52.31529998779297,-55.832401275634766,38.0,CYMH
YMJ,Moose Jaw,VORTAC,113400,50.33110046386719,-105.56300354003906,1898.0,CYMJ
YMM,Fort Mcmurray,VOR-DME,112000,56.64720153808594,-111.12200164794922,1205.0,CYMM
YMO,Moosonee,VOR-DME,112900,51.291500091552734,-80.6073989868164,30.0,CYMO
YMS,Mans,VORTAC,114500,44.14310073852539,-80.14620208740234,1682.0,
YMT,Chiboo,DME,112100,49.79940032958984,-74.49559783935547,1277.0,CYMT
YMU,Umiujaq,NDB,230,56.53689956665039,-76.52310180664062,295.0,CYMU
YMW,Maniwaki,NDB,366,46.20750045776367,-75.9563980102539,,CYMW
YMX,Mirabel,VOR-DME,116700,45.888301849365234,-74.37570190429688,1663.0,CYMX
YMY,Ear Falls,NDB,242,50.72079849243164,-93.37889862060548,1269.0,CYMY
YNA,Natash,VOR-DME,113600,50.18370056152344,-61.78110122680664,35.0,CYNA
YNC,Wemindji,NDB,385,53.008399963378906,-78.82430267333984,46.0,CYNC
YNE,Norway House,NDB,207,53.972198486328125,-97.84030151367188,734.0,CYNE
YNY,Enderby,VORTAC,115200,50.67779922485352,-118.93900299072266,6697.0,
YOC,Old Crow,NDB,284,67.57109832763672,-139.8459930419922,824.0,CYOC
YOD,Cold Lake,NDB,398,54.39690017700195,-110.27200317382812,1775.0,CYOD
YOJ,High Level,VOR-DME,113300,58.55440139770508,-117.09300231933594,1129.0,CYOJ
YOW,Ottawa,VOR-DME,114600,45.441699981689,-75.897003173828,450.0,CYOW
YPA,Prince Albert,VOR-DME,113000,53.21670150756836,-105.66699981689452,1433.0,CYPA
YPC,Paulatuk,NDB,276,69.35079956054688,-124.0749969482422,18.0,CYPC
YPE,Peace River,VOR-DME,117200,56.20690155029297,-117.51200103759766,1925.0,CYPE
YPG,Portage,VOR-DME,114600,49.89970016479492,-98.26730346679688,900.0,CYPG
YPK,Pitt Meadows Bc,VOR,112400,49.21670150756836,-122.71499633789062,44.0,CYPK
YPL,Pickle Lake,NDB,382,51.44200134277344,-90.22229766845705,1268.0,CYPL
YPO,Peawanuck,NDB,401,54.9911994934082,-85.44300079345703,171.0,CYPO
YPP,Parent Que,NDB,303,47.88940048217773,-74.67220306396484,,CYPP
YPQ,Peterborough,NDB,379,44.21310043334961,-78.45809936523438,,CYPQ
YPW,Powell River,NDB,382,49.836700439453125,-124.5009994506836,425.0,CYPW
YPX,Puvirnituq,NDB,338,60.04389953613281,-77.27940368652344,76.0,CYPX
YPX,Puvirnituq Que,DME,113500,60.04359817504883,-77.27950286865234,76.0,CYPX
YQB,Quebec,VORTAC,112800,46.705299377441406,-71.62660217285156,270.0,CYQB
YQD,The Pas,VOR-DME,113600,53.97359848022461,-101.0999984741211,911.0,CYQD
YQF,Red Deer,NDB,320,52.128299713134766,-113.89900207519533,,CYQF
YQG,Windsor,VOR-DME,113800,42.24980163574219,-82.82879638671875,620.0,KDET
YQH,Watson Lake,VOR-DME,114900,60.08639907836914,-128.85800170898438,2517.0,CYQH
YQI,Yarmouth,VOR-DME,113300,43.82509994506836,-66.0824966430664,164.0,CYQI
YQK,Kenora,NDB,326,49.79249954223633,-94.42440032958984,,CYQK
YQL,Lethbridge,VOR-DME,115700,49.6343994140625,-112.66799926757812,3109.0,CYQL
YQM,Moncton,VORTAC,117300,46.18899917602539,-64.5707015991211,172.0,CYQM
YQT,Thunder Bay,VORTAC,114100,48.25389862060547,-89.4375991821289,1641.0,CYQT
YQU,Grande Prairie,VOR-DME,113100,55.174198150634766,-119.02999877929688,2515.0,CYQU
YQV,Yorkton,VORTAC,115800,51.264198303222656,-102.46900177001952,1665.0,CYQV
YQX,Gander,VORTAC,112700,48.89970016479492,-54.5349006652832,600.0,CYQX
YQY,Sydney,VORTAC,114900,46.15340042114258,-60.05590057373047,258.0,CYQY
YR,Goose,NDB,257,53.33789825439453,-60.365699768066406,160.0,CYYR
YRB,Resolute Bay,VOR-DME,112100,74.72810363769531,-94.92279815673828,221.0,CYRB
YRC,St.hHnore,NDB,213,48.53609848022461,-71.15840148925781,,CYRC
YRI,Riviere Du Loup,VOR,113900,47.75749969482422,-69.58979797363281,425.0,CYRI
YRL,Red Lake,VOR-DME,114000,51.0713996887207,-93.76190185546876,1280.0,CYRL
YRM,Rocky Mtn House,VOR-DME,114300,52.502201080322266,-115.3239974975586,3544.0,CYRM
YRQ,Trois Rivières,NDB,205,46.36920166015625,-72.66510009765625,198.0,CYRQ
YRR,Greely,NDB,377,45.2682991027832,-75.57360076904297,,CYOW
YRT,Rankin Inlet,VOR-DME,112400,62.81389999389648,-92.11720275878906,140.0,CYRT
YSB,Sudbury,VOR-DME,112300,46.62919998168945,-80.79810333251953,1120.0,CYSB
YSF,Stony Rapids,NDB,287,59.25559997558594,-105.83599853515624,805.0,CYSF
YSJ,Saint John,VOR-DME,113500,45.40719985961914,-65.87079620361328,494.0,CYSJ
YSM,Fort Smith,VOR-DME,112400,60.020301818847656,-111.96900177001952,708.0,CYSM
YSO,Simcoe,VOR-DME,117350,44.23860168457031,-79.17169952392578,932.0,CNF4
YSP,Marathon,VOR-DME,115900,48.74340057373047,-86.32749938964844,1200.0,CYSP
YSR,Nanisivik,NDB,382,72.97470092773438,-84.53309631347656,2129.0,CA-1109
YSY,Sachs Harbour,NDB,321,71.99140167236328,-125.31500244140624,281.0,CYSY
YTA,Pembroke,NDB,409,45.80279922485352,-77.21920013427734,,CYTA
YTE,Cape Dorset,NDB,332,64.22859954833984,-76.5280990600586,164.0,CYTE
YTF,Alma,NDB,253,48.5077018737793,-71.64929962158203,445.0,CYTF
YTH,Thompson,VOR-DME,112900,55.81119918823242,-97.82530212402344,796.0,CYTH
YTJ,Terrace Bay,NDB,250,48.79499816894531,-87.16169738769531,,
YTL,Big Trout Lake,NDB,328,53.81529998779297,-89.91280364990234,777.0,CYTL
YTP,Pearson,VOR-DME,116550,43.67169952392578,-79.66419982910156,580.0,CYYZ
YTQ,Tasiujaq,NDB,212,58.67020034790039,-69.94750213623047,121.0,CYTQ
YTR,Trenton,NDB,215,44.19369888305664,-77.4032974243164,,CYTR
YTS,Timmins,VOR-DME,113000,48.5718994140625,-81.37000274658203,976.0,CYTS
YU,Kapuskasing,DME,109300,49.4119987487793,-82.46489715576172,750.0,CYYU
YUL,Montreal,VOR-DME,116300,45.6150016784668,-73.9717025756836,200.0,CYUL
YUT,Repulse Bay,NDB,335,66.5282974243164,-86.24220275878906,80.0,CYUT
YUX,Hall Beach,VOR-DME,117300,68.7782974243164,-81.2394027709961,53.0,CYUX
YUY,Rouyn,NDB,218,48.17279815673828,-78.9385986328125,,CYUY
YVC,La Ronge,VOR-DME,112300,55.15829849243164,-105.26699829101562,1344.0,CYVC
YVO,Val-d'Or,VOR-DME,113700,48.17530059814453,-77.82029724121094,1112.0,CYVO
YVP,Kujack,VOR-DME,112500,58.09629821777344,-68.42729949951172,150.0,CYVP
YVQ,Norman Wells,VOR-DME,112700,65.26419830322266,-126.7249984741211,257.0,CYVQ
YVR,Vancouver,VORTAC,115900,49.07720184326172,-123.14900207519533,17.0,CYVR
YVV,Wiarton,VORTAC,117700,44.74480056762695,-81.10540008544922,730.0,CYVV
YWA,Petawawa,NDB,516,45.894798278808594,-77.27169799804688,,CYWA
YWG,Winnipeg,VORTAC,115500,49.92779922485352,-97.23919677734376,820.0,CYWG
YWK,Wabush,VOR-DME,112300,52.96009826660156,-66.85350036621094,2267.0,CYWK
YWL,Williams Lake,VORTAC,113600,52.23690032958984,-122.16999816894533,3662.0,CYWL
YWO,Lupin,NDB,205,65.75389862060547,-111.23799896240234,1608.0,
YWP,Webequie,NDB,355,52.96060180664063,-87.36810302734375,674.0,CYWP
YWT,Waterloo,DME,115000,43.458698272705,-80.379302978516,1068.0,CYKF
YXC,Cranbrook,VOR-DME,112100,49.55500030517578,-116.08799743652344,7585.0,CYXC
YXE,Saskatoon,VORTAC,116200,52.18109893798828,-106.72000122070312,1700.0,CYXE
YXI,Killaloe,VOR-DME,115600,45.66310119628906,-77.60279846191406,587.0,
YXJ,Fort St.jJhn,VOR-DME,114200,56.28419876098633,-120.89600372314452,2674.0,CYXJ
YXK,Rimouski,NDB,373,48.47769927978516,-68.50309753417969,82.0,CYXK
YXL,Sioux Lookout,NDB,346,50.11809921264648,-91.8979034423828,1280.0,CYXL
YXN,Whale Cove,NDB,256,62.235801696777344,-92.6010971069336,66.0,CYXN
YXP,Pangnirtung,NDB,218,66.1438980102539,-65.70610046386719,108.0,CYXP
YXQ,Beaver Creek,NDB,239,62.40890121459961,-140.86199951171875,2129.0,CYXQ
YXS,Prince George,VOR-DME,112300,53.89419937133789,-122.45600128173828,4051.0,CYXS
YXU,London,VORTAC,117200,43.03810119628906,-81.14839935302734,910.0,CYXU
YXY,Whitehorse,VOR-DME,116600,60.618900299072266,-135.13900756835938,5285.0,CYXY
YXZ,Wawa,VOR-DME,112700,47.95000076293945,-84.82330322265625,797.0,CYXZ
YY,Mont Joli,NDB,340,48.56669998168945,-68.25859832763672,,CYYY
YYB,North Bay,VOR-DME,115400,46.36389923095703,-79.4364013671875,1220.0,CYYB
YYC,Calgary,VOR-DME,116700,51.1151008606,-113.882003784,3566.0,CYYC
YYD,Houston,VOR-DME,114700,54.45220184326172,-126.6510009765625,4189.0,CAM5
YYE,Fort Nelson,VOR-DME,112900,58.891700744628906,-123.01599884033205,2040.0,CYYE
YYF,Penticton,NDB,290,49.48780059814453,-119.60099792480467,,CYYF
YYG,Charlottetown,VOR-DME,113800,46.29750061035156,-63.11970138549805,212.0,CYYG
YYH,Taloyoak,NDB,290,69.54119873046875,-93.52570343017578,,CYYH
YYJ,Victoria,VOR-DME,113700,48.726898193359375,-123.48400115966795,1968.0,CYYJ
YYL,Lynn Lake,VOR-DME,112600,56.864200592041016,-101.0749969482422,1219.0,CYYL
YYN,Swift Current,VOR-DME,117400,50.29719924926758,-107.69100189208984,2680.0,CYYN
YYQ,Churchill,VOR-DME,114100,58.74169921875,-94.1352996826172,45.0,CYYQ
YYR,Goose,VOR-DME,117300,53.319801330566406,-60.29460144042969,92.0,CYYR
YYT,Torbay,VOR-DME,113500,47.48529815673828,-52.85219955444336,833.0,CYYT
YYW,Armstrong,NDB,223,50.30780029296875,-89.02230072021484,,CYYW
YYY,Mont Joli,VOR-DME,115900,48.612098693847656,-68.20899963378906,190.0,CYYY
YYZ,Toronto,VOR-DME,112150,43.65810012817383,-79.63169860839844,541.0,CYYZ
YZA,Ashcroft,NDB,236,50.701698303222656,-121.3219985961914,,
YZF,Yellowknife,VORTAC,115500,62.46440124511719,-114.43699645996094,712.0,CYZF
YZP,Sandspit,VORTAC,114100,53.252201080322266,-131.8070068359375,30.0,CYZP
YZS,Coral Harbour,NDB,362,64.14859771728516,-83.30470275878906,,CYZS
YZT,Port Hardy,VORTAC,112000,50.684200286865234,-127.36499786376952,39.0,CYZT
YZU,Whitecourt,VOR-DME,112500,54.145599365234375,-115.7969970703125,2604.0,CYZU
YZV,Sept Iles,VOR,114500,50.23210144042969,-66.2739028930664,180.0,CYZV
YZX,Greenwood,NDB,266,44.92290115356445,-65.10189819335938,,CYZX
Z1,Three Hills,NDB,305,51.69720077514648,-113.21700286865234,2975.0,CEN3
Z2,Rainbow Lake,DME,111700,58.494998931884766,-119.41300201416016,1790.0,CYOP
Z5,Vulcan,NDB-DME,274,50.39780044555664,-113.28299713134766,3455.0,CFX6
Z7,Claresholm,NDB,408,50.00279998779297,-113.63700103759766,3325.0,CEJ4
ZAB,Leduc,NDB,215,53.24309921264648,-113.48899841308594,,CYEG
ZCA,Blackfoot,NDB,233,51.03310012817383,-114.02100372314452,,CYYC
ZCH,Beluga,NDB,257,58.66550064086914,-93.9979019165039,,CYYQ
ZDH,Rexdale,NDB,385,43.73789978027344,-79.57150268554688,,CYYZ
ZDV,Valois,NDB,201,45.454200744628906,-73.7739028930664,117.0,CYUL
ZEG,Nisku,NDB,379,53.395301818847656,-113.49500274658205,,CYEG
ZEM,Eastmain,NDB,338,52.2307014465332,-78.5176010131836,21.0,CZEM
ZET,Devon,NDB,292,53.35329818725586,-113.6729965209961,,CYEG
ZF,Yellowknife,NDB,356,62.41059875488281,-114.43399810791016,,CYZF
ZFA,Faro,NDB,378,62.21189880371094,-133.38699340820312,,CZFA
ZHA,Ancaster,NDB,397,43.19729995727539,-80.02870178222656,,CYHM
ZHD,Barclay,NDB,399,49.80110168457031,-92.6448974609375,,CYHD
ZHM,Binbrook,NDB,266,43.14419937133789,-79.79399871826172,,CYHM
ZHT,Forks,NDB,236,49.83390045166016,-97.14420318603516,,CYWG
ZHU,Hauts-Bois,NDB,407,45.56420135498047,-73.3467025756836,,CYHU
ZJT,Harmon,NDB,340,48.58140182495117,-58.38029861450195,,CYJT
ZKF,Wellington,NDB,335,43.49309921264648,-80.28690338134766,,CYKF
ZKI,Kitimat,NDB,203,54.05419921875,-128.6699981689453,,CYXT
ZL,Liard River,NDB,263,59.468299865722656,-126.1439971923828,,
ZLB,Britannia,NDB,236,43.6161994934082,-79.68840026855469,,CYYZ
ZLP,Meadowvale,NDB,341,43.62779998779297,-79.731201171875,,CYYZ
ZMC,Sapray,NDB,201,56.65330123901367,-111.09200286865234,,CYMM
ZMM,Joly,NDB,266,45.68059921264648,-74.1852035522461,,CYMX
ZMN,Lewisville,NDB,366,46.10419845581055,-64.79190063476562,,CYQM
ZMR,Hermas,NDB,272,45.624698638916016,-74.08809661865234,,CYMX
ZMT,Jarry,NDB,284,45.54249954223633,-73.65679931640625,117.0,CYUL
ZMX,Janvier,NDB,317,45.74140167236328,-73.92050170898438,,CYMX
ZPA,Glass,NDB,372,53.21720123291016,-105.54399871826172,,CYPA
ZQG,Laurel,NDB,398,42.243900299072266,-83.04750061035156,,CYQG
ZQM,Riverview,NDB,304,46.03839874267578,-64.783203125,,CYQM
ZQR,Findlay,NDB,204,50.42890167236328,-104.5270004272461,,CYQR
ZQT,Superior,NDB,263,48.39590072631836,-89.2239990234375,,CYQT
ZQY,Bras D Or,NDB,219,46.10649871826172,-60.13090133666992,,CYQY
ZRG,Brophy,NDB,414,50.42890167236328,-104.79100036621094,,CYQR
ZRJ,Round Lake,NDB,236,52.94889831542969,-91.3239974975586,934.0,CZRJ
ZRS,Ajax,NDB,219,50.48529815673828,-104.73600006103516,,CYQR
ZS,Coral Harbour,DME,109700,64.14859771728516,-83.3031005859375,1.0,
ZSB,Noranda,NDB,344,46.68339920043945,-80.74929809570312,,CYSB
ZSJ,Sandy Lake,NDB,258,53.06840133666992,-93.34459686279295,937.0,CZSJ
ZSK,Moonlake,NDB,201,52.09999847412109,-106.66200256347656,,CYXE
ZSM,Gros Cap,NDB,286,46.512298583984375,-84.61489868164062,,CYAM
ZSS,Yellowhead,NDB,397,52.24169921875,-106.74099731445312,,CYXE
ZST,Alpine,NDB,397,45.22790145874024,-65.95800018310547,,CYSJ
ZT,Port Hardy,NDB,242,50.69919967651367,-127.427001953125,,CYZT
ZTH,Headframe,NDB,276,55.83169937133789,-97.76170349121094,,CYTH
ZTO,Woodhill,NDB,403,43.738399505615234,-79.7031021118164,,CYYZ
ZUL,Rockland,NDB,348,45.52389907836914,-73.654296875,117.0,CYUL
ZV,Sept Iles,NDB,273,50.20389938354492,-66.15149688720703,,CYZV
ZVR,Sea Island,NDB,368,49.19139862060547,-123.22000122070312,14.0,CYVR
ZWG,Stoney,NDB,287,49.989200592041016,-97.2197036743164,,CYWG
ZWN,Downs,NDB,201,49.96390151977539,-97.32170104980467,,CYWG
ZWW,Boine,NDB,215,49.83000183105469,-97.25700378417967,,CYWG
ZXD,Blatchford,NDB,201,53.4994010925293,-113.51300048828124,,CA-1110
ZXE,Barnes,NDB,356,52.161399841308594,-106.5739974975586,,CYVR
ZXJ,Taylor,NDB,246,56.18389892578125,-120.6449966430664,,CYXJ
ZXS,Northwood,NDB,260,53.96749877929688,-122.69000244140624,,CYXS
ZXY,Klondike,NDB,353,60.63610076904297,-135.01100158691406,,CYXY
ZYB,Yellek,NDB,404,46.33110046386719,-79.52670288085938,,CYYB
ZYC,Sarcee,NDB,254,51.1963996887207,-114.02100372314452,,CYYC
ZYD,Glace Bay,NDB,201,46.22949981689453,-60.06449890136719,,CYQY
ZYG,Cavendish,NDB,400,46.34980010986328,-63.112098693847656,,CYYG
ZYQ,Polarbear,NDB,356,58.774200439453125,-94.177001953125,,CYYQ
ZYZ,Queensway,NDB,368,43.61949920654297,-79.54779815673828,,CYYZ
ZZD,Calmar,NDB,308,53.255001068115234,-113.66000366210938,,CYEG
ZZR,Severn,NDB,317,44.05279922485352,-77.62670135498047,,CYTR
ZZV,Monoghan,NDB,354,50.21200180053711,-66.3010025024414,,CYZV
ZZZ,Nicklebelt,NDB,203,55.789398193359375,-97.89689636230467,729.0,CYTH
