community_id,name,lat,lon,population,population_source,needs_transport,impact_radius_km,access,road_node_id,exit_capacity_vph,nearest_aerodrome_id,aerodrome_distance_km,geonameid
C001,Edmonton,53.55014,-113.46871,1010899,GeoNames,95944,5.5,road,N01683,9000,CEE6,22.5,5946768
C002,Sherwood Park,53.51684,-113.3187,70618,GeoNames,5413,5.42,road,N02378,9000,CEE6,11.9,6146279
C003,Grande Prairie,55.16667,-118.80271,70385,GeoNames,6117,5.41,road,N02790,9000,CYQU,5.4,5964347
C004,Fort McMurray,56.72676,-111.38103,66573,GeoNames,4101,5.29,road,N03849,8500,CYMM,12.7,5955895
C005,St. Albert,53.63344,-113.63533,57719,GeoNames,5109,4.98,road,N00660,9000,CZVL,14.9,6155033
C006,Spruce Grove,53.53344,-113.91874,38985,GeoNames,2246,4.23,road,N00422,9000,CPL6,9.1,6154383
C007,Lloydminster,53.27237,-110.02256,31582,GeoNames,2247,3.89,road,N01093,6000,CYLL,5.3,6058024
C008,Stony Plain,53.53343,-114.00205,17993,GeoNames,1656,3.13,road,N00128,9000,CSP3,4.4,6157536
C009,Leduc,53.26682,-113.55201,15561,GeoNames,1174,2.97,road,N00816,9000,CYEG,5.1,6051562
C010,Fort Saskatchewan,53.69814,-113.21382,14957,GeoNames,1315,2.93,road,N03451,9000,CFB6,9.0,5955948
C011,Cold Lake,54.46525,-110.18154,11595,GeoNames,667,2.67,road,N03712,4200,CEN5,5.8,5925024
C012,Hinton,53.40009,-117.58567,9889,GeoNames,953,2.53,road,N00083,6400,CEE4,7.9,5975503
C013,Morinville,53.80014,-113.65203,9848,GeoNames,506,2.53,road,N00602,7000,CMN6,7.1,6078636
C014,Whitecourt,54.15015,-115.68548,8763,GeoNames,552,2.43,road,N03977,9000,CYZU,6.6,6180285
C015,Edson,53.58345,-116.43559,7975,GeoNames,522,2.35,road,N02593,6400,CYET,2.0,5946820
C016,Beaumont,53.35013,-113.41871,7366,GeoNames,660,2.29,road,N00878,7000,CFQ7,8.1,5896522
C017,Peace River,56.23715,-117.29176,6842,GeoNames,629,2.24,road,N03044,7000,CYPE,9.7,6100069
C018,Slave Lake,55.28344,-114.76896,6836,GeoNames,405,2.24,road,N01660,4200,CYZH,1.2,6149374
C019,Devon,53.36683,-113.73533,6545,GeoNames,353,2.21,road,N00232,3200,CYEG,12.1,5938801
C020,Bonnyville,54.26684,-110.73505,5975,GeoNames,356,2.14,road,N03651,5600,CYBF,4.2,5905616
C021,St. Paul,53.98347,-111.28507,5728,GeoNames,316,2.12,road,N03611,4200,CEW3,6.2,6157795
C022,Vegreville,53.50015,-112.05182,5708,GeoNames,467,2.11,road,N03567,5600,CEV3,2.3,6173635
C023,Westlock,54.15016,-113.86876,4678,GeoNames,423,1.99,road,N00487,5600,CES4,8.4,6179138
C024,Barrhead,54.13345,-114.40211,4579,GeoNames,485,1.98,road,N00476,5600,CEP3,4.7,5894164
C025,Vermilion,53.35409,-110.85849,4084,GeoNames,427,1.91,road,N01038,9000,CYVG,2.1,6173801
C026,Grande Cache,53.88335,-119.13585,3276,GeoNames,257,1.8,road,N02621,2800,,,5964304
C027,High Level,58.51688,-117.13605,3159,GeoNames,299,1.78,road,N03090,5600,CYOJ,11.7,5975004
C028,Fairview,56.06675,-118.38606,2998,GeoNames,316,1.75,road,N03175,5600,CEB5,3.4,5951036
C029,Athabasca,54.71687,-113.28537,2965,GeoNames,201,1.75,road,N01668,5600,CYWM,5.9,5887916
C030,La Crête,58.18348,-116.40268,2911,GeoNames,232,1.74,road,N03107,800,CFN5,4.0,6039722
C031,High Prairie,55.4334,-116.4858,2878,GeoNames,299,1.73,road,N02600,5600,CZHP,4.5,5975034
C032,Clairmont,55.26668,-118.78601,2799,GeoNames,146,1.72,road,N02890,2800,CYQU,11.5,5922904
C033,Gibbons,53.83345,-113.33531,2790,GeoNames,257,1.72,road,N02379,7000,CMN6,15.0,5960842
C034,Grimshaw,56.18339,-117.6027,2560,GeoNames,252,1.68,road,N03186,7000,CFD5,2.0,5967157
C035,Sexsmith,55.34998,-118.78602,2461,GeoNames,212,1.66,road,N02849,2800,CYQU,19.9,6144602
C036,Fox Creek,54.40007,-116.80238,2457,GeoNames,266,1.66,road,N00101,3200,CED4,3.2,5956869
C037,Lac La Biche,54.7669,-111.96861,2314,GeoNames,211,1.64,road,N03775,4800,CYLB,4.1,6028050
C038,Beaverlodge,55.21664,-119.43605,2271,GeoNames,235,1.63,road,N03979,4400,CEU2,3.7,5896969
C039,Calmar,53.26683,-113.81874,2228,GeoNames,188,1.62,road,N00205,4200,CYEG,16.6,5913601
C040,Tofield,53.36684,-112.66862,1911,GeoNames,200,1.56,road,N00983,4800,CEV7,1.9,6167254
C041,Swan Hills,54.71681,-115.40226,1900,GeoNames,159,1.56,road,N02691,4200,CEM5,5.2,6160291
C042,Valleyview,55.06673,-117.28585,1863,GeoNames,180,1.55,road,N02715,7800,CEL5,3.8,6173220
C043,Lamont,53.76686,-112.80195,1774,GeoNames,105,1.53,road,N03527,8400,CFU3,12.2,6049046
C044,Wabasca-Desmarais,55.96667,-113.85,1594,GeoNames,140,1.49,road,N01681,2400,CEE5,2.0,6174738
C045,Bon Accord,53.83345,-113.41872,1529,GeoNames,104,1.48,road,N02565,2800,CMN6,9.5,5905348
C046,Wembley,55.14995,-119.13602,1516,GeoNames,85,1.48,road,N03132,800,CYQU,16.3,6178038
C047,Elk Point,53.90017,-110.9017,1399,GeoNames,153,1.45,road,N03634,5600,CEJ6,8.5,5947754
C048,Westlake,55.22228,-118.80415,1363,GeoNames,100,1.44,road,N02845,9000,CYQU,7.0,12070751
C049,Manning,56.92166,-117.63117,1359,GeoNames,71,1.44,road,N03071,3400,CFX4,3.3,6065306
C050,Two Hills,53.71031,-111.74595,1352,GeoNames,68,1.44,road,N03541,4200,CEL6,2.8,6171332
C051,Mayerthorpe,53.95015,-115.13547,1320,GeoNames,123,1.43,road,N03955,9000,CEV5,3.2,6068315
C052,Ardrossan,53.55014,-113.13529,1238,GeoNames,79,1.41,road,N03334,2800,CEE6,8.9,5886795
C053,Spirit River,55.78327,-118.83607,1157,GeoNames,109,1.39,road,N03995,4200,CFS5,0.3,6153766
C054,Smoky Lake,54.11687,-112.46863,1063,GeoNames,61,1.37,road,N02385,5600,,,6150293
C055,Falher,55.73339,-117.20262,1001,GeoNames,103,1.35,road,N02968,2800,CFM4,7.3,5951224
C056,Plamondon,54.8502,-112.31864,880,synthetic_estimate,140,1.32,road,N03789,2000,CYLB,20.4,6106147
C057,Kinuso,55.33342,-115.41906,880,synthetic_estimate,134,1.32,road,N02851,800,,,5992692
C058,Hythe,55.32714,-119.55836,854,GeoNames,73,1.31,road,N02941,7000,CEU2,17.4,5979136
C059,Mannville,53.33345,-111.1684,828,GeoNames,44,1.3,road,N01015,9000,CYVG,22.8,6065347
C060,Fort MacKay,57.185,-111.646,820,synthetic_estimate,125,1.3,road,N03928,800,CAL4,14.3,5955889
C061,Wandering River,55.20021,-112.46866,820,synthetic_estimate,110,1.3,road,N03758,800,,,6175823
C062,Fort Chipewyan,58.72224,-111.12053,798,GeoNames,70,1.29,air_only,,0,CYPY,5.0,5955793
C063,Fox Lake,58.46692,-114.51908,780,synthetic_estimate,111,1.29,air_only,,0,CEC3,1.9,5957049
C064,Fort Vermilion,58.39182,-116.00704,753,GeoNames,44,1.28,road,N03989,2000,CEZ4,3.5,5956004
C065,Wedgewood,55.12245,-118.77316,753,GeoNames,68,1.28,road,N03981,1400,CYQU,9.5,12076664
C066,Sandy Lake,55.82154,-113.42671,740,synthetic_estimate,93,1.27,road,N01648,2800,,,6140817
C067,Joussard,55.36681,-115.93573,730,synthetic_estimate,97,1.27,road,N02860,2800,,,5988058
C068,Little Buffalo,56.4375,-116.1075,710,synthetic_estimate,108,1.26,road,N03058,2800,,,6055091
C069,Garden Creek,58.70023,-113.88558,706,GeoNames,53,1.26,road,N00145,800,CFU4,1.6,5959476
C070,Chateh,58.6714,-118.67638,700,GeoNames,67,1.26,road,N03081,1200,,,5920442
C071,McLennan,55.70009,-116.90259,695,GeoNames,55,1.26,road,N02919,2800,CFM4,12.0,6070595
C072,Worsley,56.51673,-119.13616,620,synthetic_estimate,69,1.23,road,N03079,1400,,,6184594
C073,Frog Lake,53.83348,-110.41834,580,synthetic_estimate,99,1.22,road,N03676,2800,CEJ6,24.1,5958445
C074,Berwyn,56.15008,-117.73601,577,GeoNames,49,1.22,road,N03168,2800,CFD5,8.6,5899068
C075,Saprae Creek,56.6515,-111.1426,572,GeoNames,31,1.22,road,N04007,2800,CYMM,4.9,12076677
C076,Cadotte Lake,56.46722,-116.38083,560,synthetic_estimate,90,1.21,road,N02605,2800,,,5913156
C077,Rycroft,55.74997,-118.71946,550,GeoNames,49,1.21,road,N03171,5600,CFS5,8.5,6136875
C078,Paddle Prairie,57.95014,-117.48608,544,GeoNames,32,1.21,road,N03095,2800,,,6095989
C079,Anzac,56.45021,-111.03512,506,GeoNames,30,1.19,road,N04001,1000,,,5886316
C080,Draper,56.6669,-111.25187,500,synthetic_estimate,80,1.19,road,N04005,800,CYMM,2.4,5942519
C081,Rainbow Lake,58.50011,-119.38624,495,GeoNames,53,1.19,road,N03075,2000,CYOP,1.6,6116030
C082,Atikameg,55.93345,-115.65246,480,synthetic_estimate,73,1.18,road,N03984,800,,,5887973
C083,Goodfish Lake,54.30018,-111.83517,470,synthetic_estimate,67,1.18,road,N03560,800,,,5962884
C084,Hondo,55.06686,-114.03547,460,synthetic_estimate,59,1.17,road,N01626,2000,,,5976495
C085,Calling Lake,55.2502,-113.20209,450,synthetic_estimate,74,1.17,road,N01678,2800,CFK4,8.0,5913570
C086,Grassland,54.81689,-112.68529,450,synthetic_estimate,78,1.17,road,N03734,2800,,,5965136
C087,Keg River,57.75013,-117.63609,440,synthetic_estimate,73,1.16,road,N03099,2800,,,5990263
C088,Hines Creek,56.25005,-118.60278,440,synthetic_estimate,60,1.16,road,N03994,4800,CEB5,21.4,5975472
C089,Faust,55.31645,-115.63158,430,synthetic_estimate,63,1.16,road,N02672,2800,,,9408332
C090,Chard,55.83351,-110.9185,430,synthetic_estimate,68,1.16,road,N03799,800,CEP5,13.7,5920047
C091,John D'Or Prairie,58.50022,-115.13578,400,synthetic_estimate,49,1.15,road,N03124,800,CFG5,1.0,5987072
C092,Kikino,54.44417,-112.09389,400,synthetic_estimate,79,1.15,road,N03559,800,,,5991787
C093,Entwistle,53.60014,-115.00213,389,GeoNames,28,1.14,road,N00123,9000,,,5949092
C094,Kehewin Cree Nation,54.08378,-110.83456,370,synthetic_estimate,61,1.13,road,N03640,800,CEJ6,21.6,5990269
C095,Boyle,54.58348,-112.81871,370,synthetic_estimate,57,1.13,road,N03727,5600,CFM7,1.1,5907019
C096,Meander River,59.03348,-117.70282,370,synthetic_estimate,55,1.13,road,N03082,2800,,,6071528
C097,Assumption,58.69944,-118.68722,370,synthetic_estimate,55,1.13,road,N03162,800,,,5887831
C098,Nampa,56.0334,-117.13594,367,GeoNames,26,1.13,road,N02980,4200,CNP6,13.2,6085759
C099,Donnelly,55.72786,-117.10546,342,GeoNames,23,1.12,road,N02958,2800,CFM4,2.2,5941611
C100,Smith,55.16686,-114.03548,300,synthetic_estimate,50,1.1,road,N01631,800,,,6149905
C101,Flatbush,54.70015,-114.15214,290,synthetic_estimate,36,1.1,road,N01624,800,,,5954231
C102,Grouard,55.52028,-116.16111,280,synthetic_estimate,47,1.09,road,N02856,2800,CZHP,24.3,5967457
C103,Girouxville,55.75008,-117.33593,278,GeoNames,20,1.09,road,N02967,2800,CFM4,15.8,5961502
C104,Eaglesham,55.78336,-117.88599,240,synthetic_estimate,33,1.07,road,N02951,2800,,,5944893
C105,St. Isidore,56.2001,-117.10267,236,GeoNames,17,1.07,road,N02984,800,CYPE,21.5,6156847
C106,Driftpile,55.33341,-115.7691,220,synthetic_estimate,31,1.06,road,N03983,2800,,,5942626
C107,La Glace,55.39996,-119.15275,179,GeoNames,16,1.03,road,N02833,4200,,,6047939
C108,Fort Assiniboine,54.33344,-114.76887,176,GeoNames,13,1.03,road,N00173,3400,,,5955783
C109,Radway,54.06686,-112.95199,171,GeoNames,18,1.03,road,N03519,2800,,,6115728
C110,Conklin,55.64555,-111.12716,170,synthetic_estimate,32,1.03,road,N03798,2800,CET2,11.0,5926720
C111,Loon Lake,56.53889,-115.39389,170,synthetic_estimate,30,1.03,road,N03990,800,CEH5,7.3,6060140
C112,Red Earth,56.547,-115.282,160,synthetic_estimate,24,1.02,road,N03121,2800,CEH5,0.4,7838996
C113,Gift Lake,55.8825,-115.8125,150,synthetic_estimate,21,1.01,road,N02859,800,,,5961023
C114,Wabasca,55.98746,-113.91913,150,synthetic_estimate,27,1.01,road,N01680,1000,CEE5,6.9,7838997
