vehicle_id,vehicle_type,seats,base_community_id,base_aerodrome_id,cruise_kmh,min_runway_ft,needs_paved
BUS-EDM-01,bus,56,C001,,,,False
BUS-EDM-02,bus,56,C001,,,,False
BUS-EDM-03,bus,56,C001,,,,False
BUS-EDM-04,bus,56,C001,,,,False
BUS-EDM-05,bus,56,C001,,,,False
BUS-EDM-06,bus,56,C001,,,,False
BUS-EDM-07,bus,56,C001,,,,False
BUS-EDM-08,bus,56,C001,,,,False
BUS-EDM-09,bus,56,C001,,,,False
BUS-EDM-10,bus,56,C001,,,,False
BUS-EDM-11,bus,56,C001,,,,False
BUS-EDM-12,bus,56,C001,,,,False
BUS-EDM-13,bus,56,C001,,,,False
BUS-EDM-14,bus,56,C001,,,,False
BUS-EDM-15,bus,56,C001,,,,False
BUS-EDM-16,bus,56,C001,,,,False
BUS-EDM-17,bus,56,C001,,,,False
BUS-EDM-18,bus,56,C001,,,,False
BUS-EDM-19,bus,56,C001,,,,False
BUS-EDM-20,bus,56,C001,,,,False
BUS-EDM-21,bus,56,C001,,,,False
BUS-EDM-22,bus,56,C001,,,,False
BUS-EDM-23,bus,56,C001,,,,False
BUS-EDM-24,bus,56,C001,,,,False
BUS-EDM-25,bus,56,C001,,,,False
BUS-EDM-26,bus,56,C001,,,,False
BUS-EDM-27,bus,56,C001,,,,False
BUS-EDM-28,bus,56,C001,,,,False
BUS-EDM-29,bus,56,C001,,,,False
BUS-EDM-30,bus,56,C001,,,,False
BUS-EDM-31,bus,56,C001,,,,False
BUS-EDM-32,bus,56,C001,,,,False
BUS-EDM-33,bus,56,C001,,,,False
BUS-EDM-34,bus,56,C001,,,,False
BUS-EDM-35,bus,56,C001,,,,False
BUS-EDM-36,bus,56,C001,,,,False
BUS-EDM-37,bus,56,C001,,,,False
BUS-EDM-38,bus,56,C001,,,,False
BUS-EDM-39,bus,56,C001,,,,False
BUS-EDM-40,bus,56,C001,,,,False
BUS-EDM-41,bus,56,C001,,,,False
BUS-EDM-42,bus,56,C001,,,,False
BUS-EDM-43,bus,56,C001,,,,False
BUS-EDM-44,bus,56,C001,,,,False
BUS-EDM-45,bus,56,C001,,,,False
BUS-EDM-46,bus,56,C001,,,,False
BUS-EDM-47,bus,56,C001,,,,False
BUS-EDM-48,bus,56,C001,,,,False
BUS-EDM-49,bus,56,C001,,,,False
BUS-EDM-50,bus,56,C001,,,,False
BUS-EDM-51,bus,56,C001,,,,False
BUS-EDM-52,bus,56,C001,,,,False
BUS-EDM-53,bus,56,C001,,,,False
BUS-EDM-54,bus,56,C001,,,,False
BUS-EDM-55,bus,56,C001,,,,False
BUS-EDM-56,bus,56,C001,,,,False
BUS-EDM-57,bus,56,C001,,,,False
BUS-EDM-58,bus,56,C001,,,,False
BUS-EDM-59,bus,56,C001,,,,False
BUS-EDM-60,bus,56,C001,,,,False
BUS-EDM-61,bus,56,C001,,,,False
BUS-EDM-62,bus,56,C001,,,,False
BUS-EDM-63,bus,56,C001,,,,False
BUS-EDM-64,bus,56,C001,,,,False
BUS-EDM-65,bus,56,C001,,,,False
BUS-EDM-66,bus,56,C001,,,,False
BUS-EDM-67,bus,56,C001,,,,False
BUS-EDM-68,bus,56,C001,,,,False
BUS-EDM-69,bus,56,C001,,,,False
BUS-EDM-70,bus,56,C001,,,,False
BUS-EDM-71,bus,56,C001,,,,False
BUS-EDM-72,bus,56,C001,,,,False
BUS-EDM-73,bus,56,C001,,,,False
BUS-EDM-74,bus,56,C001,,,,False
BUS-EDM-75,bus,56,C001,,,,False
BUS-EDM-76,bus,56,C001,,,,False
BUS-EDM-77,bus,56,C001,,,,False
BUS-EDM-78,bus,56,C001,,,,False
BUS-EDM-79,bus,56,C001,,,,False
BUS-EDM-80,bus,56,C001,,,,False
BUS-EDM-81,bus,56,C001,,,,False
BUS-EDM-82,bus,56,C001,,,,False
BUS-EDM-83,bus,56,C001,,,,False
BUS-EDM-84,bus,56,C001,,,,False
BUS-EDM-85,bus,56,C001,,,,False
BUS-EDM-86,bus,56,C001,,,,False
BUS-EDM-87,bus,56,C001,,,,False
BUS-EDM-88,bus,56,C001,,,,False
BUS-EDM-89,bus,56,C001,,,,False
BUS-EDM-90,bus,56,C001,,,,False
BUS-GP-01,bus,48,C003,,,,False
BUS-GP-02,bus,48,C003,,,,False
BUS-GP-03,bus,48,C003,,,,False
BUS-GP-04,bus,48,C003,,,,False
BUS-GP-05,bus,48,C003,,,,False
BUS-GP-06,bus,48,C003,,,,False
BUS-GP-07,bus,48,C003,,,,False
BUS-GP-08,bus,48,C003,,,,False
BUS-GP-09,bus,48,C003,,,,False
BUS-GP-10,bus,48,C003,,,,False
BUS-GP-11,bus,48,C003,,,,False
BUS-GP-12,bus,48,C003,,,,False
BUS-GP-13,bus,48,C003,,,,False
BUS-GP-14,bus,48,C003,,,,False
BUS-GP-15,bus,48,C003,,,,False
BUS-GP-16,bus,48,C003,,,,False
BUS-GP-17,bus,48,C003,,,,False
BUS-GP-18,bus,48,C003,,,,False
BUS-GP-19,bus,48,C003,,,,False
BUS-GP-20,bus,48,C003,,,,False
BUS-FMM-01,bus,48,C004,,,,False
BUS-FMM-02,bus,48,C004,,,,False
BUS-FMM-03,bus,48,C004,,,,False
BUS-FMM-04,bus,48,C004,,,,False
BUS-FMM-05,bus,48,C004,,,,False
BUS-FMM-06,bus,48,C004,,,,False
BUS-FMM-07,bus,48,C004,,,,False
BUS-FMM-08,bus,48,C004,,,,False
BUS-FMM-09,bus,48,C004,,,,False
BUS-FMM-10,bus,48,C004,,,,False
BUS-FMM-11,bus,48,C004,,,,False
BUS-FMM-12,bus,48,C004,,,,False
BUS-FMM-13,bus,48,C004,,,,False
BUS-FMM-14,bus,48,C004,,,,False
BUS-FMM-15,bus,48,C004,,,,False
BUS-FMM-16,bus,48,C004,,,,False
BUS-FMM-17,bus,48,C004,,,,False
BUS-FMM-18,bus,48,C004,,,,False
BUS-FMM-19,bus,48,C004,,,,False
BUS-FMM-20,bus,48,C004,,,,False
BUS-FMM-21,bus,48,C004,,,,False
BUS-FMM-22,bus,48,C004,,,,False
BUS-FMM-23,bus,48,C004,,,,False
BUS-FMM-24,bus,48,C004,,,,False
BUS-FMM-25,bus,48,C004,,,,False
BUS-SLK-01,bus,48,C018,,,,False
BUS-SLK-02,bus,48,C018,,,,False
BUS-SLK-03,bus,48,C018,,,,False
BUS-SLK-04,bus,48,C018,,,,False
BUS-SLK-05,bus,48,C018,,,,False
BUS-SLK-06,bus,48,C018,,,,False
BUS-ATH-01,bus,48,C029,,,,False
BUS-ATH-02,bus,48,C029,,,,False
BUS-ATH-03,bus,48,C029,,,,False
BUS-ATH-04,bus,48,C029,,,,False
BUS-ATH-05,bus,48,C029,,,,False
BUS-ATH-06,bus,48,C029,,,,False
BUS-LLB-01,bus,48,C037,,,,False
BUS-LLB-02,bus,48,C037,,,,False
BUS-LLB-03,bus,48,C037,,,,False
BUS-LLB-04,bus,48,C037,,,,False
BUS-LLB-05,bus,48,C037,,,,False
BUS-LLB-06,bus,48,C037,,,,False
BUS-PR-01,bus,48,C017,,,,False
BUS-PR-02,bus,48,C017,,,,False
BUS-PR-03,bus,48,C017,,,,False
BUS-PR-04,bus,48,C017,,,,False
BUS-PR-05,bus,48,C017,,,,False
BUS-PR-06,bus,48,C017,,,,False
BUS-PR-07,bus,48,C017,,,,False
BUS-PR-08,bus,48,C017,,,,False
BUS-HL-01,bus,48,C027,,,,False
BUS-HL-02,bus,48,C027,,,,False
BUS-HL-03,bus,48,C027,,,,False
BUS-HL-04,bus,48,C027,,,,False
BUS-HL-05,bus,48,C027,,,,False
BUS-BON-01,bus,48,C020,,,,False
BUS-BON-02,bus,48,C020,,,,False
BUS-BON-03,bus,48,C020,,,,False
BUS-BON-04,bus,48,C020,,,,False
BUS-BON-05,bus,48,C020,,,,False
BUS-BON-06,bus,48,C020,,,,False
BUS-CL-01,bus,48,C011,,,,False
BUS-CL-02,bus,48,C011,,,,False
BUS-CL-03,bus,48,C011,,,,False
BUS-CL-04,bus,48,C011,,,,False
BUS-CL-05,bus,48,C011,,,,False
BUS-CL-06,bus,48,C011,,,,False
BUS-WC-01,bus,48,C014,,,,False
BUS-WC-02,bus,48,C014,,,,False
BUS-WC-03,bus,48,C014,,,,False
BUS-WC-04,bus,48,C014,,,,False
BUS-WC-05,bus,48,C014,,,,False
BUS-WC-06,bus,48,C014,,,,False
BUS-HP-01,bus,48,C031,,,,False
BUS-HP-02,bus,48,C031,,,,False
BUS-HP-03,bus,48,C031,,,,False
BUS-HP-04,bus,48,C031,,,,False
BUS-WL-01,bus,48,C023,,,,False
BUS-WL-02,bus,48,C023,,,,False
BUS-WL-03,bus,48,C023,,,,False
BUS-WL-04,bus,48,C023,,,,False
BUS-BAR-01,bus,48,C024,,,,False
BUS-BAR-02,bus,48,C024,,,,False
BUS-BAR-03,bus,48,C024,,,,False
BUS-BAR-04,bus,48,C024,,,,False
BUS-LC-01,bus,48,C030,,,,False
BUS-LC-02,bus,48,C030,,,,False
BUS-LC-03,bus,48,C030,,,,False
BUS-LC-04,bus,48,C030,,,,False
BUS-WAB-01,bus,48,C044,,,,False
BUS-WAB-02,bus,48,C044,,,,False
BUS-WAB-03,bus,48,C044,,,,False
BUS-STP-01,bus,48,C021,,,,False
BUS-STP-02,bus,48,C021,,,,False
BUS-STP-03,bus,48,C021,,,,False
BUS-STP-04,bus,48,C021,,,,False
TURBOPROP-01,turboprop_50,50,,CYEG,480.0,4000.0,False
TURBOPROP-02,turboprop_50,50,,CYEG,480.0,4000.0,False
TURBOPROP-03,turboprop_50,50,,CYEG,480.0,4000.0,False
TURBOPROP-04,turboprop_50,50,,CYEG,480.0,4000.0,False
JET-01,jet_120,120,,CYEG,780.0,6000.0,True
JET-02,jet_120,120,,CYEG,780.0,6000.0,True
LIGHT-01,light_twin_18,18,,CYMM,300.0,2500.0,False
LIGHT-02,light_twin_18,18,,CYMM,300.0,2500.0,False
LIGHT-03,light_twin_18,18,,CYMM,300.0,2500.0,False
LIGHT-04,light_twin_18,18,,CYMM,300.0,2500.0,False
HELICOPTER-01,helicopter_12,12,,CYEG,220.0,0.0,False
HELICOPTER-02,helicopter_12,12,,CYEG,220.0,0.0,False
