station_id,date,obs_time,temp_c,rh_pct,wind_speed_kmh,precip_24h_mm,ffmc,dmc,dc,isi,bui,fwi
WX-CEE5,2030-05-04,2030-05-04T19:00:00Z,17.3,25.0,11.0,0.0,91.0,31.6,195.5,8.6,45.0,18.9
WX-CEE5,2030-05-05,2030-05-05T19:00:00Z,19.5,19.0,12.0,0.0,93.1,36.0,201.4,12.2,49.8,25.5
WX-CEE5,2030-05-06,2030-05-06T19:00:00Z,22.2,20.0,15.0,0.0,93.7,40.9,207.8,15.3,54.9,31.3
WX-CEE5,2030-05-07,2030-05-07T19:00:00Z,25.1,20.0,24.0,0.0,94.2,46.5,214.8,25.9,60.3,46.0
WX-CEE5,2030-05-08,2030-05-08T19:00:00Z,14.2,37.0,27.0,0.0,91.3,49.0,219.7,20.1,62.9,40.0
WX-CEE5,2030-05-09,2030-05-09T19:00:00Z,15.6,30.0,19.0,1.0,87.9,52.1,224.9,8.3,66.0,22.4
WX-CEH5,2030-05-04,2030-05-04T19:00:00Z,20.7,16.0,11.0,0.0,93.4,32.8,196.1,12.1,46.3,24.5
WX-CEH5,2030-05-05,2030-05-05T19:00:00Z,23.5,18.0,15.0,0.0,94.3,38.1,202.8,16.8,51.9,32.3
WX-CEH5,2030-05-06,2030-05-06T19:00:00Z,25.6,13.0,18.0,0.0,95.9,44.2,209.8,24.2,57.9,43.3
WX-CEH5,2030-05-07,2030-05-07T19:00:00Z,29.1,13.0,25.0,0.0,96.5,51.2,217.4,37.4,64.4,59.6
WX-CEH5,2030-05-08,2030-05-08T19:00:00Z,17.1,25.0,28.0,0.4,94.1,54.8,222.9,31.3,67.8,54.7
WX-CEH5,2030-05-09,2030-05-09T19:00:00Z,18.4,29.0,17.0,3.4,79.8,45.1,223.3,2.6,59.9,8.7
WX-CEM5,2030-05-04,2030-05-04T19:00:00Z,22.8,15.0,8.0,0.0,93.9,33.3,196.5,11.2,46.8,23.3
WX-CEM5,2030-05-05,2030-05-05T19:00:00Z,24.1,18.0,12.0,0.0,94.5,38.8,203.2,14.7,52.5,29.8
WX-CEM5,2030-05-06,2030-05-06T19:00:00Z,27.3,19.0,16.0,0.0,94.8,44.8,210.6,18.8,58.5,36.9
WX-CEM5,2030-05-07,2030-05-07T19:00:00Z,30.4,14.0,25.0,0.0,96.4,52.0,218.4,36.9,65.2,59.4
WX-CEM5,2030-05-08,2030-05-08T19:00:00Z,18.2,30.0,29.0,0.0,93.3,55.5,224.1,29.4,68.6,52.8
WX-CEM5,2030-05-09,2030-05-09T19:00:00Z,20.1,25.0,16.0,0.6,92.0,59.7,230.1,12.7,72.4,31.6
WX-CET2,2030-05-04,2030-05-04T19:00:00Z,15.9,25.0,10.0,0.0,90.7,31.4,195.3,7.8,44.7,17.6
WX-CET2,2030-05-05,2030-05-05T19:00:00Z,17.9,25.0,15.0,0.0,91.7,35.1,200.9,11.6,48.9,24.4
WX-CET2,2030-05-06,2030-05-06T19:00:00Z,19.8,21.0,19.0,0.0,92.9,39.5,206.9,16.9,53.4,32.9
WX-CET2,2030-05-07,2030-05-07T19:00:00Z,23.9,16.0,28.0,0.0,94.8,45.0,213.6,34.6,58.9,54.7
WX-CET2,2030-05-08,2030-05-08T19:00:00Z,12.3,42.0,36.0,0.6,89.8,47.0,218.2,25.5,61.1,45.8
WX-CET2,2030-05-09,2030-05-09T19:00:00Z,12.7,34.0,25.0,3.4,75.2,38.1,217.6,2.7,53.0,8.3
WX-CFN5,2030-05-04,2030-05-04T19:00:00Z,17.1,26.0,13.0,0.0,90.8,31.5,195.5,9.2,45.0,19.9
WX-CFN5,2030-05-05,2030-05-05T19:00:00Z,19.1,28.0,19.0,0.0,91.3,35.4,201.3,13.5,49.2,27.2
WX-CFN5,2030-05-06,2030-05-06T19:00:00Z,21.3,18.0,23.0,0.0,93.8,40.2,207.6,23.3,54.2,40.9
WX-CFN5,2030-05-07,2030-05-07T19:00:00Z,16.7,37.0,56.0,0.0,91.2,43.2,213.0,85.3,57.3,92.5
WX-CFN5,2030-05-08,2030-05-08T19:00:00Z,14.2,41.0,36.0,0.0,89.9,45.5,217.9,26.0,59.8,45.9
WX-CFN5,2030-05-09,2030-05-09T19:00:00Z,13.9,42.0,26.0,0.0,89.5,47.8,222.8,14.7,62.3,32.4
WX-CFX4,2030-05-04,2030-05-04T19:00:00Z,18.15,25.0,9.5,0.0,91.1,31.8,195.7,8.1,45.2,18.1
WX-CFX4,2030-05-05,2030-05-05T19:00:00Z,21.2,19.0,11.0,0.0,93.4,36.6,201.9,12.0,50.3,25.4
WX-CFX4,2030-05-06,2030-05-06T19:00:00Z,22.6,17.0,14.0,0.0,94.4,41.7,208.4,16.1,55.6,32.6
WX-CFX4,2030-05-07,2030-05-07T19:00:00Z,19.1,34.0,42.0,0.0,92.1,45.2,214.2,48.2,59.2,67.0
WX-CFX4,2030-05-08,2030-05-08T19:00:00Z,15.4,33.0,21.0,0.0,91.5,48.2,219.4,15.3,62.2,33.2
WX-CFX4,2030-05-09,2030-05-09T19:00:00Z,17.1,28.0,19.0,0.0,91.5,51.6,224.9,13.9,65.6,32.0
WX-CYEG,2030-05-04,2030-05-04T19:00:00Z,16.3,26.0,12.0,0.0,90.6,31.4,195.3,8.6,44.8,18.8
WX-CYEG,2030-05-05,2030-05-05T19:00:00Z,19.9,27.0,14.0,0.0,91.6,35.4,201.3,10.9,49.2,23.4
WX-CYEG,2030-05-06,2030-05-06T19:00:00Z,21.4,26.0,18.0,0.0,92.1,39.8,207.6,14.4,53.8,29.7
WX-CYEG,2030-05-07,2030-05-07T19:00:00Z,25.4,15.0,29.0,0.0,95.2,45.7,214.6,38.6,59.7,58.7
WX-CYEG,2030-05-08,2030-05-08T19:00:00Z,14.8,38.0,38.0,0.0,91.3,48.3,219.6,34.9,62.4,56.3
WX-CYEG,2030-05-09,2030-05-09T19:00:00Z,14.1,36.0,24.0,0.0,90.7,50.9,224.6,15.8,65.0,34.7
WX-CYLB,2030-05-04,2030-05-04T19:00:00Z,18.0,25.0,11.0,0.0,91.1,31.8,195.6,8.7,45.2,19.1
WX-CYLB,2030-05-05,2030-05-05T19:00:00Z,20.2,21.0,16.0,0.0,92.9,36.2,201.7,14.4,50.0,28.7
WX-CYLB,2030-05-06,2030-05-06T19:00:00Z,22.4,18.0,18.0,0.0,94.1,41.3,208.1,18.9,55.2,36.1
WX-CYLB,2030-05-07,2030-05-07T19:00:00Z,26.5,16.0,33.0,0.0,95.3,47.4,215.3,47.7,61.1,67.5
WX-CYLB,2030-05-08,2030-05-08T19:00:00Z,15.3,31.0,28.0,0.6,91.9,50.4,220.5,22.9,64.1,43.8
WX-CYLB,2030-05-09,2030-05-09T19:00:00Z,16.8,26.0,24.0,5.0,76.9,36.7,216.2,2.9,51.5,8.6
WX-CYMM,2030-05-04,2030-05-04T19:00:00Z,18.5,26.0,8.0,0.0,90.9,31.8,195.7,7.3,45.2,16.8
WX-CYMM,2030-05-05,2030-05-05T19:00:00Z,21.4,21.0,16.0,0.0,93.0,36.5,202.0,14.8,50.3,29.2
WX-CYMM,2030-05-06,2030-05-06T19:00:00Z,23.1,18.0,19.0,0.0,94.2,41.7,208.6,20.3,55.6,37.9
WX-CYMM,2030-05-07,2030-05-07T19:00:00Z,27.6,19.0,23.0,0.0,94.8,47.8,215.9,26.9,61.6,47.6
WX-CYMM,2030-05-08,2030-05-08T19:00:00Z,16.7,36.0,26.0,0.2,91.8,50.8,221.3,20.6,64.6,41.1
WX-CYMM,2030-05-09,2030-05-09T19:00:00Z,17.0,29.0,19.0,2.6,81.5,45.6,226.8,3.5,60.7,11.2
WX-CYOD,2030-05-04,2030-05-04T19:00:00Z,19.7,18.0,9.0,0.0,92.7,32.5,195.9,9.9,45.9,21.2
WX-CYOD,2030-05-05,2030-05-05T19:00:00Z,22.7,15.0,11.0,0.0,94.7,37.8,202.4,14.6,51.6,29.3
WX-CYOD,2030-05-06,2030-05-06T19:00:00Z,24.0,14.0,18.0,0.0,95.5,43.5,209.2,22.8,57.2,41.5
WX-CYOD,2030-05-07,2030-05-07T19:00:00Z,28.0,13.0,23.0,0.0,96.3,50.2,216.6,33.0,63.5,54.9
WX-CYOD,2030-05-08,2030-05-08T19:00:00Z,16.6,23.0,28.0,0.6,93.5,53.8,222.0,28.8,67.0,51.6
WX-CYOD,2030-05-09,2030-05-09T19:00:00Z,18.4,22.0,16.0,3.6,80.6,43.9,221.9,2.7,58.7,8.8
WX-CYOJ,2030-05-04,2030-05-04T19:00:00Z,17.9,24.0,15.0,0.0,91.3,31.8,195.6,11.0,45.2,22.7
WX-CYOJ,2030-05-05,2030-05-05T19:00:00Z,21.1,18.0,15.0,0.0,93.7,36.6,201.8,15.3,50.4,30.0
WX-CYOJ,2030-05-06,2030-05-06T19:00:00Z,22.6,18.0,19.0,0.0,94.2,41.7,208.3,20.3,55.6,37.9
WX-CYOJ,2030-05-07,2030-05-07T19:00:00Z,18.7,35.0,48.0,0.0,91.9,45.1,214.1,62.7,59.1,78.3
WX-CYOJ,2030-05-08,2030-05-08T19:00:00Z,15.7,37.0,31.0,0.0,90.8,47.9,219.3,23.0,62.0,43.3
WX-CYOJ,2030-05-09,2030-05-09T19:00:00Z,16.6,30.0,27.0,0.0,90.9,51.1,224.7,19.0,65.2,39.1
WX-CYPE,2030-05-04,2030-05-04T19:00:00Z,19.2,26.0,9.0,0.0,91.1,32.0,195.9,7.9,45.4,17.8
WX-CYPE,2030-05-05,2030-05-05T19:00:00Z,21.0,18.0,12.0,0.0,93.6,36.7,202.0,13.0,50.5,26.9
WX-CYPE,2030-05-06,2030-05-06T19:00:00Z,23.3,18.0,15.0,0.0,94.3,42.0,208.6,16.8,55.9,33.5
WX-CYPE,2030-05-07,2030-05-07T19:00:00Z,26.0,18.0,29.0,0.0,94.8,47.8,215.7,36.3,61.6,57.4
WX-CYPE,2030-05-08,2030-05-08T19:00:00Z,16.2,36.0,22.0,0.0,91.9,50.8,221.0,16.9,64.5,36.1
WX-CYPE,2030-05-09,2030-05-09T19:00:00Z,17.3,31.0,17.0,0.0,91.9,54.1,226.6,13.2,67.8,31.4
WX-CYPY,2030-05-04,2030-05-04T19:00:00Z,17.5,23.0,11.0,0.0,91.4,31.8,195.6,9.1,45.2,19.7
WX-CYPY,2030-05-05,2030-05-05T19:00:00Z,20.0,26.0,15.0,0.0,91.9,35.9,201.6,12.0,49.7,25.1
WX-CYPY,2030-05-06,2030-05-06T19:00:00Z,22.4,20.0,19.0,0.0,93.5,40.8,208.0,18.5,54.8,35.4
WX-CYPY,2030-05-07,2030-05-07T19:00:00Z,26.6,10.0,26.0,0.0,96.8,47.4,215.2,40.7,61.1,61.4
WX-CYPY,2030-05-08,2030-05-08T19:00:00Z,15.3,30.0,29.0,0.0,93.2,50.4,220.3,28.9,64.1,50.7
WX-CYPY,2030-05-09,2030-05-09T19:00:00Z,15.8,30.0,21.0,1.0,88.4,53.5,225.6,9.8,67.2,25.5
WX-CYQU,2030-05-04,2030-05-04T19:00:00Z,18.7,24.0,12.0,0.0,91.4,32.0,195.8,9.6,45.4,20.6
WX-CYQU,2030-05-05,2030-05-05T19:00:00Z,21.5,21.0,15.0,0.0,93.1,36.7,202.0,14.2,50.4,28.5
WX-CYQU,2030-05-06,2030-05-06T19:00:00Z,23.8,17.0,18.0,0.0,94.6,42.1,208.7,20.2,56.0,37.9
WX-CYQU,2030-05-07,2030-05-07T19:00:00Z,25.8,16.0,37.0,0.0,95.3,48.1,215.8,57.8,61.7,76.0
WX-CYQU,2030-05-08,2030-05-08T19:00:00Z,16.3,34.0,38.0,0.4,92.1,51.1,221.1,39.0,64.8,61.3
WX-CYQU,2030-05-09,2030-05-09T19:00:00Z,17.6,26.0,22.0,3.0,81.8,44.1,222.5,4.2,58.9,12.7
WX-CYWM,2030-05-04,2030-05-04T19:00:00Z,18.4,27.0,10.0,0.0,90.8,31.7,195.7,7.9,45.2,17.8
WX-CYWM,2030-05-05,2030-05-05T19:00:00Z,20.7,26.0,11.0,0.0,91.9,36.0,201.8,9.8,49.8,21.8
WX-CYWM,2030-05-06,2030-05-06T19:00:00Z,22.7,25.0,17.0,0.0,92.6,40.7,208.3,14.6,54.7,30.1
WX-CYWM,2030-05-07,2030-05-07T19:00:00Z,26.9,19.0,27.0,0.0,94.6,46.7,215.6,31.9,60.6,52.6
WX-CYWM,2030-05-08,2030-05-08T19:00:00Z,16.8,43.0,27.0,0.4,90.7,49.4,221.0,18.4,63.3,37.8
WX-CYWM,2030-05-09,2030-05-09T19:00:00Z,17.2,34.0,17.0,3.4,77.2,40.6,221.2,2.1,55.7,6.8
WX-CYZH,2030-05-04,2030-05-04T19:00:00Z,19.7,17.0,11.0,0.0,93.0,32.5,195.9,11.4,46.0,23.4
WX-CYZH,2030-05-05,2030-05-05T19:00:00Z,22.8,17.0,15.0,0.0,94.4,37.8,202.5,16.9,51.5,32.4
WX-CYZH,2030-05-06,2030-05-06T19:00:00Z,24.9,14.0,15.0,0.0,95.5,43.7,209.3,19.8,57.4,37.9
WX-CYZH,2030-05-07,2030-05-07T19:00:00Z,28.7,15.0,24.0,0.0,96.0,50.3,216.9,33.1,63.7,55.0
WX-CYZH,2030-05-08,2030-05-08T19:00:00Z,17.2,30.0,32.0,0.0,93.0,53.7,222.4,33.1,67.0,56.3
WX-CYZH,2030-05-09,2030-05-09T19:00:00Z,18.1,28.0,19.0,2.0,84.9,52.0,228.1,5.4,66.3,16.5
WX-CYZU,2030-05-04,2030-05-04T19:00:00Z,22.3,18.0,10.0,0.0,93.3,33.1,196.4,11.3,46.5,23.3
WX-CYZU,2030-05-05,2030-05-05T19:00:00Z,24.1,17.0,15.0,0.0,94.6,38.6,203.2,17.5,52.3,33.4
WX-CYZU,2030-05-06,2030-05-06T19:00:00Z,25.8,12.0,13.0,0.0,96.2,44.8,210.2,19.5,58.4,37.8
WX-CYZU,2030-05-07,2030-05-07T19:00:00Z,30.1,11.0,24.0,0.0,97.1,52.1,218.0,38.7,65.2,61.2
WX-CYZU,2030-05-08,2030-05-08T19:00:00Z,19.1,24.0,28.0,0.0,94.6,56.1,223.9,33.6,69.0,57.6
WX-CYZU,2030-05-09,2030-05-09T19:00:00Z,20.1,20.0,24.0,0.6,93.2,60.6,229.9,22.6,73.1,46.2
WX-CZHP,2030-05-04,2030-05-04T19:00:00Z,18.8,22.0,14.0,0.0,91.9,32.1,195.8,11.3,45.5,23.2
WX-CZHP,2030-05-05,2030-05-05T19:00:00Z,21.6,22.0,14.0,0.0,93.0,36.7,202.1,13.2,50.5,27.2
WX-CZHP,2030-05-06,2030-05-06T19:00:00Z,23.4,20.0,19.0,0.0,93.8,41.9,208.7,19.2,55.8,36.6
WX-CZHP,2030-05-07,2030-05-07T19:00:00Z,27.9,19.0,23.0,0.0,94.8,48.1,216.1,26.9,61.8,47.7
WX-CZHP,2030-05-08,2030-05-08T19:00:00Z,16.3,36.0,32.0,0.6,91.1,51.0,221.5,25.1,64.8,46.6
WX-CZHP,2030-05-09,2030-05-09T19:00:00Z,16.6,30.0,23.0,3.6,78.5,41.2,221.0,3.1,56.2,9.7
